Player,Yrs,From,To,G,MP,FG,FGA,3P,3PA,FT,FTA,ORB,TRB,AST,STL,BLK,TOV,PF,PTS,FG%,3P%,FT%,MP,PTS,TRB,AST,STL,BLK,Date,City,State,Country,League,Season
Michael Ansley,3,1990,1992,149,2143,383,746,0,0,260,360,311,621,67,51,24,85,284,1026,.513,,.722,14.4,6.9,4.2,0.4,0.3,0.2,"Feb 8, 1967",Birmingham,Alabama ,US,NBA,1989-90
Keith Askins,9,1991,1999,486,7983,677,1688,275,774,223,311,525,1428,375,278,170,321,1094,1852,.401,.355,.717,16.4,3.8,2.9,0.8,0.6,0.3,"Dec 15, 1967",Athens,Alabama ,US,NBA,1990-91
Carl Bailey,1,1982,1982,1,7,1,1,0,0,0,0,0,0,0,0,0,2,2,2,1.000,,,7.0,2.0,0.0,0.0,0.0,0.0,"Apr 23, 1958",Birmingham,Alabama ,US,NBA,1981-82
Charles Barkley*,16,1985,2000,1073,39330,8435,15605,538,2020,6349,8643,4260,12546,4215,1648,888,3376,3287,23757,.541,.266,.735,36.7,22.1,11.7,3.9,1.5,0.8,"Feb 20, 1963",Leeds,Alabama ,US,NBA,1984-85
Eric Bledsoe,12,2011,2022,756,21021,3689,8169,854,2545,2116,2698,570,2937,3545,1028,344,1888,1493,10348,.452,.336,.784,27.8,13.7,3.9,4.7,1.4,0.5,"Dec 9, 1989",Birmingham,Alabama ,US,NBA,2010-11
Tom Boswell,6,1976,1984,366,7046,1096,2058,6,11,623,860,676,1709,591,142,111,474,1102,2821,.533,,.724,19.3,7.7,4.7,1.6,0.4,0.3,"Oct 2, 1953",Montgomery,Alabama ,US,NBA,1975-76
Kobe Brown,2,2024,2025,68,581,63,144,18,67,5,7,35,110,41,16,8,16,65,149,.438,.269,.714,8.5,2.2,1.6,0.6,0.2,0.1,"Jan 1, 2000",Huntsville,Alabama ,US,NBA,2023-24
David Bustion,1,1973,1973,47,355,58,133,0,0,42,59,39,101,21,,,54,82,158,.436,,.712,7.6,3.4,2.1,0.4,,,"Aug 30, 1949",Gadsden,Alabama ,US,NBA,1972-73
Al Butler,4,1962,1965,234,5055,930,2119,,,422,571,,696,530,,,,493,2282,.439,,.739,21.6,9.8,3.0,2.3,,,"Jul 9, 1938",Birmingham,Alabama ,US,NBA,1961-62
Jason Caffey,8,1996,2003,462,9045,1276,2652,0,8,816,1282,841,2022,420,209,110,647,1148,3368,.481,.000,.637,19.6,7.3,4.4,0.9,0.5,0.2,"Jun 12, 1973",Mobile,Alabama ,US,NBA,1995-96
DeMarre Carroll,11,2010,2020,578,13675,1806,4204,658,1839,880,1188,655,2454,726,524,151,498,1127,5150,.430,.358,.741,23.7,8.9,4.2,1.3,0.9,0.3,"Jul 27, 1986",Birmingham,Alabama ,US,NBA,2009-10
Bobby Cattage,2,1982,1986,78,522,88,218,1,7,65,85,37,107,11,13,0,31,81,242,.404,.143,.765,6.7,3.1,1.4,0.1,0.2,0.0,"Aug 17, 1958",Huntsville,Alabama ,US,NBA,1981-82
Derrick Coleman,15,1991,2005,781,25903,4616,10335,326,1105,3326,4326,2079,7232,1985,606,1051,2036,2062,12884,.447,.295,.769,33.2,16.5,9.3,2.5,0.8,1.3,"Jun 21, 1967",Mobile,Alabama ,US,NBA,1990-91
DeMarcus Cousins,11,2011,2022,654,19509,4562,9924,426,1288,3252,4411,1692,6664,1979,874,742,2149,2421,12802,.460,.331,.737,29.8,19.6,10.2,3.0,1.3,1.1,"Aug 13, 1990",Mobile,Alabama ,US,NBA,2010-11
Michael Curry,11,1994,2005,667,13208,1094,2448,79,265,719,872,198,1045,804,333,66,459,1523,2986,.447,.298,.825,19.8,4.5,1.6,1.2,0.5,0.1,"Aug 22, 1968",Anniston,Alabama ,US,NBA,1993-94
JD Davison,3,2023,2025,25,129,15,36,6,17,5,8,4,21,22,4,3,12,10,41,.417,.353,.625,5.2,1.6,0.8,0.9,0.2,0.1,"Oct 3, 2002",Montgomery,Alabama ,US,NBA,2022-23
Fennis Dembo,1,1989,1989,31,74,14,42,0,4,8,10,8,23,5,1,0,7,15,36,.333,.000,.800,2.4,1.2,0.7,0.2,0.0,0.0,"Jan 24, 1966",Mobile,Alabama ,US,NBA,1988-89
John Douglas,2,1982,1983,67,1043,182,395,19,61,69,104,27,91,147,48,9,92,147,452,.461,.311,.663,15.6,6.7,1.4,2.2,0.7,0.1,"Jun 12, 1956",Town Creek,Alabama ,US,NBA,1981-82
Leon Douglas,7,1977,1983,456,10111,1386,2798,0,4,815,1355,1045,2954,479,210,325,660,1631,3587,.495,,.601,22.2,7.9,6.5,1.1,0.5,0.7,"Aug 26, 1954",Leighton,Alabama ,US,NBA,1976-77
John Drew,11,1975,1985,739,21828,5481,11658,10,57,4319,5774,2158,5088,1224,1004,193,1402,2641,15291,.470,,.748,29.5,20.7,6.9,1.7,1.4,0.3,"Sep 30, 1954",Vredenburgh,Alabama ,US,NBA,1974-75
Player,Yrs,0,To,G,MP,FG,FGA,3P,3PA,FT,FTA,ORB,TRB,AST,STL,BLK,TOV,PF,PTS,FG%,3P%,FT%,MP,PTS,TRB,AST,STL,BLK,Date,City,Alabama ,US,NBA,-1-
T.R. Dunn,14,1978,1991,993,23080,2030,4443,1,20,972,1341,1729,4371,1631,1316,252,815,2072,5033,.457,,.725,23.2,5.1,4.4,1.6,1.3,0.3,"Feb 1, 1955",Birmingham,Alabama ,US,NBA,1977-78
Jim Farmer,5,1988,1994,136,1454,275,643,22,78,143,196,77,186,111,42,4,118,164,715,.428,.282,.730,10.7,5.3,1.4,0.8,0.3,0.0,"Sep 23, 1964",Dothan,Alabama ,US,NBA,1987-88
Trent Forrest,4,2021,2024,151,1758,167,376,12,65,72,87,50,231,281,57,15,104,107,418,.444,.185,.828,11.6,2.8,1.5,1.9,0.4,0.1,"Jun 12, 1998",Dothan,Alabama ,US,NBA,2020-21
Rod Foster,3,1984,1986,207,3446,631,1434,72,242,228,297,75,258,479,137,10,286,441,1562,.440,.298,.768,16.6,7.5,1.2,2.3,0.7,0.0,"Oct 10, 1960",Birmingham,Alabama ,US,NBA,1983-84
Mickell Gladness,1,2012,2012,26,252,25,59,0,0,6,12,14,58,5,4,20,7,32,56,.424,,.500,9.7,2.2,2.2,0.2,0.2,0.8,"Jul 26, 1986",Birmingham,Alabama ,US,NBA,2011-12
Orlando Graham,1,1989,1989,7,22,3,10,0,0,2,4,8,11,0,0,0,2,6,8,.300,,.500,3.1,1.1,1.6,0.0,0.0,0.0,"May 5, 1965",Montgomery,Alabama ,US,NBA,1988-89
Travis Grant,4,1973,1976,201,4309,1183,2257,2,6,399,492,284,819,211,106,51,261,396,2767,.524,,.811,21.4,13.8,4.1,1.0,0.6,0.3,"Jan 1, 1950",Clayton,Alabama ,US,NBA,1972-73
Wyndol Gray,2,1947,1948,67,,145,513,,,73,128,,,50,,,,121,363,.283,,.570,,5.4,,0.7,,,"Mar 20, 1922",Hanceville,Alabama ,US,NBA,1946-47
JaMychal Green,9,2015,2023,544,10933,1579,3311,430,1170,620,791,891,2986,496,298,226,570,1389,4208,.477,.368,.784,20.1,7.7,5.5,0.9,0.5,0.4,"Jun 21, 1990",Montgomery,Alabama ,US,NBA,2014-15
Lamar Green,6,1970,1975,411,7304,893,2078,0,0,347,526,199,2550,310,49,68,60,1041,2133,.430,,.660,17.8,5.2,6.2,0.8,0.4,0.5,"Mar 22, 1947",Birmingham,Alabama ,US,NBA,1969-70
Donta Hall,2,2020,2021,22,312,40,57,0,0,32,52,38,100,15,8,16,13,41,112,.702,,.615,14.2,5.1,4.5,0.7,0.4,0.7,"Aug 7, 1997",Luverne,Alabama ,US,NBA,2019-20
Darrin Hancock,3,1995,1997,133,1395,196,370,2,6,73,126,58,169,89,56,10,97,157,467,.530,.333,.579,10.5,3.5,1.3,0.7,0.4,0.1,"Nov 3, 1971",Birmingham,Alabama ,US,NBA,1994-95
Cecil Hankins,2,1947,1948,80,,140,507,,,114,185,,,22,,,,77,394,.276,,.616,,4.9,,0.3,,,"Jan 6, 1922",Covin,Alabama ,US,NBA,1946-47
James Hardy,4,1979,1982,249,5379,611,1269,1,3,187,267,437,1312,315,178,235,299,590,1410,.481,,.700,21.6,5.7,5.3,1.3,0.7,0.9,"Dec 1, 1956",Knoxville,Alabama ,US,NBA,1978-79
Johnny High,4,1980,1984,274,4538,508,1168,4,38,376,607,219,617,525,325,86,455,712,1396,.435,.105,.619,16.6,5.1,2.3,1.9,1.2,0.3,"Apr 25, 1957",Birmingham,Alabama ,US,NBA,1979-80
Cedrick Hordges,2,1981,1982,145,2971,425,894,3,16,246,385,239,853,169,59,38,231,456,1099,.475,.188,.639,20.5,7.6,5.9,1.2,0.4,0.3,"Jan 8, 1957",Montgomery,Alabama ,US,NBA,1980-81
Robert Horry,16,1993,2008,1107,27069,2820,6643,795,2329,1280,1762,1644,5269,2343,1158,1035,1378,2680,7715,.425,.341,.726,24.5,7.0,4.8,2.1,1.0,0.9,"Aug 25, 1970",Andalusia,Alabama ,US,NBA,1992-93
Elvin Ivory,1,1969,1969,20,188,38,87,1,4,11,17,34,66,9,,,14,38,88,.437,.250,.647,9.4,4.4,3.3,0.5,,,"Jul 2, 1948",Birmingham,Alabama ,US,NBA,1968-69
Stanley Jackson,1,1994,1994,17,92,17,33,1,5,3,3,12,27,16,5,0,10,13,38,.515,.200,1.000,5.4,2.2,1.6,0.9,0.3,0.0,"Oct 10, 1970",Tuskegee,Alabama ,US,NBA,1993-94
Henry James,7,1991,1998,212,2703,472,1139,152,402,196,242,106,318,87,48,18,134,306,1292,.414,.378,.810,12.8,6.1,1.5,0.4,0.2,0.1,"Jul 29, 1965",Centreville,Alabama ,US,NBA,1990-91
Player,Yrs,0,To,G,MP,FG,FGA,3P,3PA,FT,FTA,ORB,TRB,AST,STL,BLK,TOV,PF,PTS,FG%,3P%,FT%,MP,PTS,TRB,AST,STL,BLK,Date,City,Alabama ,US,NBA,-1-
Trey Jemison,2,2024,2025,50,816,102,188,0,0,30,50,93,201,39,20,39,48,114,234,.543,,.600,16.3,4.7,4.0,0.8,0.4,0.8,"Nov 28, 1999",Birmingham,Alabama ,US,NBA,2023-24
Buck Johnson,7,1987,1993,505,11849,1922,3942,7,62,766,1038,623,1760,856,404,252,664,1403,4617,.488,.113,.738,23.5,9.1,3.5,1.7,0.8,0.5,"Jan 3, 1964",Birmingham,Alabama ,US,NBA,1986-87
Ken Johnson,1,1986,1986,64,815,113,214,0,0,37,85,90,243,19,13,22,59,147,263,.528,,.435,12.7,4.1,3.8,0.3,0.2,0.3,"Nov 7, 1962",Tuskegee,Alabama ,US,NBA,1985-86
Nate Johnston,1,1990,1990,21,87,18,48,1,4,9,13,13,23,1,3,8,6,11,46,.375,.250,.692,4.1,2.2,1.1,0.0,0.1,0.4,"Dec 18, 1966",Birmingham,Alabama ,US,NBA,1989-90
Colby Jones,2,2024,2025,54,322,39,97,6,32,6,11,25,63,27,13,12,17,42,90,.402,.188,.545,6.0,1.7,1.2,0.5,0.2,0.2,"May 28, 2002",Birmingham,Alabama ,US,NBA,2023-24
Edgar Jones,6,1981,1986,363,6960,1207,2384,16,61,827,1164,562,1745,331,220,455,563,1164,3257,.506,.262,.710,19.2,9.0,4.8,0.9,0.6,1.3,"Jun 17, 1956",Fort Rucker,Alabama ,US,NBA,1980-81
Herbert Jones,4,2022,2025,240,7255,877,1837,249,681,430,522,291,915,593,375,173,316,736,2433,.477,.366,.824,30.2,10.1,3.8,2.5,1.6,0.7,"Oct 6, 1998",Tuscaloosa,Alabama ,US,NBA,2021-22
Walter Jordan,1,1981,1981,30,207,29,75,0,0,10,17,23,42,11,11,5,17,35,68,.387,,.588,6.9,2.3,1.4,0.4,0.4,0.2,"Feb 19, 1956",Perry,Alabama ,US,NBA,1980-81
Larry Kenon,10,1974,1983,752,24510,5476,11238,2,14,2000,2550,2303,6701,1672,952,247,1800,1723,12954,.487,,.784,32.6,17.2,8.9,2.2,1.3,0.3,"Dec 13, 1952",Birmingham,Alabama ,US,NBA,1973-74
Warren Kidd,1,1994,1994,68,884,100,169,0,0,47,86,76,233,19,19,23,44,129,247,.592,,.547,13.0,3.6,3.4,0.3,0.3,0.3,"Sep 9, 1970",Harpersville,Alabama ,US,NBA,1993-94
Stan Kimbrough,2,1990,1993,13,65,9,22,1,2,2,2,4,7,6,5,0,4,5,21,.409,.500,1.000,5.0,1.6,0.5,0.5,0.4,0.0,"Apr 24, 1966",Tuscaloosa,Alabama ,US,NBA,1989-90
Reggie King,6,1980,1985,438,11345,1512,2940,0,3,874,1251,850,2707,691,365,147,653,1005,3898,.514,.000,.699,25.9,8.9,6.2,1.6,0.8,0.3,"Feb 14, 1957",Birmingham,Alabama ,US,NBA,1979-80
Antonio Lang,6,1995,2000,143,1395,121,266,0,8,87,121,80,210,50,55,46,89,207,329,.455,.000,.719,9.8,2.3,1.5,0.3,0.4,0.3,"May 15, 1972",Mobile,Alabama ,US,NBA,1994-95
James Lang,1,2007,2007,11,55,4,9,0,0,3,5,5,11,2,0,3,2,14,11,.444,,.600,5.0,1.0,1.0,0.2,0.0,0.3,"Oct 17, 1983",Mobile,Alabama ,US,NBA,2006-07
Kira Lewis Jr.,4,2021,2024,131,1745,263,663,72,245,89,105,35,169,233,68,15,84,142,687,.397,.294,.848,13.3,5.2,1.3,1.8,0.5,0.1,"Apr 6, 2001",Meridianville,Alabama ,US,NBA,2020-21
Josh Magette,2,2018,2020,26,254,20,61,9,26,9,10,3,25,62,11,2,14,20,58,.328,.346,.900,9.8,2.2,1.0,2.4,0.4,0.1,"Nov 28, 1989",Birmingham,Alabama ,US,NBA,2017-18
Jeff Malone,13,1984,1996,905,29660,7099,14674,86,321,2947,3383,572,2364,2154,577,100,1538,1695,17231,.484,.268,.871,32.8,19.0,2.6,2.4,0.6,0.1,"Jun 28, 1961",Mobile,Alabama ,US,NBA,1983-84
Keith McCord,1,1981,1981,2,9,2,4,0,0,0,0,1,2,1,0,0,2,0,4,.500,,,4.5,2.0,1.0,0.5,0.0,0.0,"Jun 22, 1957",Birmingham,Alabama ,US,NBA,1980-81
K.J. McDaniels,3,2015,2017,148,2092,278,675,70,241,156,201,96,324,95,70,94,151,205,782,.412,.290,.776,14.1,5.3,2.2,0.6,0.5,0.6,"Feb 9, 1993",Mobile,Alabama ,US,NBA,2014-15
George McGinnis*,11,1972,1982,842,28179,6381,13940,83,304,4164,6267,3143,9233,3089,1448,332,2763,3220,17009,.458,,.664,33.5,20.2,11.0,3.7,1.9,0.5,"Aug 12, 1950",Harpersville,Alabama ,US,NBA,1971-72
Player,Yrs,0,To,G,MP,FG,FGA,3P,3PA,FT,FTA,ORB,TRB,AST,STL,BLK,TOV,PF,PTS,FG%,3P%,FT%,MP,PTS,TRB,AST,STL,BLK,Date,City,Alabama ,US,NBA,-1-
Thales McReynolds,1,1966,1966,5,28,1,12,,,1,2,,6,1,,,,0,3,.083,,.500,5.6,0.6,1.2,0.2,,,"Jun 8, 1943",Birmingham,Alabama ,US,NBA,1965-66
Joe Meriweather,10,1976,1985,670,14807,2170,4244,1,3,1098,1598,1285,3764,603,311,810,737,2253,5439,.511,,.687,22.1,8.1,5.6,0.9,0.5,1.2,"Oct 26, 1953",Phenix City,Alabama ,US,NBA,1975-76
Larry Moffett,1,1978,1978,20,110,5,17,,,6,10,10,21,7,2,2,8,16,16,.294,,.600,5.5,0.8,1.1,0.4,0.1,0.1,"Nov 5, 1954",Mobile,Alabama ,US,NBA,1977-78
Jamario Moon,5,2008,2012,286,6451,723,1568,177,538,184,229,201,1227,291,229,236,147,424,1807,.461,.329,.803,22.6,6.3,4.3,1.0,0.8,0.8,"Jun 13, 1980",Goodwater,Alabama ,US,NBA,2007-08
Xavier Moon,3,2022,2024,28,276,43,106,8,34,4,7,10,35,50,10,6,12,19,98,.406,.235,.571,9.9,3.5,1.3,1.8,0.4,0.2,"Jan 2, 1995",Goodwater,Alabama ,US,NBA,2021-22
Allen Murphy,2,1976,1977,31,266,44,119,0,1,30,44,27,51,13,10,8,27,57,118,.370,,.682,8.6,3.8,1.6,0.4,0.3,0.3,"Jul 15, 1952",Birmingham,Alabama ,US,NBA,1975-76
Pete Myers,9,1987,1998,377,6039,660,1568,32,146,452,677,220,671,807,263,76,465,681,1804,.421,.219,.668,16.0,4.8,1.8,2.1,0.7,0.2,"Sep 15, 1963",Mobile,Alabama ,US,NBA,1986-87
Wiley Peck,1,1980,1980,52,628,73,169,0,2,34,55,66,183,33,17,23,48,100,180,.432,.000,.618,12.1,3.5,3.5,0.6,0.3,0.4,"Sep 15, 1957",Montgomery,Alabama ,US,NBA,1979-80
Chuck Person,13,1987,2000,943,28941,5576,12176,1220,3370,1486,2056,1162,4763,2645,683,197,1952,2565,13858,.458,.362,.723,30.7,14.7,5.1,2.8,0.7,0.2,"Jun 27, 1964",Brantley,Alabama ,US,NBA,1986-87
Wesley Person,11,1995,2005,733,20727,3128,6843,1150,2754,786,1010,423,2402,1234,579,230,680,965,8192,.457,.418,.778,28.3,11.2,3.3,1.7,0.8,0.3,"Mar 28, 1971",Crenshaw,Alabama ,US,NBA,1994-95
Eddie Phillips,1,1983,1983,48,416,56,138,0,2,40,59,27,77,29,14,8,50,58,152,.406,.000,.678,8.7,3.2,1.6,0.6,0.3,0.2,"Sep 29, 1961",Birmingham,Alabama ,US,NBA,1982-83
Stan Pietkiewicz,3,1979,1981,96,1070,149,325,28,84,50,62,39,93,174,41,6,74,85,376,.458,,.806,11.1,3.9,1.0,1.8,0.4,0.1,"Jul 14, 1956",Huntsville,Alabama ,US,NBA,1978-79
Chris Porter,1,2001,2001,51,1147,173,445,0,5,94,141,89,189,61,45,6,59,111,440,.389,.000,.667,22.5,8.6,3.7,1.2,0.9,0.1,"May 9, 1978",Abbeville,Alabama ,US,NBA,2000-01
Cal Ramsey,2,1960,1961,13,222,41,107,,,21,37,,73,12,,,,32,103,.383,,.568,17.1,7.9,5.6,0.9,,,"Jul 13, 1937",Selma,Alabama ,US,NBA,1959-60
Theo Ratliff,16,1996,2011,810,20500,2207,4451,0,2,1395,1965,1543,4596,465,393,1968,1001,2288,5809,.496,.000,.710,25.3,7.2,5.7,0.6,0.5,2.4,"Apr 17, 1973",Demopolis,Alabama ,US,NBA,1995-96
Alex Reese,1,2025,2025,1,2,1,1,0,0,0,0,1,1,0,0,0,0,0,2,1.000,,,2.0,2.0,1.0,0.0,0.0,0.0,"May 21, 1999",Pelham,Alabama ,US,NBA,2024-25
Oliver Robinson,1,1983,1983,35,147,35,97,1,11,30,45,6,17,21,4,2,13,18,101,.361,.091,.667,4.2,2.9,0.5,0.6,0.1,0.1,"Mar 13, 1960",Birmingham,Alabama ,US,NBA,1982-83
Roy Rogers,3,1997,2000,137,2309,288,596,1,2,75,141,180,483,57,26,209,101,268,652,.483,.500,.532,16.9,4.8,3.5,0.4,0.2,1.5,"Aug 19, 1973",Linden,Alabama ,US,NBA,1996-97
Curtis Rowe,8,1972,1979,590,18277,2821,5847,,,1231,1756,913,4264,932,199,193,164,1352,6873,.482,,.701,31.0,11.6,7.2,1.6,0.5,0.5,"Jul 2, 1949",Bessemer,Alabama ,US,NBA,1971-72
Willie Scott,1,1970,1970,8,51,6,15,0,0,1,6,2,4,2,,,8,16,13,.400,,.167,6.4,1.6,0.5,0.3,,,"May 22, 1947",Gadsden,Alabama ,US,NBA,1969-70
Player,Yrs,0,To,G,MP,FG,FGA,3P,3PA,FT,FTA,ORB,TRB,AST,STL,BLK,TOV,PF,PTS,FG%,3P%,FT%,MP,PTS,TRB,AST,STL,BLK,Date,City,Alabama ,US,NBA,-1-
Walter Sharpe,1,2009,2009,8,20,4,11,0,2,0,2,0,3,0,0,2,0,3,8,.364,.000,.000,2.5,1.0,0.4,0.0,0.0,0.3,"Jul 18, 1986",Huntsville,Alabama ,US,NBA,2008-09
Johnny Simmons,1,1947,1947,60,,120,429,,,78,127,,,29,,,,78,318,.280,,.614,,5.3,,0.5,,,"Jul 7, 1924",Birmingham,Alabama ,US,NBA,1946-47
Doug Sims,1,1969,1969,4,12,2,5,,,0,0,,4,0,,,,4,4,.400,,,3.0,1.0,1.0,0.0,,,"Jun 29, 1943",Elba,Alabama ,US,NBA,1968-69
Bud Stallworth,5,1973,1977,313,5489,1021,2466,,,361,526,190,861,213,129,51,,686,2403,.414,,.686,17.5,7.7,2.8,0.7,0.5,0.2,"Jan 18, 1950",Hartselle,Alabama ,US,NBA,1972-73
Erick Strickland,9,1997,2005,501,10189,1333,3400,404,1151,710,860,224,1317,1203,422,41,668,959,3780,.392,.351,.826,20.3,7.5,2.6,2.4,0.8,0.1,"Nov 25, 1973",Opelika,Alabama ,US,NBA,1996-97
Craig Sword,1,2022,2022,3,19,3,4,0,1,0,0,0,0,1,4,0,1,7,6,.750,.000,,6.3,2.0,0.0,0.3,1.3,0.0,"Jan 16, 1994",Montgomery,Alabama ,US,NBA,2021-22
Emanuel Terry,2,2019,2022,6,41,4,12,0,0,2,4,11,22,4,4,0,7,8,10,.333,,.500,6.8,1.7,3.7,0.7,0.7,0.0,"Aug 21, 1996",Birmingham,Alabama ,US,NBA,2018-19
Andrew Toney,8,1981,1988,468,12608,2859,5718,138,403,1602,2010,235,1009,1965,369,105,1394,1341,7458,.500,.342,.797,26.9,15.9,2.2,4.2,0.8,0.2,"Nov 23, 1957",Birmingham,Alabama ,US,NBA,1980-81
Ben Wallace*,16,1997,2012,1088,32085,2569,5421,7,51,1109,2679,3444,10482,1437,1369,2137,1061,2078,6254,.474,.137,.414,29.5,5.7,9.6,1.3,1.3,2.0,"Sep 10, 1974",White Hall,Alabama ,US,NBA,1996-97
Gerald Wallace,14,2002,2015,832,24731,3516,7492,407,1303,2494,3517,1145,4838,1725,1200,681,1486,1829,9933,.469,.312,.709,29.7,11.9,5.8,2.1,1.4,0.8,"Jul 23, 1982",Sylacauga,Alabama ,US,NBA,2001-02
Trendon Watford,4,2022,2025,194,3280,559,1054,74,210,262,342,159,691,330,91,65,206,386,1454,.530,.352,.766,16.9,7.5,3.6,1.7,0.5,0.3,"Nov 9, 2000",Birmingham,Alabama ,US,NBA,2021-22
Marcus Webb,1,1993,1993,9,51,13,25,0,1,13,21,5,10,2,1,2,5,11,39,.520,.000,.619,5.7,4.3,1.1,0.2,0.1,0.2,"May 9, 1970",Montgomery,Alabama ,US,NBA,1992-93
Mario West,4,2008,2011,162,796,56,125,2,10,40,71,60,142,51,45,8,31,134,154,.448,.200,.563,4.9,1.0,0.9,0.3,0.3,0.0,"Jun 19, 1984",Huntsville,Alabama ,US,NBA,2007-08
Ennis Whatley,10,1984,1997,385,7108,845,1805,3,31,457,605,198,679,1754,383,44,687,711,2150,.468,.097,.755,18.5,5.6,1.8,4.6,1.0,0.1,"Aug 11, 1962",Birmingham,Alabama ,US,NBA,1983-84
D.J. White,6,2009,2014,138,2111,348,687,1,3,113,157,117,437,80,39,57,65,199,810,.507,.333,.720,15.3,5.9,3.2,0.6,0.3,0.4,"Aug 31, 1986",Tuscaloosa,Alabama ,US,NBA,2008-09
Rory White,5,1983,1987,324,5410,971,1919,1,13,444,652,350,749,232,187,52,330,520,2387,.506,.077,.681,16.7,7.4,2.3,0.7,0.6,0.2,"Aug 16, 1959",Tuskegee,Alabama ,US,NBA,1982-83
D.C. Wilcutt,2,1949,1950,59,,42,124,,,44,60,,,80,,,,36,128,.339,,.733,,2.2,,1.4,,,"Mar 25, 1923",Patton,Alabama ,US,NBA,1948-49
Duck Williams,1,1980,1980,77,1794,232,519,0,12,42,60,21,106,183,100,11,107,166,506,.447,.000,.700,23.3,6.6,1.4,2.4,1.3,0.1,"Aug 2, 1956",Demopolis,Alabama ,US,NBA,1979-80
Mario Chalmers,9,2009,2018,646,17245,1936,4641,755,2153,1116,1407,211,1585,2412,950,103,1202,1756,5743,0.417,0.351,0.793,26.7,8.9,2.5,3.7,1.5,0.2,"May 19, 1986",Anchorage,Alaska ,US,NBA,2008-09
Daishen Nix,4,2022,2025,99,1238,117,329,53,184,44,74,26,138,181,51,7,121,83,331,0.356,0.288,0.595,12.5,3.3,1.4,1.8,0.5,0.1,"Feb 13, 2002",Anchorage,Alaska ,US,NBA,2021-22
Mark Alarie,5,1987,1991,325,5500,1037,2184,34,135,324,418,438,1120,363,132,109,309,712,2432,.475,.252,.775,16.9,7.5,3.4,1.1,0.4,0.3,"Dec 11, 1963",Phoenix,Arizona ,US,NBA,1986-87
Timmy Allen,1,2024,2024,5,125,6,23,0,7,1,2,4,17,5,4,0,2,18,13,.261,.000,.500,25.0,2.6,3.4,1.0,0.8,0.0,"Jan 9, 2000",Mesa,Arizona ,US,NBA,2023-24
Marvin Bagley III,7,2019,2025,278,6370,1385,2670,124,422,542,785,653,1861,249,128,178,330,530,3436,.519,.294,.690,22.9,12.4,6.7,0.9,0.5,0.6,"Mar 14, 1999",Tempe,Arizona ,US,NBA,2018-19
Jerryd Bayless,11,2009,2019,586,12486,1719,4180,499,1382,972,1188,176,1235,1674,370,73,825,1206,4909,.411,.361,.818,21.3,8.4,2.1,2.9,0.6,0.1,"Aug 20, 1988",Phoenix,Arizona ,US,NBA,2008-09
Zylan Cheatham,2,2020,2022,5,56,6,12,0,3,0,0,3,9,3,1,1,4,10,12,.500,.000,,11.2,2.4,1.8,0.6,0.2,0.2,"Nov 17, 1995",Phoenix,Arizona ,US,NBA,2019-20
Steve Colter,8,1985,1995,526,9570,1295,2891,76,263,653,839,297,1051,1482,463,76,534,897,3319,.448,.289,.778,18.2,6.3,2.0,2.8,0.9,0.1,"Jul 24, 1962",Phoenix,Arizona ,US,NBA,1984-85
Bryce Cotton,2,2015,2016,23,198,33,79,7,23,15,18,3,18,18,7,0,17,8,88,.418,.304,.833,8.6,3.8,0.8,0.8,0.3,0.0,"Aug 11, 1992",Tucson,Arizona ,US,NBA,2014-15
Ron Davis,3,1977,1982,78,951,157,374,2,8,101,177,56,139,53,43,11,66,115,417,.420,,.571,12.2,5.3,1.8,0.7,0.6,0.1,"May 1, 1954",Phoenix,Arizona ,US,NBA,1976-77
Sean Elliott,12,1990,2001,742,24502,3852,8290,589,1572,2251,2816,819,3204,1897,576,284,1328,1626,10544,.465,.375,.799,33.0,14.2,4.3,2.6,0.8,0.4,"Feb 2, 1968",Tucson,Arizona ,US,NBA,1989-90
Oso Ighodaro,1,2025,2025,42,606,62,108,0,2,19,36,35,133,40,18,15,23,62,143,.574,.000,.528,14.4,3.4,3.2,1.0,0.4,0.4,"Jul 14, 2002",Mesa,Arizona ,US,NBA,2024-25
Nick Johnson,1,2015,2015,28,262,26,75,5,21,17,25,13,39,11,7,3,19,34,74,.347,.238,.680,9.4,2.6,1.4,0.4,0.3,0.1,"Dec 22, 1992",Tempe,Arizona ,US,NBA,2014-15
Kevin Knox,7,2019,2025,308,5532,811,2068,337,989,326,451,166,878,228,119,79,255,483,2285,.392,.341,.723,18.0,7.4,2.9,0.7,0.4,0.3,"Aug 11, 1999",Phoenix,Arizona ,US,NBA,2018-19
Perry Moss,2,1986,1987,136,1710,207,499,8,46,114,158,63,210,198,98,18,136,228,536,.415,.174,.722,12.6,3.9,1.5,1.5,0.7,0.1,"Nov 11, 1958",Tucson,Arizona ,US,NBA,1985-86
Larry Owens,2,2011,2012,19,218,19,43,8,18,7,13,3,28,12,9,6,7,28,53,.442,.444,.538,11.5,2.8,1.5,0.6,0.5,0.3,"Jan 8, 1983",Mesa,Arizona ,US,NBA,2010-11
Wayne See,1,1950,1950,61,,113,303,,,94,135,,,143,,,,147,320,.373,,.696,,5.2,,2.3,,,"Nov 3, 1923",Camp Verde,Arizona ,US,NBA,1949-50
Dalen Terry,3,2023,2025,147,1515,172,384,44,159,72,113,69,223,161,61,34,75,178,460,.448,.277,.637,10.3,3.1,1.5,1.1,0.4,0.2,"Jul 12, 2002",Tempe,Arizona ,US,NBA,2022-23
Bernard Thompson,5,1985,1989,204,2935,410,934,0,17,258,327,164,352,266,127,27,181,391,1078,.439,.000,.789,14.4,5.3,1.7,1.3,0.6,0.1,"Aug 30, 1962",Phoenix,Arizona ,US,NBA,1984-85
Matisse Thybulle,5,2020,2024,332,6957,600,1378,278,823,108,159,186,658,360,510,270,186,632,1586,.435,.338,.679,21.0,4.8,2.0,1.1,1.5,0.8,"Mar 4, 1997",Scottsdale,Arizona ,US,NBA,2019-20
TyTy Washington Jr.,3,2023,2025,50,578,75,214,24,102,13,22,7,62,64,21,2,18,31,187,.350,.235,.591,11.6,3.7,1.2,1.3,0.4,0.0,"Nov 15, 2001",Phoenix,Arizona ,US,NBA,2022-23
Paul Watson,3,2020,2022,46,540,60,143,40,102,13,19,9,89,33,13,7,16,51,173,.420,.392,.684,11.7,3.8,1.9,0.7,0.3,0.2,"Dec 30, 1994",Phoenix,Arizona ,US,NBA,2019-20
Player,Yrs,0,To,G,MP,FG,FGA,3P,3PA,FT,FTA,ORB,TRB,AST,STL,BLK,TOV,PF,PTS,FG%,3P%,FT%,MP,PTS,TRB,AST,STL,BLK,Date,City,Arizona ,US,NBA,-1-
Alan Williams,4,2016,2019,67,872,163,322,0,2,87,139,115,371,39,37,38,51,155,413,.506,.000,.626,13.0,6.2,5.5,0.6,0.6,0.6,"Jan 28, 1993",Phoenix,Arizona ,US,NBA,2015-16
James Anderson,5,2011,2016,247,4320,525,1276,196,611,176,233,108,560,291,121,55,216,292,1422,.411,.321,.755,17.5,5.8,2.3,1.2,0.5,0.2,"Mar 25, 1989",El Dorado,Arkansas ,US,NBA,2010-11
Jim Barnes,7,1965,1971,454,9455,1548,3607,,,901,1317,,2939,377,,,,1497,3997,.429,,.684,20.8,8.8,6.5,0.8,,,"Apr 13, 1941",Tuckerman,Arkansas ,US,NBA,1964-65
Keljin Blevins,2,2021,2022,48,424,39,131,23,80,6,11,19,55,23,15,1,22,37,107,.298,.288,.545,8.8,2.2,1.1,0.5,0.3,0.0,"Nov 24, 1995",Hot Springs,Arkansas ,US,NBA,2020-21
Leon Blevins,1,1951,1951,2,,1,4,,,0,1,,2,1,,,,3,2,.250,,.000,,1.0,1.0,0.5,,,"Jun 25, 1926",Black Oak,Arkansas ,US,NBA,1950-51
Ron Brewer,8,1979,1986,501,12892,2497,5437,30,121,947,1149,335,971,920,480,249,706,835,5971,.459,,.824,25.7,11.9,1.9,1.8,1.0,0.5,"Jul 16, 1955",Fort Smith,Arkansas ,US,NBA,1978-79
Marcus Brown,2,1997,2000,27,229,32,84,13,39,15,21,7,22,23,8,2,16,34,92,.381,.333,.714,8.5,3.4,0.8,0.9,0.3,0.1,"Apr 3, 1974",West Memphis,Arkansas ,US,NBA,1996-97
Bob Burrow,2,1957,1958,81,1199,159,436,,,141,244,,357,47,,,,180,459,.365,,.578,14.8,5.7,4.4,0.6,,,"Jun 29, 1934",Malvern,Arkansas ,US,NBA,1956-57
Michael Cage,15,1985,2000,1140,29716,3317,6445,0,25,1644,2476,3227,8646,1057,1050,725,1161,2581,8278,.515,.000,.664,26.1,7.3,7.6,0.9,0.9,0.6,"Jan 28, 1962",West Memphis,Arkansas ,US,NBA,1984-85
Cory Carr,1,1999,1999,42,624,71,216,5,30,24,32,8,49,66,21,7,46,66,171,.329,.167,.750,14.9,4.1,1.2,1.6,0.5,0.2,"Dec 5, 1975",Fordyce,Arkansas ,US,NBA,1998-99
Joe Barry Carroll,10,1981,1991,705,22838,5021,10583,0,13,2413,3232,1690,5404,1264,687,1121,1964,2212,12455,.474,.000,.747,32.4,17.7,7.7,1.8,1.0,1.6,"Jul 24, 1958",Pine Bluff,Arkansas ,US,NBA,1980-81
Archie Clark,10,1967,1976,725,23581,4693,9784,,,2433,3163,130,2427,3498,231,15,,1806,11819,.480,,.769,32.5,16.3,3.3,4.8,1.1,0.1,"Jul 15, 1941",Conway,Arkansas ,US,NBA,1966-67
Nat Clifton*,8,1951,1958,544,14369,2082,5766,,,1280,2021,,4469,1367,,,,1840,5444,.361,,.633,30.0,10.0,8.2,2.5,,,"Oct 13, 1922",Little Rock,Arkansas ,US,NBA,1950-51
Mike Conley,18,2008,2025,1150,36076,5722,13073,1891,4881,2954,3581,550,3402,6532,1583,237,2158,2233,16289,.438,.387,.825,31.4,14.2,3.0,5.7,1.4,0.2,"Oct 11, 1987",Fayetteville,Arkansas ,US,NBA,2007-08
John Dickson,1,1968,1968,21,100,14,39,0,0,8,13,,33,3,,,10,11,36,.359,,.615,4.8,1.7,1.6,0.1,,,"Nov 18, 1945",Searcy,Arkansas ,US,NBA,1967-68
Jeremy Evans,7,2011,2018,250,2626,364,640,6,26,145,211,239,641,107,90,121,85,291,879,.569,.231,.687,10.5,3.5,2.6,0.4,0.4,0.5,"Oct 24, 1987",Crossett,Arkansas ,US,NBA,2010-11
Derek Fisher,18,1997,2014,1287,32719,3720,9329,1248,3341,2025,2479,414,2658,3804,1352,98,1473,2684,10713,.399,.374,.817,25.4,8.3,2.1,3.0,1.1,0.1,"Aug 9, 1974",Little Rock,Arkansas ,US,NBA,1996-97
Daniel Gafford,6,2020,2025,372,7378,1423,2007,0,1,577,856,798,2089,390,188,578,355,916,3423,.709,.000,.674,19.8,9.2,5.6,1.0,0.5,1.6,"Oct 1, 1998",El Dorado,Arkansas ,US,NBA,2019-20
Archie Goodwin,4,2014,2017,165,2396,367,856,45,191,261,373,86,331,206,69,38,206,192,1040,.429,.236,.700,14.5,6.3,2.0,1.2,0.4,0.2,"Aug 17, 1994",Little Rock,Arkansas ,US,NBA,2013-14
Dusty Hannahs,2,2019,2020,4,39,7,21,2,8,4,4,0,2,5,1,0,1,2,20,.333,.250,1.000,9.8,5.0,0.5,1.3,0.3,0.0,"Sep 2, 1993",Little Rock,Arkansas ,US,NBA,2018-19
Myron Jackson,1,1987,1987,8,22,2,9,0,0,7,8,1,3,6,1,0,5,1,11,.222,,.875,2.8,1.4,0.4,0.8,0.1,0.0,"May 6, 1964",Hamburg,Arkansas ,US,NBA,1986-87
Player,Yrs,0,To,G,MP,FG,FGA,3P,3PA,FT,FTA,ORB,TRB,AST,STL,BLK,TOV,PF,PTS,FG%,3P%,FT%,MP,PTS,TRB,AST,STL,BLK,Date,City,Arkansas ,US,NBA,-1-
Isaiah Joe,5,2021,2025,298,4905,727,1698,515,1297,197,239,97,577,314,154,44,139,356,2166,.428,.397,.824,16.5,7.3,1.9,1.1,0.5,0.1,"Jul 2, 1999",Fort Smith,Arkansas ,US,NBA,2020-21
Joe Johnson,18,2002,2022,1277,44236,7823,17720,1978,5331,2783,3468,1067,5059,5001,1071,260,2451,2252,20407,.441,.371,.802,34.6,16.0,4.0,3.9,0.8,0.2,"Jun 29, 1981",Little Rock,Arkansas ,US,NBA,2001-02
Lee Johnson,1,1981,1981,12,90,7,25,0,0,3,5,6,22,1,0,5,7,18,17,.280,,.600,7.5,1.4,1.8,0.1,0.0,0.4,"Jun 16, 1957",Plummerville,Arkansas ,US,NBA,1980-81
Caldwell Jones,17,1974,1990,1299,35081,4090,8626,7,57,2054,2716,2921,10685,1800,685,2297,2109,4436,10241,.474,,.756,27.0,7.9,8.2,1.4,0.5,1.8,"Aug 4, 1950",McGehee,Arkansas ,US,NBA,1973-74
Charles Jones,15,1984,1998,726,14095,725,1510,0,6,376,608,1112,3253,623,442,1134,487,2079,1826,.480,.000,.618,19.4,2.5,4.5,0.9,0.6,1.6,"Apr 3, 1957",McGehee,Arkansas ,US,NBA,1983-84
Fred Jones,7,2003,2009,430,10299,1090,2651,346,979,680,841,157,958,990,336,115,511,831,3206,.411,.353,.809,24.0,7.5,2.2,2.3,0.8,0.3,"Mar 11, 1979",Malvern,Arkansas ,US,NBA,2002-03
Major Jones,6,1980,1985,374,5063,678,1385,1,9,286,488,518,1323,215,133,169,367,623,1643,.490,.111,.586,13.5,4.4,3.5,0.6,0.4,0.5,"Jul 9, 1953",McGhee,Arkansas ,US,NBA,1979-80
Wil Jones,9,1970,1978,725,21931,3541,7720,12,84,1388,1893,2118,5560,1446,469,329,1247,2574,8482,.459,,.733,30.2,11.7,7.7,2.0,1.2,0.8,"Feb 27, 1947",McGehee,Arkansas ,US,NBA,1969-70
Andrew Lang,12,1989,2000,737,15344,1780,3785,5,20,866,1164,1188,3511,424,332,1099,697,2037,4431,.470,.250,.744,20.8,6.0,4.8,0.6,0.5,1.5,"Jun 28, 1966",Pine Bluff,Arkansas ,US,NBA,1988-89
Keith Lee,3,1986,1989,182,2907,456,1012,2,12,200,268,282,861,178,74,110,216,489,1114,.451,.167,.746,16.0,6.1,4.7,1.0,0.4,0.6,"Dec 28, 1962",West Memphis,Arkansas ,US,NBA,1985-86
Fat Lever,11,1983,1994,752,23814,4244,9504,162,523,1783,2312,1442,4523,4696,1666,209,1471,1803,10433,.447,.310,.771,31.7,13.9,6.0,6.2,2.2,0.3,"Aug 18, 1960",Pine Bluff,Arkansas ,US,NBA,1982-83
Quincy Lewis,4,2000,2004,159,1853,232,584,37,111,66,93,71,210,96,59,36,98,335,567,.397,.333,.710,11.7,3.6,1.3,0.6,0.4,0.2,"Jun 26, 1977",Little Rock,Arkansas ,US,NBA,1999-00
Daryl Macon,2,2019,2020,12,104,11,30,6,13,4,7,2,12,8,1,0,8,9,32,.367,.462,.571,8.7,2.7,1.0,0.7,0.1,0.0,"Nov 29, 1995",Little Rock,Arkansas ,US,NBA,2018-19
Brian Martin,1,1986,1986,8,21,3,7,0,0,0,2,1,4,0,0,1,2,7,6,.429,,.000,2.6,0.8,0.5,0.0,0.0,0.1,"Aug 18, 1962",Fort Smith,Arkansas ,US,NBA,1985-86
Jeff Martin,2,1990,1991,143,2685,384,921,29,103,159,229,131,290,109,78,47,96,201,956,.417,.282,.694,18.8,6.7,2.0,0.8,0.5,0.3,"Jan 14, 1967",Cherry Valley,Arkansas ,US,NBA,1989-90
Jim McElroy,7,1976,1982,418,10178,1636,3494,7,34,841,1101,242,820,1462,384,126,610,711,4120,.468,,.764,24.3,9.9,2.0,3.5,0.9,0.3,"Oct 4, 1953",Cotton Plant,Arkansas ,US,NBA,1975-76
Eddie Miles,9,1964,1972,605,15681,3301,7505,,,1518,2032,,1860,1225,,,,1385,8120,.440,,.747,25.9,13.4,3.1,2.0,,,"Jul 5, 1940",North Little Rock,Arkansas ,US,NBA,1963-64
Sidney Moncrief*,11,1980,1991,767,23150,4117,8198,110,387,3587,4319,1424,3575,2793,924,228,1551,1635,11931,.502,.284,.831,30.2,15.6,4.7,3.6,1.2,0.3,"Sep 21, 1957",Little Rock,Arkansas ,US,NBA,1979-80
Malik Monk,8,2018,2025,506,11453,2226,5132,906,2582,831,979,182,1312,1574,305,167,793,836,6189,.434,.351,.849,22.6,12.2,2.6,3.1,0.6,0.3,"Feb 4, 1998",Jonesboro,Arkansas ,US,NBA,2017-18
Moses Moody,4,2022,2025,230,3549,544,1195,245,665,197,263,140,494,188,94,61,124,260,1530,.455,.368,.749,15.4,6.7,2.1,0.8,0.4,0.3,"May 31, 2002",Little Rock,Arkansas ,US,NBA,2021-22
Player,Yrs,0,To,G,MP,FG,FGA,3P,3PA,FT,FTA,ORB,TRB,AST,STL,BLK,TOV,PF,PTS,FG%,3P%,FT%,MP,PTS,TRB,AST,STL,BLK,Date,City,Arkansas ,US,NBA,-1-
Gaylon Nickerson,1,1997,1997,4,42,4,12,0,2,7,7,1,5,1,1,1,1,1,15,.333,.000,1.000,10.5,3.8,1.3,0.3,0.3,0.3,"Feb 5, 1969",Osecola,Arkansas ,US,NBA,1996-97
Dennis Nutt,1,1987,1987,25,91,16,40,5,17,20,22,1,8,16,7,0,10,6,57,.400,.294,.909,3.6,2.3,0.3,0.6,0.3,0.0,"Mar 25, 1963",Little Rock,Arkansas ,US,NBA,1986-87
Jimmy Oliver,5,1992,1999,78,856,135,332,17,50,44,57,18,80,55,27,3,33,66,331,.407,.340,.772,11.0,4.2,1.0,0.7,0.3,0.0,"Jul 12, 1969",Menifee,Arkansas ,US,NBA,1991-92
Scottie Pippen*,17,1988,2004,1178,41069,7420,15700,978,3002,3122,4437,2068,7494,6135,2307,947,3257,3329,18940,.473,.326,.704,34.9,16.1,6.4,5.2,2.0,0.8,"Sep 25, 1965",Hamburg,Arkansas ,US,NBA,1987-88
Bobby Portis,10,2016,2025,651,14823,3147,6586,732,1912,743,973,1229,4657,848,391,246,715,1259,7769,.478,.383,.764,22.8,11.9,7.2,1.3,0.6,0.4,"Feb 10, 1995",Little Rock,Arkansas ,US,NBA,2015-16
Austin Reaves,4,2022,2025,257,7624,1173,2445,421,1159,771,899,177,954,1082,186,78,437,449,3538,.480,.363,.858,29.7,13.8,3.7,4.2,0.7,0.3,"May 29, 1998",Newark,Arkansas ,US,NBA,2021-22
Bryant Reeves,6,1996,2001,395,12071,1999,4208,2,27,945,1345,856,2745,623,200,302,744,1365,4945,.475,.074,.703,30.6,12.5,6.9,1.6,0.5,0.8,"Jun 8, 1973",Fort Smith,Arkansas ,US,NBA,1995-96
Glen Rice,15,1990,2004,1000,34985,6776,14867,1559,3896,3225,3813,946,4387,2097,958,265,1733,2361,18336,.456,.400,.846,35.0,18.3,4.4,2.1,1.0,0.3,"May 28, 1967",Jacksonville,Arkansas ,US,NBA,1989-90
Jackie Ridgle,1,1972,1972,32,107,19,44,,,19,26,,15,7,,,,15,57,.432,,.731,3.3,1.8,0.5,0.2,,,"Feb 13, 1948",Altheimer,Arkansas ,US,NBA,1971-72
Jerry Rook,1,1970,1970,28,155,37,82,0,2,11,13,12,31,10,,,16,21,85,.451,.000,.846,5.5,3.0,1.1,0.4,,,"Oct 27, 1943",Jonesboro,Arkansas ,US,NBA,1969-70
Paul Silas,16,1965,1980,1254,34989,4293,9949,0,0,3196,4748,2035,12357,2572,358,138,333,3105,11782,.432,,.673,27.9,9.4,9.9,2.1,0.6,0.2,"Jul 12, 1943",Prescott,Arkansas ,US,NBA,1964-65
Nick Smith Jr.,2,2024,2025,87,1441,230,584,115,303,29,33,25,141,126,24,12,81,95,604,.394,.380,.879,16.6,6.9,1.6,1.4,0.3,0.1,"Apr 18, 2004",Jacksonville,Arkansas ,US,NBA,2023-24
Jeff Taylor,2,1983,1987,56,818,70,170,0,1,39,56,26,82,113,42,16,68,86,179,.412,.000,.696,14.6,3.2,1.5,2.0,0.8,0.3,"Jan 1, 1960",Blytheville,Arkansas ,US,NBA,1982-83
Kel'el Ware,1,2025,2025,40,783,144,271,25,74,30,41,60,240,34,22,40,33,57,343,.531,.338,.732,19.6,8.6,6.0,0.9,0.6,1.0,"Apr 20, 2004",North Little Rock,Arkansas ,US,NBA,2024-25
Jeff Webster,1,1996,1996,11,58,8,23,2,6,0,0,2,7,3,4,0,3,7,18,.348,.333,,5.3,1.6,0.6,0.3,0.4,0.0,"Feb 19, 1971",Pine Bluff,Arkansas ,US,NBA,1995-96
Sonny Weems,4,2009,2016,183,3335,514,1106,34,120,127,181,88,402,257,84,28,198,268,1189,.465,.283,.702,18.2,6.5,2.2,1.4,0.5,0.2,"Jul 8, 1986",West Memphis,Arkansas ,US,NBA,2008-09
Jaylin Williams,3,2023,2025,145,2264,249,598,128,351,81,105,115,629,252,68,57,92,259,707,.416,.365,.771,15.6,4.9,4.3,1.7,0.5,0.4,"Jun 29, 2002",Fort Smith,Arkansas ,US,NBA,2022-23
Corliss Williamson,12,1996,2007,822,18749,3603,7355,6,44,1935,2710,1214,3183,972,462,261,1316,2250,9147,.490,.136,.714,22.8,11.1,3.9,1.2,0.6,0.3,"Dec 4, 1973",Russellville,Arkansas ,US,NBA,1995-96
Jasper Wilson,2,1969,1970,70,815,136,360,6,14,88,135,63,187,45,,,67,133,366,.378,.429,.652,11.6,5.2,2.7,0.6,,,"Jul 12, 1947",Camden,Arkansas ,US,NBA,1968-69
Alex Acker,2,2006,2009,30,234,34,92,8,25,5,10,9,29,16,6,4,11,13,81,.370,.320,.500,7.8,2.7,1.0,0.5,0.2,0.1,"Jan 21, 1983",Compton,California ,US,NBA,2005-06
Mark Acres,6,1988,1993,375,5982,514,1016,7,13,308,463,581,1525,180,137,104,235,932,1343,.506,.538,.665,16.0,3.6,4.1,0.5,0.4,0.3,"Nov 15, 1962",Inglewood,California ,US,NBA,1987-88
Hassan Adams,2,2007,2009,73,547,79,148,0,1,27,42,36,84,14,18,5,26,51,185,.534,.000,.643,7.5,2.5,1.2,0.2,0.2,0.1,"Jun 20, 1984",Inglewood,California ,US,NBA,2006-07
Rick Adelman*,7,1969,1975,462,10427,1381,3330,,,817,1146,41,1129,1606,106,9,,990,3579,.415,,.713,22.6,7.7,2.4,3.5,0.9,0.1,"Jun 16, 1946",Lynwood,California ,US,NBA,1968-69
Arron Afflalo,11,2008,2018,762,20829,2983,6633,852,2205,1380,1673,334,2176,1386,341,141,852,1481,8198,.450,.386,.825,27.3,10.8,2.9,1.8,0.4,0.2,"Oct 15, 1985",Los Angeles,California ,US,NBA,2007-08
Josh Akognon,1,2013,2013,3,9,2,4,1,2,0,0,0,1,1,0,0,0,3,5,.500,.500,,3.0,1.7,0.3,0.3,0.0,0.0,"Feb 10, 1986",Greenbrae,California ,US,NBA,2012-13
Gary Alcorn,2,1960,1961,78,844,103,352,,,55,92,,329,24,,,,170,261,.293,,.598,10.8,3.3,4.2,0.3,,,"Oct 8, 1936",Fresno,California ,US,NBA,1959-60
Jarrett Allen,8,2018,2025,543,15359,2778,4352,19,114,1384,1941,1558,5032,902,346,683,738,1074,6959,.638,.167,.713,28.3,12.8,9.3,1.7,0.6,1.3,"Apr 21, 1998",San Diego,California ,US,NBA,2017-18
Ray Allen*,18,1997,2014,1300,46344,8567,18955,2973,7429,4398,4920,1230,5272,4361,1451,244,2709,2858,24505,.452,.400,.894,35.6,18.9,4.1,3.4,1.1,0.2,"Jul 20, 1975",Merced,California ,US,NBA,1996-97
Darrell Allums,1,1981,1981,22,276,23,67,0,1,13,22,19,65,25,5,8,23,51,59,.343,.000,.591,12.5,2.7,3.0,1.1,0.2,0.4,"Sep 12, 1958",Los Angeles,California ,US,NBA,1980-81
Lou Amundson,10,2007,2016,428,5507,648,1368,0,3,268,603,644,1541,190,152,306,299,835,1564,.474,.000,.444,12.9,3.7,3.6,0.4,0.4,0.7,"Dec 7, 1982",Ventura,California ,US,NBA,2006-07
Chris Andersen,15,2002,2017,695,12273,1336,2512,15,68,1068,1632,1176,3493,337,312,991,513,1342,3755,.532,.221,.654,17.7,5.4,5.0,0.5,0.4,1.4,"Jul 7, 1978",Long Beach,California ,US,NBA,2001-02
Richard Anderson,6,1983,1990,407,6002,909,2206,148,445,294,386,457,1418,611,225,94,362,691,2260,.412,.333,.762,14.7,5.6,3.5,1.5,0.6,0.2,"Nov 19, 1960",San Pedro,California ,US,NBA,1982-83
Ryan Anderson,12,2009,2020,649,16769,2755,6533,1325,3491,1166,1366,1247,3413,586,332,217,606,1263,8001,.422,.380,.854,25.8,12.3,5.3,0.9,0.5,0.3,"May 6, 1988",Sacramento,California ,US,NBA,2008-09
Ike Anigbogu,2,2018,2019,14,36,4,12,0,0,5,6,6,12,1,1,4,3,1,13,.333,,.833,2.6,0.9,0.9,0.1,0.1,0.3,"Oct 17, 1998",San Diego,California ,US,NBA,2017-18
Brandon Armstrong,3,2002,2004,108,699,101,287,25,75,12,20,22,63,24,22,4,37,83,239,.352,.333,.600,6.5,2.2,0.6,0.2,0.2,0.0,"Jun 16, 1980",San Francisco,California ,US,NBA,2001-02
Stacey Augmon,15,1992,2006,1001,21658,3037,6480,12,79,1904,2616,1304,3216,1561,974,317,1248,1750,7990,.469,.152,.728,21.6,8.0,3.2,1.6,1.0,0.3,"Aug 1, 1968",Pasadena,California ,US,NBA,1991-92
Isaac Austin,9,1992,2002,432,8350,1295,2901,9,51,686,1024,617,2030,538,214,226,701,967,3285,.446,.176,.670,19.3,7.6,4.7,1.2,0.5,0.5,"Aug 18, 1969",Gridley,California ,US,NBA,1991-92
Ken Austin,1,1984,1984,7,28,6,13,0,0,0,0,2,3,1,1,1,3,7,12,.462,,,4.0,1.7,0.4,0.1,0.1,0.1,"Jul 15, 1961",Los Angeles,California ,US,NBA,1983-84
Dennis Awtrey,12,1971,1982,733,14159,1382,3009,0,0,752,1154,703,3342,1467,186,182,245,1702,3516,.459,,.652,19.3,4.8,4.6,2.0,0.4,0.3,"Feb 22, 1948",Hollywood,California ,US,NBA,1970-71
Player,Yrs,0,To,G,MP,FG,FGA,3P,3PA,FT,FTA,ORB,TRB,AST,STL,BLK,TOV,PF,PTS,FG%,3P%,FT%,MP,PTS,TRB,AST,STL,BLK,Date,City,California ,US,NBA,-1-
Jeff Ayres,6,2010,2016,237,2322,287,519,2,5,114,147,196,632,99,37,66,132,360,690,.553,.400,.776,9.8,2.9,2.7,0.4,0.2,0.3,"Apr 29, 1987",Ontario,California ,US,NBA,2009-10
Toby Bailey,2,1999,2000,73,698,92,226,3,15,54,78,50,126,43,22,6,35,79,241,.407,.200,.692,9.6,3.3,1.7,0.6,0.3,0.1,"Nov 19, 1975",Los Angeles,California ,US,NBA,1998-99
LaMelo Ball,5,2021,2025,219,7003,1633,3851,664,1817,679,816,273,1324,1611,331,74,723,682,4609,.424,.365,.832,32.0,21.0,6.0,7.4,1.5,0.3,"Aug 22, 2001",Anaheim,California ,US,NBA,2020-21
Lonzo Ball,6,2018,2025,284,8893,1193,3008,654,1811,187,313,283,1557,1672,435,178,676,598,3227,.397,.361,.597,31.3,11.4,5.5,5.9,1.5,0.6,"Oct 27, 1997",Anaheim,California ,US,NBA,2017-18
Greg Ballard,11,1978,1989,802,22073,4220,8942,93,275,1420,1805,1434,4858,1733,877,256,1059,1807,9953,.472,,.787,27.5,12.4,6.1,2.2,1.1,0.3,"Jan 29, 1955",Los Angeles,California ,US,NBA,1977-78
Don Barksdale*,4,1952,1955,262,7460,1016,2747,,,863,1307,,2088,549,,,,941,2895,.370,,.660,28.5,11.0,8.0,2.1,,,"Mar 31, 1923",Oakland,California ,US,NBA,1951-52
Matt Barnes,14,2004,2017,929,21967,2788,6388,982,2931,1031,1384,1066,4281,1691,714,444,1172,2353,7589,.436,.335,.745,23.6,8.2,4.6,1.8,0.8,0.5,"Mar 9, 1980",Santa Clara,California ,US,NBA,2003-04
Drew Barry,3,1998,2000,60,598,43,103,24,63,24,31,8,67,111,19,2,55,75,134,.417,.381,.774,10.0,2.2,1.1,1.9,0.3,0.0,"Feb 17, 1973",Oakland,California ,US,NBA,1997-98
Jon Barry,14,1993,2006,821,13880,1595,3672,657,1676,868,1023,318,1513,1784,722,111,808,1016,4715,.434,.392,.848,16.9,5.7,1.8,2.2,0.9,0.1,"Jul 25, 1969",Oakland,California ,US,NBA,1992-93
Mike Batiste,1,2003,2003,75,1248,197,467,18,81,69,88,82,257,52,42,16,69,120,481,.422,.222,.784,16.6,6.4,3.4,0.7,0.6,0.2,"Nov 21, 1977",Long Beach,California ,US,NBA,2002-03
Jerome Beasley,1,2004,2004,2,5,1,3,0,0,0,0,0,1,0,0,0,0,0,2,.333,,,2.5,1.0,0.5,0.0,0.0,0.0,"May 17, 1980",Compton,California ,US,NBA,2003-04
Bob Bedell,4,1968,1971,269,4477,878,2075,11,58,490,633,333,1386,320,,,370,595,2257,.423,.190,.774,16.6,8.4,5.2,1.2,,,"Jun 26, 1944",Los Angeles,California ,US,NBA,1967-68
Jordan Bell,5,2018,2022,161,1937,257,466,4,20,75,118,153,497,201,62,122,118,200,593,.552,.200,.636,12.0,3.7,3.1,1.2,0.4,0.8,"Jan 7, 1995",Los Angeles,California ,US,NBA,2017-18
Corey Benjamin,4,1999,2003,153,2191,317,812,57,197,144,221,84,259,143,71,48,164,316,835,.390,.289,.652,14.3,5.5,1.7,0.9,0.5,0.3,"Feb 24, 1978",Compton,California ,US,NBA,1998-99
Jules Bernard,1,2024,2024,19,149,29,64,11,29,5,9,10,26,16,3,1,8,14,74,.453,.379,.556,7.8,3.9,1.4,0.8,0.2,0.1,"Jan 21, 2000",Los Angeles,California ,US,NBA,2023-24
Jabari Bird,1,2018,2018,13,115,15,26,3,7,6,13,6,19,8,3,1,8,7,39,.577,.429,.462,8.8,3.0,1.5,0.6,0.2,0.1,"Jul 3, 1994",Walnut Creek,California ,US,NBA,2017-18
John Block,10,1967,1976,597,14316,2592,5987,,,1922,2470,198,3965,805,111,67,,1733,7106,.433,,.778,24.0,11.9,6.6,1.3,0.8,0.5,"Apr 16, 1944",Los Angeles,California ,US,NBA,1966-67
Corie Blount,11,1994,2004,644,9925,959,2038,3,26,366,624,1085,2690,460,328,266,519,1375,2287,.471,.115,.587,15.4,3.6,4.2,0.7,0.5,0.4,"Jan 4, 1969",Monrovia,California ,US,NBA,1993-94
Etdrick Bohannon,4,1998,2001,26,152,9,21,0,0,19,28,18,44,6,2,10,14,32,37,.429,,.679,5.8,1.4,1.7,0.2,0.1,0.4,"May 29, 1973",San Bernardino,California ,US,NBA,1997-98
Jamaree Bouyea,2,2023,2024,14,166,16,42,3,15,1,2,4,25,15,5,2,13,16,36,.381,.200,.500,11.9,2.6,1.8,1.1,0.4,0.1,"Jun 27, 1999",Seaside,California ,US,NBA,2022-23
Player,Yrs,0,To,G,MP,FG,FGA,3P,3PA,FT,FTA,ORB,TRB,AST,STL,BLK,TOV,PF,PTS,FG%,3P%,FT%,MP,PTS,TRB,AST,STL,BLK,Date,City,California ,US,NBA,-1-
Bruce Bowen,13,1997,2009,873,24052,1945,4761,818,2082,582,1013,469,2428,1089,712,336,646,1930,5290,.409,.393,.575,27.6,6.1,2.8,1.2,0.8,0.4,"Jun 14, 1971",Merced,California ,US,NBA,1996-97
Freddie Boyd,6,1973,1978,327,7723,1165,2817,,,454,681,57,533,986,184,29,20,651,2784,.414,,.667,23.6,8.5,1.6,3.0,0.8,0.1,"Jun 13, 1950",Bakersfield,California ,US,NBA,1972-73
Cedric Bozeman,1,2007,2007,23,199,11,39,2,13,2,6,3,23,9,5,2,9,32,26,.282,.154,.333,8.7,1.1,1.0,0.4,0.2,0.1,"Mar 7, 1983",Los Angeles,California ,US,NBA,2006-07
Craig Brackins,2,2011,2012,17,121,13,49,3,14,1,2,7,19,9,1,1,4,9,30,.265,.214,.500,7.1,1.8,1.1,0.5,0.1,0.1,"Oct 9, 1987",Los Angeles,California ,US,NBA,2010-11
Torraye Braggs,2,2004,2005,22,178,19,40,0,0,8,12,25,51,7,4,2,15,33,46,.475,,.667,8.1,2.1,2.3,0.3,0.2,0.1,"May 15, 1976",Fresno,California ,US,NBA,2003-04
Mike Bratz,9,1978,1986,586,10613,1578,3880,150,492,775,934,310,1030,1851,548,59,854,1091,4081,.407,,.830,18.1,7.0,1.8,3.2,0.9,0.1,"Oct 17, 1955",Lompoc,California ,US,NBA,1977-78
Al Brightman,1,1947,1947,58,,223,870,,,121,193,,,60,,,,115,567,.256,,.627,,9.8,,1.0,,,"Sep 22, 1923",Eureka,California ,US,NBA,1946-47
Scott Brooks,10,1989,1998,680,9237,1233,2738,287,771,564,664,158,685,1608,480,30,451,828,3317,.450,.372,.849,13.6,4.9,1.0,2.4,0.7,0.0,"Jul 31, 1965",French Camp,California ,US,NBA,1988-89
Anthony Brown,3,2016,2018,41,762,58,177,28,98,17,20,17,103,28,19,6,21,49,161,.328,.286,.850,18.6,3.9,2.5,0.7,0.5,0.1,"Oct 10, 1992",Bellflower,California ,US,NBA,2015-16
Bobby Brown,4,2009,2018,158,1688,271,715,96,303,50,62,23,103,230,41,4,123,148,688,.379,.317,.806,10.7,4.4,0.7,1.5,0.3,0.0,"Sep 24, 1984",Los Angeles,California ,US,NBA,2008-09
Darrel Brown,1,1949,1949,3,,2,6,,,0,2,,,0,,,,3,4,.333,,.000,,1.3,,0.0,,,"Mar 14, 1923",Eureka,California ,US,NBA,1948-49
Derrick Brown,3,2010,2012,171,2554,354,687,13,41,174,273,167,413,119,89,32,109,208,895,.515,.317,.637,14.9,5.2,2.4,0.7,0.5,0.2,"Sep 8, 1987",Oakland,California ,US,NBA,2009-10
Gerald Brown,1,1999,1999,33,236,33,89,3,10,11,14,5,22,31,5,1,22,21,80,.371,.300,.786,7.2,2.4,0.7,0.9,0.2,0.0,"Jul 28, 1975",Los Angeles,California ,US,NBA,1998-99
Jabari Brown,1,2015,2015,19,568,70,170,23,62,64,85,3,36,40,12,2,32,33,227,.412,.371,.753,29.9,11.9,1.9,2.1,0.6,0.1,"Dec 18, 1992",Oakland,California ,US,NBA,2014-15
Lewis Brown,1,1981,1981,2,5,0,3,0,0,2,5,1,2,0,0,0,1,2,2,.000,,.400,2.5,1.0,1.0,0.0,0.0,0.0,"Feb 19, 1955",Los Angeles,California ,US,NBA,1980-81
Chase Budinger,7,2010,2016,407,7998,1188,2766,413,1172,409,513,238,1240,473,213,65,310,485,3198,.430,.352,.797,19.7,7.9,3.0,1.2,0.5,0.2,"May 22, 1988",Encinitas,California ,US,NBA,2009-10
Jud Buechler,12,1991,2002,720,8444,961,2221,263,718,200,316,431,1266,560,314,144,297,732,2385,.433,.366,.633,11.7,3.3,1.8,0.8,0.4,0.2,"Jun 19, 1968",San Diego,California ,US,NBA,1990-91
Greg Bunch,1,1979,1979,12,97,9,26,,,10,12,9,17,4,3,3,5,10,28,.346,,.833,8.1,2.3,1.4,0.3,0.3,0.3,"May 15, 1956",San Bernardino,California ,US,NBA,1978-79
Greg Butler,3,1989,1991,55,210,28,79,0,3,20,28,20,53,4,1,2,24,45,76,.354,.000,.714,3.8,1.4,1.0,0.1,0.0,0.0,"Mar 11, 1966",Inglewood,California ,US,NBA,1988-89
Mitchell Butler,8,1994,2004,362,5464,707,1613,95,313,359,576,246,717,342,214,53,353,576,1868,.438,.304,.623,15.1,5.2,2.0,0.9,0.6,0.1,"Dec 15, 1970",Los Angeles,California ,US,NBA,1993-94
Player,Yrs,0,To,G,MP,FG,FGA,3P,3PA,FT,FTA,ORB,TRB,AST,STL,BLK,TOV,PF,PTS,FG%,3P%,FT%,MP,PTS,TRB,AST,STL,BLK,Date,City,California ,US,NBA,-1-
Bill Calhoun,7,1949,1955,442,8221,1171,3431,,,1098,1565,,1292,1036,,,,836,3440,.341,,.702,31.9,7.8,4.0,2.3,,,"Nov 4, 1927",San Francisco,California ,US,NBA,1948-49
Elden Campbell,15,1991,2005,1044,25776,4062,8835,2,37,2679,3832,1880,6116,1199,702,1602,1367,3006,10805,.460,.054,.699,24.7,10.3,5.9,1.1,0.7,1.5,"Jul 23, 1968",Los Angeles,California ,US,NBA,1990-91
Al Carlson,1,1976,1976,28,279,27,79,,,18,29,30,73,13,7,11,,39,72,.342,,.621,10.0,2.6,2.6,0.5,0.3,0.4,"Sep 17, 1951",Oceanside,California ,US,NBA,1975-76
Bill Cartwright,15,1980,1995,963,27491,4656,8868,0,2,3401,4412,1812,6106,1390,460,668,1892,2833,12713,.525,.000,.771,28.5,13.2,6.3,1.4,0.5,0.7,"Jul 30, 1957",Lodi,California ,US,NBA,1979-80
Tyson Chandler,19,2002,2020,1160,31617,3558,5964,0,11,2393,3714,3529,10467,967,630,1335,1656,3268,9509,.597,.000,.644,27.3,8.2,9.0,0.8,0.5,1.2,"Oct 2, 1982",Hanford,California ,US,NBA,2001-02
Phil Chenier,10,1972,1981,578,19116,4120,9271,6,15,1685,2091,366,2063,1742,682,238,157,1143,9931,.444,,.806,33.1,17.2,3.6,3.0,1.6,0.6,"Oct 30, 1950",Berkeley,California ,US,NBA,1971-72
Will Cherry,1,2015,2015,8,69,5,19,2,9,3,6,1,5,8,6,1,4,10,15,.263,.222,.500,8.6,1.9,0.6,1.0,0.8,0.1,"Feb 8, 1991",Oakland,California ,US,NBA,2014-15
Josh Childress,8,2005,2014,391,10432,1343,2571,99,301,763,980,732,1850,609,339,184,439,725,3548,.522,.329,.779,26.7,9.1,4.7,1.6,0.9,0.5,"Jun 20, 1983",Harbor City,California ,US,NBA,2004-05
Chris Childs,9,1995,2003,541,13617,1288,3196,372,1082,762,934,196,1308,2633,490,54,1064,1586,3710,.403,.344,.816,25.2,6.9,2.4,4.9,0.9,0.1,"Nov 20, 1967",Bakersfield,California ,US,NBA,1994-95
Marquese Chriss,6,2017,2022,292,5338,830,1822,161,555,385,577,362,1366,298,187,227,348,738,2206,.456,.290,.667,18.3,7.6,4.7,1.0,0.6,0.8,"Jul 2, 1997",Sacramento,California ,US,NBA,2016-17
Josh Christopher,3,2022,2025,146,2148,379,836,77,279,130,177,72,260,227,98,29,178,157,965,.453,.276,.734,14.7,6.6,1.8,1.6,0.7,0.2,"Dec 8, 2001",Carson,California ,US,NBA,2021-22
Patrick Christopher,1,2015,2015,4,29,3,12,0,4,0,0,2,6,0,1,0,1,6,6,.250,.000,,7.3,1.5,1.5,0.0,0.3,0.0,"Jun 3, 1988",Compton,California ,US,NBA,2014-15
Jaylen Clark,1,2025,2025,16,239,29,63,11,26,12,16,14,25,8,16,1,2,25,81,.460,.423,.750,14.9,5.1,1.6,0.5,1.0,0.1,"Oct 13, 2001",Riverside,California ,US,NBA,2024-25
Jarron Collins,10,2002,2011,542,8542,682,1500,0,5,731,1046,645,1579,419,138,98,334,1316,2095,.455,.000,.699,15.8,3.9,2.9,0.8,0.3,0.2,"Dec 2, 1978",Northridge,California ,US,NBA,2001-02
Jason Collins,13,2002,2014,735,14974,918,2234,7,34,778,1202,915,2706,626,368,359,605,2056,2621,.411,.206,.647,20.4,3.6,3.7,0.9,0.5,0.5,"Dec 2, 1978",Northridge,California ,US,NBA,2001-02
Darren Collison,11,2010,2022,711,20833,3272,6944,635,1613,1682,1973,332,1889,3545,820,106,1383,1212,8861,.471,.394,.853,29.3,12.5,2.7,5.0,1.2,0.1,"Aug 23, 1987",Rancho Cucamonga,California ,US,NBA,2009-10
Chance Comanche,1,2023,2023,1,21,3,5,0,0,1,4,2,3,0,0,1,0,0,7,.600,,.250,21.0,7.0,3.0,0.0,0.0,1.0,"Apr 14, 1996",Los Angeles,California ,US,NBA,2022-23
Anthony Cook,4,1991,1996,116,1499,166,378,0,6,86,164,172,428,34,43,91,66,140,418,.439,.000,.524,12.9,3.6,3.7,0.3,0.4,0.8,"Mar 19, 1967",Los Angeles,California ,US,NBA,1990-91
Darwin Cook,8,1981,1989,612,14156,2479,5475,55,280,807,1056,424,1308,2248,1044,203,1122,1315,5820,.453,.196,.764,23.1,9.5,2.1,3.7,1.7,0.3,"Aug 6, 1958",Los Angeles,California ,US,NBA,1980-81
Jeff Cook,8,1980,1988,518,9697,1085,2351,1,18,563,786,857,2334,707,306,215,569,1307,2734,.462,.056,.716,18.7,5.3,4.5,1.4,0.6,0.4,"Oct 21, 1956",West Covina,California ,US,NBA,1979-80
Player,Yrs,0,To,G,MP,FG,FGA,3P,3PA,FT,FTA,ORB,TRB,AST,STL,BLK,TOV,PF,PTS,FG%,3P%,FT%,MP,PTS,TRB,AST,STL,BLK,Date,City,California ,US,NBA,-1-
David Cooke,1,1986,1986,6,38,2,11,0,0,5,10,5,10,1,4,0,2,5,9,.182,,.500,6.3,1.5,1.7,0.2,0.7,0.0,"Sep 27, 1963",Sacramento,California ,US,NBA,1985-86
Michael Cooper*,12,1979,1990,873,23635,3014,6429,428,1260,1273,1529,741,2769,3666,1033,523,1429,2329,7729,.469,,.833,27.1,8.9,3.2,4.2,1.2,0.6,"Apr 15, 1956",Los Angeles,California ,US,NBA,1978-79
James Cotton,2,1998,1999,19,92,14,39,0,7,21,27,4,16,0,4,1,9,9,49,.359,.000,.778,4.8,2.6,0.8,0.0,0.2,0.1,"Dec 14, 1975",Los Angeles,California ,US,NBA,1997-98
John Coughran,1,1980,1980,24,160,29,81,2,9,8,14,2,19,12,7,1,13,24,68,.358,.222,.571,6.7,2.8,0.8,0.5,0.3,0.0,"Sep 12, 1951",Pittsburg,California ,US,NBA,1979-80
Allen Crabbe,7,2014,2020,381,9125,1226,2888,617,1596,384,462,109,1073,434,223,104,285,764,3453,.425,.387,.831,24.0,9.1,2.8,1.1,0.6,0.3,"Apr 9, 1992",Los Angeles,California ,US,NBA,2013-14
Hal Crisler,1,1947,1947,4,,2,6,,,2,2,,,0,,,,6,6,.333,,1.000,,1.5,,0.0,,,"Dec 31, 1923",Richmond,California ,US,NBA,1946-47
Russ Critchfield,1,1969,1969,47,439,53,147,0,3,55,84,11,29,54,,,33,41,161,.361,.000,.655,9.3,3.4,0.6,1.1,,,"Jun 27, 1946",Salinas,California ,US,NBA,1968-69
Winston Crite,2,1988,1989,31,264,34,71,0,0,19,25,28,65,15,5,8,26,43,87,.479,,.760,8.5,2.8,2.1,0.5,0.2,0.3,"Jun 20, 1965",Bakersfield,California ,US,NBA,1987-88
Austin Croshere,12,1998,2009,659,11480,1491,3659,429,1262,1064,1236,700,2649,627,245,216,656,1094,4475,.407,.340,.861,17.4,6.8,4.0,1.0,0.4,0.3,"May 1, 1975",Los Angeles,California ,US,NBA,1997-98
Mark Crow,1,1978,1978,15,154,35,80,,,14,20,14,27,8,5,1,12,24,84,.438,,.700,10.3,5.6,1.8,0.5,0.3,0.1,"Oct 22, 1954",Edwards AFB,California ,US,NBA,1977-78
Jared Cunningham,4,2013,2016,84,605,60,173,19,62,58,86,6,56,39,21,2,32,72,197,.347,.306,.674,7.2,2.3,0.7,0.5,0.3,0.0,"May 22, 1991",Oakland,California ,US,NBA,2012-13
Howie Dallmar,3,1947,1949,146,,519,1833,,,370,530,,,340,,,,386,1408,.283,,.698,,9.6,,2.3,,,"May 24, 1922",San Francisco,California ,US,NBA,1946-47
Antonio Davis,13,1994,2006,903,26084,3187,7120,2,23,2665,3668,2323,6755,1017,430,889,1346,2551,9041,.448,.087,.727,28.9,10.0,7.5,1.1,0.5,1.0,"Oct 31, 1968",Oakland,California ,US,NBA,1993-94
Baron Davis,13,2000,2012,835,28592,4888,11951,1332,4159,2339,3292,762,3183,6025,1530,360,2308,2361,13447,.409,.320,.711,34.2,16.1,3.8,7.2,1.8,0.4,"Apr 13, 1979",Los Angeles,California ,US,NBA,1999-00
Tyler Davis,1,2019,2019,1,1,0,1,0,0,0,0,1,1,0,0,0,0,0,0,.000,,,1.0,0.0,1.0,0.0,0.0,0.0,"May 22, 1997",San Jose,California ,US,NBA,2018-19
Austin Daye,6,2010,2015,293,4132,567,1410,188,535,200,257,143,764,212,116,117,204,480,1522,.402,.351,.778,14.1,5.2,2.6,0.7,0.4,0.4,"Jun 5, 1988",Irvine,California ,US,NBA,2009-10
Greg Deane,1,1980,1980,7,48,2,11,1,1,5,7,2,6,6,0,0,3,3,10,.182,1.000,.714,6.9,1.4,0.9,0.9,0.0,0.0,"Dec 6, 1957",Tulare,California ,US,NBA,1979-80
Dewayne Dedmon,10,2014,2023,515,8896,1287,2445,187,557,494,676,784,2970,358,258,409,497,1290,3255,.526,.336,.731,17.3,6.3,5.8,0.7,0.5,0.8,"Aug 12, 1989",Lancaster,California ,US,NBA,2013-14
Bryce Dejean-Jones,1,2016,2016,14,279,28,69,12,32,11,21,8,48,15,10,2,11,17,79,.406,.375,.524,19.9,5.6,3.4,1.1,0.7,0.1,"Aug 21, 1992",Los Angeles,California ,US,NBA,2015-16
Bison Dele,8,1992,1999,413,10004,1847,3499,2,14,840,1215,853,2564,440,320,355,822,1297,4536,.528,.143,.691,24.2,11.0,6.2,1.1,0.8,0.9,"Apr 6, 1969",Fresno,California ,US,NBA,1991-92
Player,Yrs,0,To,G,MP,FG,FGA,3P,3PA,FT,FTA,ORB,TRB,AST,STL,BLK,TOV,PF,PTS,FG%,3P%,FT%,MP,PTS,TRB,AST,STL,BLK,Date,City,California ,US,NBA,-1-
Dell Demps,3,1994,1997,20,108,21,42,1,3,16,21,2,9,9,6,1,13,12,59,.500,.333,.762,5.4,3.0,0.5,0.5,0.3,0.1,"Feb 12, 1970",Long Beach,California ,US,NBA,1993-94
DeMar DeRozan,16,2010,2025,1161,40293,8855,18852,584,1942,6417,7620,811,5107,4720,1159,383,2343,2607,24711,.470,.301,.842,34.7,21.3,4.4,4.1,1.0,0.3,"Aug 7, 1989",Compton,California ,US,NBA,2009-10
Coby Dietrick,13,1971,1983,842,16287,2150,4655,6,31,834,1134,1192,3772,1740,666,520,992,2336,5140,.462,,.735,19.3,6.1,4.5,2.1,0.9,0.6,"Jul 23, 1948",Riverside,California ,US,NBA,1970-71
Harry Dinnel,1,1968,1968,11,87,6,19,0,0,7,8,,23,5,,,8,14,19,.316,,.875,7.9,1.7,2.1,0.5,,,"Oct 9, 1940",Venice,California ,US,NBA,1967-68
Spencer Dinwiddie,11,2015,2025,598,16491,2523,6092,934,2795,1795,2248,247,1776,3013,425,161,970,1310,7775,.414,.334,.798,27.6,13.0,3.0,5.0,0.7,0.3,"Apr 6, 1993",Los Angeles,California ,US,NBA,2014-15
Tyler Dorsey,3,2018,2023,107,1680,255,651,117,333,83,124,45,245,135,31,7,64,116,710,.392,.351,.669,15.7,6.6,2.3,1.3,0.3,0.1,"Feb 18, 1996",Pasadena,California ,US,NBA,2017-18
Larry Drew II,2,2015,2018,22,289,27,82,7,35,2,3,4,18,55,6,0,28,19,63,.329,.200,.667,13.1,2.9,0.8,2.5,0.3,0.0,"Mar 5, 1990",Los Angeles,California ,US,NBA,2014-15
Ralph Drollinger,1,1981,1981,6,67,7,14,0,0,1,4,5,19,14,1,2,13,16,15,.500,,.250,11.2,2.5,3.2,2.3,0.2,0.3,"Apr 20, 1954",La Mesa,California ,US,NBA,1980-81
Jared Dudley,14,2008,2021,904,20117,2408,5197,883,2247,934,1276,805,2849,1394,710,167,763,1636,6633,.463,.393,.732,22.3,7.3,3.2,1.5,0.8,0.2,"Jul 10, 1985",San Diego,California ,US,NBA,2007-08
Craig Dykema,1,1982,1982,32,103,17,37,2,4,7,9,3,12,15,2,0,7,19,43,.459,.500,.778,3.2,1.3,0.4,0.5,0.1,0.0,"Jun 11, 1959",Lakewood,California ,US,NBA,1981-82
Jim Eakins,10,1969,1978,767,19023,2900,5753,0,3,2455,3114,1914,5578,1345,192,450,1362,2295,8255,.504,,.788,24.8,10.8,7.3,1.8,0.5,1.0,"May 24, 1946",Sacramento,California ,US,NBA,1968-69
Mark Eaton,11,1983,1993,875,25169,2072,4526,0,2,1072,1653,1857,6939,840,368,3064,1293,2955,5216,.458,.000,.649,28.8,6.0,7.9,1.0,0.4,3.5,"Jan 24, 1957",Westminster,California ,US,NBA,1982-83
Tyus Edney,4,1996,2001,226,4743,583,1438,65,202,497,617,122,393,910,217,6,395,387,1728,.405,.322,.806,21.0,7.6,1.7,4.0,1.0,0.0,"Feb 14, 1973",Gardena,California ,US,NBA,1995-96
Kessler Edwards,4,2022,2025,166,1966,206,504,92,269,35,46,88,341,94,64,46,67,184,539,.409,.342,.761,11.8,3.2,2.1,0.6,0.4,0.3,"Aug 9, 2000",Glendale,California ,US,NBA,2021-22
Shane Edwards,1,2014,2014,2,12,1,3,0,0,0,0,1,2,0,0,0,1,1,2,.333,,,6.0,1.0,1.0,0.0,0.0,0.0,"May 31, 1987",Los Angeles,California ,US,NBA,2013-14
LeRon Ellis,3,1992,1996,91,857,110,254,0,0,57,93,87,220,29,25,37,35,105,277,.433,,.613,9.4,3.0,2.4,0.3,0.3,0.4,"Apr 28, 1969",Los Angeles,California ,US,NBA,1991-92
Wayne Engelstad,1,1989,1989,11,50,11,29,0,0,6,10,5,16,7,1,0,3,12,28,.379,,.600,4.5,2.5,1.5,0.6,0.1,0.0,"Dec 6, 1965",Rosemead,California ,US,NBA,1988-89
James Ennis III,8,2015,2022,395,8022,907,1985,317,880,498,625,393,1306,373,244,113,303,792,2629,.457,.360,.797,20.3,6.7,3.3,0.9,0.6,0.3,"Jul 1, 1990",Ventura,California ,US,NBA,2014-15
Keith Erickson,12,1966,1977,766,18841,3014,6926,,,1223,1591,306,3449,1991,222,45,,2081,7251,.435,,.769,24.6,9.5,4.5,2.6,0.9,0.2,"Apr 19, 1944",San Francisco,California ,US,NBA,1965-66
John Fairchild,4,1966,1970,165,2277,414,1026,14,38,243,357,55,523,115,,,185,304,1085,.404,,.681,13.8,6.6,3.2,0.7,,,"Apr 28, 1943",Encinitas,California ,US,NBA,1965-66
Player,Yrs,0,To,G,MP,FG,FGA,3P,3PA,FT,FTA,ORB,TRB,AST,STL,BLK,TOV,PF,PTS,FG%,3P%,FT%,MP,PTS,TRB,AST,STL,BLK,Date,City,California ,US,NBA,-1-
Jordan Farmar,10,2007,2017,504,9840,1460,3452,583,1559,385,521,161,958,1453,391,56,695,713,3888,.423,.374,.739,19.5,7.7,1.9,2.9,0.8,0.1,"Nov 30, 1986",Los Angeles,California ,US,NBA,2006-07
Tony Farmer,2,1998,2000,101,1368,144,365,10,53,234,304,134,327,79,76,20,91,190,532,.395,.189,.770,13.5,5.3,3.2,0.8,0.8,0.2,"Jan 3, 1970",Los Angeles,California ,US,NBA,1997-98
Bob Feerick,4,1947,1950,221,,1077,2977,,,782,972,,,440,,,,592,2936,.362,,.805,,13.3,,2.0,,,"Jan 2, 1920",San Francisco,California ,US,NBA,1946-47
Noel Felix,1,2006,2006,12,82,6,25,1,3,5,8,3,13,2,2,3,8,13,18,.240,.333,.625,6.8,1.5,1.1,0.2,0.2,0.3,"Oct 4, 1981",Los Angeles,California ,US,NBA,2005-06
Eric Fernsten,6,1976,1984,218,1643,193,434,0,0,131,194,144,372,82,52,51,72,174,517,.445,,.675,7.5,2.4,1.7,0.4,0.2,0.2,"Nov 1, 1953",Oakland,California ,US,NBA,1975-76
Landry Fields,5,2011,2015,255,6010,684,1446,120,361,243,365,248,1092,419,212,45,270,310,1731,.473,.332,.666,23.6,6.8,4.3,1.6,0.8,0.2,"Jun 27, 1988",Long Beach,California ,US,NBA,2010-11
Malik Fitts,2,2021,2022,18,74,9,22,6,12,0,0,2,20,5,0,0,2,7,24,.409,.500,,4.1,1.3,1.1,0.3,0.0,0.0,"Jul 4, 1997",Lynwood,California ,US,NBA,2020-21
Isaac Fontaine,1,2002,2002,6,75,3,14,1,5,4,6,0,5,4,0,0,4,6,11,.214,.200,.667,12.5,1.8,0.8,0.7,0.0,0.0,"Apr 16, 1975",Sacramento,California ,US,NBA,2001-02
Don Ford,7,1976,1982,474,9301,1313,2828,1,7,389,503,544,1691,647,274,139,296,1004,3016,.464,,.773,19.6,6.4,3.6,1.4,0.6,0.3,"Dec 31, 1952",Santa Barbara,California ,US,NBA,1975-76
Jordan Ford,1,2024,2024,6,22,4,7,2,3,2,2,0,2,2,0,0,1,0,12,.571,.667,1.000,3.7,2.0,0.3,0.3,0.0,0.0,"May 26, 1998",Citrus Heights,California ,US,NBA,2023-24
Bayard Forrest,2,1978,1979,139,2130,229,510,,,111,218,194,565,296,52,71,191,256,569,.449,,.509,15.3,4.1,4.1,2.1,0.4,0.5,"Jul 8, 1954",San Jose,California ,US,NBA,1977-78
Greg Foster,13,1991,2003,656,7974,1047,2382,20,89,424,567,509,1691,351,94,194,465,1221,2538,.440,.225,.748,12.2,3.9,2.6,0.5,0.1,0.3,"Oct 3, 1968",Oakland,California ,US,NBA,1990-91
Tremaine Fowlkes,4,2002,2005,103,1233,105,257,4,20,87,110,94,228,54,47,6,50,146,301,.409,.200,.791,12.0,2.9,2.2,0.5,0.5,0.1,"Apr 11, 1976",Los Angeles,California ,US,NBA,2001-02
Jamaal Franklin,2,2014,2015,24,174,17,41,6,13,2,2,5,25,9,4,3,14,27,42,.415,.462,1.000,7.3,1.8,1.0,0.4,0.2,0.1,"Jul 21, 1991",Moreno Valley,California ,US,NBA,2013-14
Anthony Frederick,3,1989,1992,147,1640,291,663,6,22,130,186,137,280,135,76,45,132,200,718,.439,.273,.699,11.2,4.9,1.9,0.9,0.5,0.3,"Dec 7, 1964",Los Angeles,California ,US,NBA,1988-89
Herm Fuetsch,1,1948,1948,42,,42,140,,,25,40,,,17,,,,39,109,.300,,.625,,2.6,,0.4,,,"Jul 6, 1918",San Francisco,California ,US,NBA,1947-48
Corey Gaines,5,1989,1995,80,1002,92,217,11,48,53,72,12,69,247,39,4,72,98,248,.424,.229,.736,12.5,3.1,0.9,3.1,0.5,0.1,"Jun 1, 1965",Los Angeles,California ,US,NBA,1988-89
Gene Gallette,1,1947,1947,14,,1,11,,,6,9,,,2,,,,13,8,.091,,.667,,0.6,,0.1,,,"Feb 22, 1919",San Francisco,California ,US,NBA,1946-47
Marlon Garnett,1,1999,1999,24,205,15,51,6,23,15,20,3,21,18,5,1,12,18,51,.294,.261,.750,8.5,2.1,0.9,0.8,0.2,0.0,"Jul 3, 1975",Los Angeles,California ,US,NBA,1998-99
Dean Garrett,6,1997,2002,359,6969,722,1504,0,0,293,433,597,1810,204,168,372,203,687,1737,.480,,.677,19.4,4.8,5.0,0.6,0.5,1.0,"Nov 27, 1966",Los Angeles,California ,US,NBA,1996-97
Player,Yrs,0,To,G,MP,FG,FGA,3P,3PA,FT,FTA,ORB,TRB,AST,STL,BLK,TOV,PF,PTS,FG%,3P%,FT%,MP,PTS,TRB,AST,STL,BLK,Date,City,California ,US,NBA,-1-
Paul George,15,2011,2025,904,30376,6374,14493,2339,6100,3542,4152,747,5659,3350,1530,398,2409,2408,18629,.440,.383,.853,33.6,20.6,6.3,3.7,1.7,0.4,"May 2, 1990",Palmdale,California ,US,NBA,2010-11
John Gianelli,8,1973,1980,541,13650,1798,3823,0,0,614,875,967,3188,832,225,476,275,1270,4210,.470,,.702,25.2,7.8,5.9,1.5,0.5,1.0,"Jun 10, 1950",Stockton,California ,US,NBA,1972-73
Jonathan Gibson,2,2017,2018,21,271,49,118,21,57,21,29,1,25,30,8,0,24,26,140,.415,.368,.724,12.9,6.7,1.2,1.4,0.4,0.0,"Nov 8, 1987",West Covina,California ,US,NBA,2016-17
Normie Glick,1,1950,1950,1,,1,1,,,0,0,,,0,,,,1,2,1.000,,,,2.0,,0.0,,,"Nov 10, 1927",Los Angeles,California ,US,NBA,1949-50
Drew Gooden,14,2003,2016,790,20127,3432,7435,88,342,1701,2239,1878,5618,896,544,474,1158,1957,8653,.462,.257,.760,25.5,11.0,7.1,1.1,0.7,0.6,"Sep 24, 1981",Oakland,California ,US,NBA,2002-03
Gail Goodrich*,14,1966,1979,1031,33527,7431,16300,,,4319,5354,453,3279,4805,545,72,390,2775,19181,.456,,.807,32.5,18.6,3.2,4.7,1.3,0.2,"Apr 23, 1943",Los Angeles,California ,US,NBA,1965-66
Aaron Gordon,11,2015,2025,703,20545,3584,7437,728,2226,1543,2242,1232,4393,1884,514,439,1036,1374,9439,.482,.327,.688,29.2,13.4,6.2,2.7,0.7,0.6,"Sep 16, 1995",San Jose,California ,US,NBA,2014-15
Drew Gordon,1,2015,2015,9,71,8,19,0,3,1,2,7,18,2,1,0,8,7,17,.421,.000,.500,7.9,1.9,2.0,0.2,0.1,0.0,"Jul 12, 1990",San Jose,California ,US,NBA,2014-15
Ron Grandison,4,1989,1996,105,872,84,208,4,24,82,115,73,163,58,31,6,51,108,254,.404,.167,.713,8.3,2.4,1.6,0.6,0.3,0.1,"Jul 9, 1964",Los Angeles,California ,US,NBA,1988-89
Aaron Gray,7,2008,2014,318,3851,440,864,0,3,186,331,431,1190,207,94,87,265,678,1066,.509,.000,.562,12.1,3.4,3.7,0.7,0.3,0.3,"Dec 7, 1984",Tarzana,California ,US,NBA,2007-08
Ed Gray,2,1998,1999,60,809,130,384,30,88,83,102,16,73,46,27,12,59,103,373,.339,.341,.814,13.5,6.2,1.2,0.8,0.5,0.2,"Sep 27, 1975",Riverside,California ,US,NBA,1997-98
Evric Gray,1,1997,1997,5,42,4,15,1,4,4,4,1,3,2,1,0,3,5,13,.267,.250,1.000,8.4,2.6,0.6,0.4,0.2,0.0,"Dec 13, 1969",Bloomington,California ,US,NBA,1996-97
Erick Green,2,2015,2016,52,452,66,175,15,52,12,14,10,37,42,13,0,14,30,159,.377,.288,.857,8.7,3.1,0.7,0.8,0.3,0.0,"May 9, 1991",Inglewood,California ,US,NBA,2014-15
Jalen Green,4,2022,2025,282,9243,1968,4660,712,2086,1029,1285,150,1178,926,217,82,671,442,5677,.422,.341,.801,32.8,20.1,4.2,3.3,0.8,0.3,"Feb 9, 2002",Merced,California ,US,NBA,2021-22
Sean Green,3,1992,1994,84,671,153,396,15,61,31,50,36,85,45,33,13,63,63,352,.386,.246,.620,8.0,4.2,1.0,0.5,0.4,0.2,"Feb 2, 1970",Santa Monica,California ,US,NBA,1991-92
Dave Greenwood,12,1980,1991,823,23370,3251,6812,4,29,1922,2514,1921,6537,1614,583,736,1474,2605,8428,.477,.138,.765,28.4,10.2,7.9,2.0,0.7,0.9,"May 27, 1957",Lynwood,California ,US,NBA,1979-80
John Greig,1,1983,1983,9,26,7,13,0,0,5,6,2,6,0,0,1,2,4,19,.538,,.833,2.9,2.1,0.7,0.0,0.0,0.1,"Apr 28, 1961",Sacramento,California ,US,NBA,1982-83
Dennis Grey,2,1969,1970,62,1391,190,463,0,1,163,304,122,345,52,,,132,211,543,.410,.000,.536,22.4,8.8,5.6,0.8,,,"Aug 26, 1947",San Diego,California ,US,NBA,1968-69
Bob Gross,8,1976,1983,513,12575,1857,3629,5,28,848,1062,940,2253,1481,615,361,729,1484,4567,.512,,.798,24.5,8.9,4.4,2.9,1.2,0.7,"Aug 3, 1953",San Pedro,California ,US,NBA,1975-76
Jack Haley,9,1989,1998,341,3288,434,1022,0,3,312,476,340,922,82,60,48,216,574,1180,.425,.000,.655,9.6,3.5,2.7,0.2,0.2,0.1,"Jan 27, 1964",Long Beach,California ,US,NBA,1988-89
Player,Yrs,0,To,G,MP,FG,FGA,3P,3PA,FT,FTA,ORB,TRB,AST,STL,BLK,TOV,PF,PTS,FG%,3P%,FT%,MP,PTS,TRB,AST,STL,BLK,Date,City,California ,US,NBA,-1-
Daniel Hamilton,2,2018,2019,25,232,28,71,10,28,3,6,10,52,30,7,1,18,21,69,.394,.357,.500,9.3,2.8,2.1,1.2,0.3,0.0,"Aug 8, 1995",Los Angeles,California ,US,NBA,2017-18
Dennis Hamilton,4,1968,1971,144,1861,282,552,0,1,92,119,104,442,112,,,99,210,656,.511,,.773,12.9,4.6,3.1,0.8,,,"May 8, 1944",Huntington Beach,California ,US,NBA,1967-68
Jordan Hamilton,5,2012,2016,151,2100,342,839,137,384,69,103,89,429,127,73,34,102,144,890,.408,.357,.670,13.9,5.9,2.8,0.8,0.5,0.2,"Oct 6, 1990",Los Angeles,California ,US,NBA,2011-12
Justin Hamilton,3,2014,2017,113,1961,268,577,68,220,83,104,132,403,91,61,73,73,169,687,.464,.309,.798,17.4,6.1,3.6,0.8,0.5,0.6,"Apr 1, 1990",Newport Beach,California ,US,NBA,2013-14
Roy Hamilton,2,1980,1981,73,1121,116,290,0,2,104,152,47,110,192,48,5,119,83,336,.400,.000,.684,15.4,4.6,1.5,2.6,0.7,0.1,"Jul 20, 1957",Los Angeles,California ,US,NBA,1979-80
Alex Hannum*,8,1950,1957,516,7713,1182,3341,,,714,1135,,2013,857,,,,1955,3078,.354,,.629,19.8,6.0,4.5,1.7,,,"Jul 19, 1923",Los Angeles,California ,US,NBA,1949-50
Rollen Hans,2,1954,1955,80,1734,221,582,,,114,205,,176,207,,,,192,556,.380,,.556,21.7,7.0,2.2,2.6,,,"Apr 13, 1931",Los Angeles,California ,US,NBA,1953-54
Tim Hardaway Jr.,12,2014,2025,789,21609,3768,9027,1792,4955,1543,1899,249,2275,1449,481,105,789,1281,10871,.417,.362,.813,27.4,13.8,2.9,1.8,0.6,0.1,"Mar 16, 1992",Orinda,California ,US,NBA,2013-14
James Harden,16,2010,2025,1125,39045,7980,18165,3091,8523,7985,9269,849,6325,8086,1677,635,4158,2807,27036,.439,.363,.861,34.7,24.0,5.6,7.2,1.5,0.6,"Aug 26, 1989",Los Angeles,California ,US,NBA,2009-10
Elijah Harkless,1,2025,2025,10,138,11,35,7,25,3,6,9,21,8,10,1,3,18,32,.314,.280,.500,13.8,3.2,2.1,0.8,1.0,0.1,"Feb 3, 2000",San Bernardino,California ,US,NBA,2024-25
Lucious Harris,12,1994,2005,800,15701,2194,5151,402,1155,994,1258,554,1864,1130,556,86,594,1013,5784,.426,.348,.790,19.6,7.2,2.3,1.4,0.7,0.1,"Dec 18, 1970",Los Angeles,California ,US,NBA,1993-94
Jason Hart,9,2001,2010,341,5289,614,1473,64,203,331,420,76,567,774,253,34,275,528,1623,.417,.315,.788,15.5,4.8,1.7,2.3,0.7,0.1,"Apr 29, 1978",Los Angeles,California ,US,NBA,2000-01
Scott Haskin,1,1994,1994,27,186,21,45,0,0,13,19,17,55,6,2,15,13,33,55,.467,,.684,6.9,2.0,2.0,0.2,0.1,0.6,"Sep 19, 1970",Riverside,California ,US,NBA,1993-94
Juaquin Hawkins,1,2003,2003,58,685,57,148,10,24,10,20,16,78,47,29,6,29,57,134,.385,.417,.500,11.8,2.3,1.3,0.8,0.5,0.1,"Jul 2, 1973",Gardena,California ,US,NBA,2002-03
Chuck Hayes,11,2006,2016,644,11815,1047,2104,0,14,316,510,1119,3243,781,478,237,461,1485,2410,.498,.000,.620,18.3,3.7,5.0,1.2,0.7,0.4,"Jun 11, 1983",San Leandro,California ,US,NBA,2005-06
J.R. Henderson,1,1999,1999,30,331,35,96,2,5,25,45,20,47,22,9,4,18,29,97,.365,.400,.556,11.0,3.2,1.6,0.7,0.3,0.1,"Oct 30, 1976",Bakersfield,California ,US,NBA,1998-99
Jerome Henderson,2,1986,1987,7,39,6,16,0,0,4,4,2,8,0,1,1,6,13,16,.375,,1.000,5.6,2.3,1.1,0.0,0.1,0.1,"Oct 5, 1959",Los Angeles,California ,US,NBA,1985-86
Conner Henry,2,1987,1988,93,756,108,286,33,87,56,74,20,83,102,21,6,65,71,305,.378,.379,.757,8.1,3.3,0.9,1.1,0.2,0.1,"Jul 21, 1963",Claremont,California ,US,NBA,1986-87
Cory Higgins,2,2012,2013,44,455,58,179,5,25,43,62,8,38,41,8,6,39,45,164,.324,.200,.694,10.3,3.7,0.9,0.9,0.2,0.1,"Jun 14, 1989",Danville,California ,US,NBA,2011-12
Sean Higgins,6,1991,1998,220,3334,559,1305,93,290,164,193,115,402,226,73,32,239,351,1375,.428,.321,.850,15.2,6.3,1.8,1.0,0.3,0.1,"Dec 30, 1968",Los Angeles,California ,US,NBA,1990-91
Player,Yrs,0,To,G,MP,FG,FGA,3P,3PA,FT,FTA,ORB,TRB,AST,STL,BLK,TOV,PF,PTS,FG%,3P%,FT%,MP,PTS,TRB,AST,STL,BLK,Date,City,California ,US,NBA,-1-
Solomon Hill,9,2014,2022,448,9652,843,2175,362,1093,405,508,289,1399,662,307,99,377,765,2453,.388,.331,.797,21.5,5.5,3.1,1.5,0.7,0.2,"Mar 18, 1991",Los Angeles,California ,US,NBA,2013-14
Darnell Hillman,9,1972,1980,682,17609,2709,5682,5,30,1243,1980,1736,5187,957,452,782,1188,2491,6666,.477,,.628,25.8,9.8,7.6,1.4,0.9,1.3,"Aug 29, 1949",Sacramento,California ,US,NBA,1971-72
Jrue Holiday,16,2010,2025,1021,33645,6365,13772,1547,4185,1964,2496,972,4273,6367,1453,528,2657,2168,16241,.462,.370,.787,33.0,15.9,4.2,6.2,1.4,0.5,"Jun 12, 1990",Chatsworth,California ,US,NBA,2009-10
Justin Holiday,11,2013,2024,680,15717,1910,4779,1080,2962,544,666,235,1826,968,614,283,544,1092,5444,.400,.365,.817,23.1,8.0,2.7,1.4,0.9,0.4,"Apr 5, 1989",Mission Hills,California ,US,NBA,2012-13
Ryan Hollins,10,2007,2016,518,6134,687,1177,0,1,539,830,457,1140,151,94,271,384,1037,1913,.584,.000,.649,11.8,3.7,2.2,0.3,0.2,0.5,"Oct 10, 1984",Pasadena,California ,US,NBA,2006-07
Tyler Honeycutt,2,2012,2013,24,120,11,35,1,5,5,7,6,24,9,4,4,7,5,28,.314,.200,.714,5.0,1.2,1.0,0.4,0.2,0.2,"Jul 15, 1990",Los Angeles,California ,US,NBA,2011-12
Eddie House,11,2001,2011,717,12405,2078,5077,817,2096,383,450,164,1223,1112,470,58,569,927,5356,.409,.390,.851,17.3,7.5,1.7,1.6,0.7,0.1,"May 14, 1978",Berkeley,California ,US,NBA,2000-01
Jay Humphries,11,1985,1995,788,23062,3502,7362,219,738,1549,1981,529,2003,4339,1153,89,1533,2173,8772,.476,.297,.782,29.3,11.1,2.5,5.5,1.5,0.1,"Oct 17, 1962",Los Angeles,California ,US,NBA,1984-85
Roy Hurley,1,1947,1947,46,,100,447,,,39,64,,,34,,,,85,239,.224,,.609,,5.2,,0.7,,,"Aug 12, 1922",Arcadia,California ,US,NBA,1946-47
Mel Hutchins,7,1952,1958,437,16574,1931,4962,,,989,1470,,4186,1298,,,,1246,4851,.389,,.673,37.9,11.1,9.6,3.0,,,"Nov 22, 1928",Sacramento,California ,US,NBA,1951-52
Chandler Hutchison,4,2019,2022,103,1790,216,489,34,110,92,143,55,376,79,62,18,76,140,558,.442,.309,.643,17.4,5.4,3.7,0.8,0.6,0.2,"Apr 26, 1996",Mission Viejo,California ,US,NBA,2018-19
Darrall Imhoff,12,1961,1972,801,17874,2299,5016,,,1161,1954,,6099,1405,,,,2445,5759,.458,,.594,22.3,7.2,7.6,1.8,,,"Oct 11, 1938",San Gabriel,California ,US,NBA,1960-61
Josh Jackson,5,2018,2022,291,6718,1222,2939,263,901,569,837,250,1159,534,251,169,536,733,3276,.416,.292,.680,23.1,11.3,4.0,1.8,0.9,0.6,"Feb 10, 1997",San Diego,California ,US,NBA,2017-18
Quenton Jackson,3,2023,2025,30,400,58,119,10,36,34,45,12,39,48,14,6,15,43,160,.487,.278,.756,13.3,5.3,1.3,1.6,0.5,0.2,"Sep 15, 1998",Los Angeles,California ,US,NBA,2022-23
Ralph Jackson,1,1985,1985,1,12,1,3,0,0,0,0,1,1,4,2,0,1,1,2,.333,,,12.0,2.0,1.0,4.0,2.0,0.0,"Oct 26, 1962",Los Angeles,California ,US,NBA,1984-85
Casey Jacobsen,4,2003,2008,287,5320,476,1210,209,594,327,425,118,516,304,121,24,210,372,1488,.393,.352,.769,18.5,5.2,1.8,1.1,0.4,0.1,"Mar 19, 1981",Glendora,California ,US,NBA,2002-03
Jaime Jaquez Jr.,2,2024,2025,121,3176,494,1047,92,294,234,295,141,503,320,128,29,180,237,1314,.472,.313,.793,26.2,10.9,4.2,2.6,1.1,0.2,"Feb 18, 2001",Irvine,California ,US,NBA,2023-24
Chris Jefferies,2,2003,2004,72,861,102,266,35,96,42,63,21,88,29,23,23,64,92,281,.383,.365,.667,12.0,3.9,1.2,0.4,0.3,0.3,"Feb 13, 1980",Fresno,California ,US,NBA,2002-03
Richard Jefferson,17,2002,2018,1181,34293,5150,11102,1042,2769,3562,4639,917,4720,2412,787,347,1768,2637,14904,.464,.376,.768,29.0,12.6,4.0,2.0,0.7,0.3,"Jun 21, 1980",Los Angeles,California ,US,NBA,2001-02
Brandon Jennings,9,2010,2018,555,16844,2750,7099,914,2648,1387,1743,329,1659,3151,679,98,1203,996,7801,.387,.345,.796,30.3,14.1,3.0,5.7,1.2,0.2,"Sep 23, 1989",Compton,California ,US,NBA,2009-10
Player,Yrs,0,To,G,MP,FG,FGA,3P,3PA,FT,FTA,ORB,TRB,AST,STL,BLK,TOV,PF,PTS,FG%,3P%,FT%,MP,PTS,TRB,AST,STL,BLK,Date,City,California ,US,NBA,-1-
Chris Jent,2,1994,1997,6,88,15,32,6,14,1,2,5,16,8,0,0,5,15,37,.469,.429,.500,14.7,6.2,2.7,1.3,0.0,0.0,"Jan 11, 1970",Orange,California ,US,NBA,1993-94
Grant Jerrett,1,2015,2015,8,51,7,26,1,15,1,1,2,9,3,2,2,3,11,16,.269,.067,1.000,6.4,2.0,1.1,0.4,0.3,0.3,"Jul 8, 1993",Costa Mesa,California ,US,NBA,2014-15
Eugene Jeter,1,2011,2011,62,858,106,259,6,30,37,41,9,70,162,29,2,51,54,255,.409,.200,.902,13.8,4.1,1.1,2.6,0.5,0.0,"Dec 2, 1983",Los Angeles,California ,US,NBA,2010-11
AJ Johnson,1,2025,2025,10,70,11,27,4,10,1,2,0,9,12,1,0,5,5,27,.407,.400,.500,7.0,2.7,0.9,1.2,0.1,0.0,"Dec 1, 2004",Fresno,California ,US,NBA,2024-25
Amir Johnson,14,2006,2019,870,18323,2558,4490,107,322,879,1307,1723,4692,1073,524,839,932,2578,6102,.570,.332,.673,21.1,7.0,5.4,1.2,0.6,1.0,"May 1, 1987",Los Angeles,California ,US,NBA,2005-06
Andy Johnson,4,1959,1962,292,6772,1083,2762,,,681,1126,,1190,675,,,,868,2847,.392,,.605,23.2,9.8,4.1,2.3,,,"Nov 8, 1932",Los Angeles,California ,US,NBA,1958-59
Dennis Johnson*,14,1977,1990,1100,35954,5832,13100,80,464,3791,4754,1459,4249,5499,1477,675,2448,3087,15535,.445,,.797,32.7,14.1,3.9,5.0,1.3,0.6,"Sep 18, 1954",San Pedro,California ,US,NBA,1976-77
Keshad Johnson,1,2025,2025,10,57,7,12,1,4,1,6,2,17,3,1,4,3,5,16,.583,.250,.167,5.7,1.6,1.7,0.3,0.1,0.4,"Jun 23, 2001",Oakland,California ,US,NBA,2024-25
Kevin Johnson,12,1988,2000,735,25061,4512,9160,160,524,3943,4691,487,2404,6711,1082,176,2258,1541,13127,.493,.305,.841,34.1,17.9,3.3,9.1,1.5,0.2,"Mar 4, 1966",Sacramento,California ,US,NBA,1987-88
Orlando Johnson,3,2013,2016,103,1112,117,327,47,151,48,66,33,180,69,20,14,48,86,329,.358,.311,.727,10.8,3.2,1.7,0.7,0.2,0.1,"Mar 11, 1989",Monterey,California ,US,NBA,2012-13
Stanley Johnson,8,2016,2023,449,8879,1028,2630,340,1114,410,548,253,1404,679,383,106,480,871,2806,.391,.305,.748,19.8,6.2,3.1,1.5,0.9,0.2,"May 29, 1996",Los Angeles,California ,US,NBA,2015-16
Bobby Jones,2,2007,2008,91,867,103,233,19,62,63,92,51,149,44,26,4,46,144,288,.442,.306,.685,9.5,3.2,1.6,0.5,0.3,0.0,"Jan 9, 1984",Compton,California ,US,NBA,2006-07
Ozell Jones,2,1985,1986,70,906,106,182,0,1,33,83,65,240,56,32,58,64,144,245,.582,.000,.398,12.9,3.5,3.4,0.8,0.5,0.8,"Nov 20, 1960",Long Beach,California ,US,NBA,1984-85
Phil Jordon,7,1957,1963,442,10792,1965,4941,,,903,1302,,3028,769,,,,1246,4833,.398,,.694,24.4,10.9,6.9,1.7,,,"Sep 12, 1933",Lakeport,California ,US,NBA,1956-57
Johnny Juzang,3,2023,2025,77,1288,187,452,113,309,38,49,40,178,69,26,10,35,119,525,.414,.366,.776,16.7,6.8,2.3,0.9,0.3,0.1,"Mar 17, 2001",Los Angeles,California ,US,NBA,2022-23
Jason Kapono,9,2004,2012,509,9068,1336,3026,457,1054,269,322,165,844,417,180,25,327,777,3398,.442,.434,.835,17.8,6.7,1.7,0.8,0.4,0.0,"Feb 4, 1981",Long Beach,California ,US,NBA,2003-04
Adam Keefe,9,1993,2001,617,10334,1120,2230,1,14,866,1213,999,2556,427,307,173,545,1114,3107,.502,.071,.714,16.7,5.0,4.1,0.7,0.5,0.3,"Feb 22, 1970",Irvine,California ,US,NBA,1992-93
Rich Kelley,11,1976,1986,814,17711,2166,4435,0,10,1867,2384,1872,5678,2092,694,749,1576,2613,6199,.488,,.783,21.8,7.6,7.0,2.6,0.9,0.9,"Mar 23, 1953",San Mateo,California ,US,NBA,1975-76
Jason Kidd*,19,1995,2013,1391,50111,6219,15557,1988,5701,3103,3954,1768,8725,12091,2684,450,4003,2572,17529,.400,.349,.785,36.0,12.6,6.3,8.7,1.9,0.3,"Mar 23, 1973",San Francisco,California ,US,NBA,1994-95
Kyle Korver,17,2004,2020,1232,31183,4103,9277,2450,5715,1297,1479,345,3643,2114,804,403,1290,2522,11953,.442,.429,.877,25.3,9.7,3.0,1.7,0.7,0.3,"Mar 17, 1981",Lakewood,California ,US,NBA,2003-04
Player,Yrs,0,To,G,MP,FG,FGA,3P,3PA,FT,FTA,ORB,TRB,AST,STL,BLK,TOV,PF,PTS,FG%,3P%,FT%,MP,PTS,TRB,AST,STL,BLK,Date,City,California ,US,NBA,-1-
Joel Kramer,5,1979,1983,328,4184,483,1008,0,3,291,395,337,916,343,140,62,264,585,1257,.479,,.737,12.8,3.8,2.8,1.0,0.4,0.2,"Nov 30, 1955",San Diego,California ,US,NBA,1978-79
Frank Kudelka,4,1950,1953,228,2150,614,1853,,,414,585,,521,490,,,,738,1642,.331,,.708,21.3,7.2,3.2,2.1,,,"Jun 25, 1925",San Francisco,California ,US,NBA,1949-50
Edgar Lacey,1,1969,1969,46,609,98,219,0,2,38,67,70,180,30,,,63,92,234,.447,.000,.567,13.2,5.1,3.9,0.7,,,"Aug 2, 1944",Los Angeles,California ,US,NBA,1968-69
John Lambert,7,1976,1982,446,5564,725,1694,1,12,237,342,561,1493,248,153,172,258,863,1688,.428,,.693,12.5,3.8,3.3,0.6,0.3,0.4,"Jan 14, 1953",Berkeley,California ,US,NBA,1975-76
Trajan Langdon,3,2000,2002,119,1738,220,529,86,217,121,133,29,159,152,56,14,98,179,647,.416,.396,.910,14.6,5.4,1.3,1.3,0.5,0.1,"May 13, 1976",Palo Alto,California ,US,NBA,1999-00
Jake LaRavia,3,2023,2025,122,2264,278,655,119,326,164,218,145,408,215,89,38,138,214,839,.424,.365,.752,18.6,6.9,3.3,1.8,0.7,0.3,"Nov 3, 2001",Pasadena,California ,US,NBA,2022-23
Eric Leckner,8,1989,1997,449,5448,713,1403,0,5,409,611,362,1418,211,84,140,386,1014,1835,.508,.000,.669,12.1,4.1,3.2,0.5,0.2,0.3,"May 27, 1966",Inglewood,California ,US,NBA,1988-89
Dave Lee,2,1968,1969,58,769,126,285,2,6,120,140,3,187,20,,,44,83,374,.442,.333,.857,13.3,6.4,3.2,0.3,,,"Mar 31, 1942",Modesto,California ,US,NBA,1967-68
Greg Lee,2,1975,1976,10,98,10,19,0,0,4,4,1,5,24,6,0,6,12,24,.526,,1.000,9.8,2.4,0.5,2.4,0.6,0.0,"Dec 12, 1951",Reseda,California ,US,NBA,1974-75
Malcolm Lee,3,2012,2015,36,534,52,136,10,34,26,37,24,65,51,20,10,27,52,140,.382,.294,.703,14.8,3.9,1.8,1.4,0.6,0.3,"May 22, 1990",Riverside,California ,US,NBA,2011-12
Rock Lee,1,1982,1982,2,10,1,2,0,0,0,4,0,1,2,0,0,0,3,2,.500,,.000,5.0,1.0,0.5,1.0,0.0,0.0,"May 1, 1955",La Jolla,California ,US,NBA,1981-82
Kawhi Leonard,13,2012,2025,712,22525,5149,10346,1136,2909,2773,3220,846,4516,2164,1213,461,1173,1191,14207,.498,.391,.861,31.6,20.0,6.3,3.0,1.7,0.6,"Jun 29, 1991",Los Angeles,California ,US,NBA,2011-12
Cliff Levingston,11,1983,1995,830,16962,2333,4524,5,33,1217,1800,1772,4307,752,534,593,829,2299,5888,.516,.152,.676,20.4,7.1,5.2,0.9,0.6,0.7,"Jan 4, 1961",San Diego,California ,US,NBA,1982-83
Todd Lichti,5,1990,1994,237,4240,733,1595,19,78,385,488,177,505,325,179,45,254,417,1870,.460,.244,.789,17.9,7.9,2.1,1.4,0.8,0.2,"Jan 8, 1967",Walnut Creek,California ,US,NBA,1989-90
Damian Lillard,13,2013,2025,888,32197,7183,16380,2767,7453,5194,5780,531,3791,6004,858,266,2514,1693,22327,.439,.371,.899,36.3,25.1,4.3,6.8,1.0,0.3,"Jul 15, 1990",Oakland,California ,US,NBA,2012-13
Jeremy Lin,9,2011,2019,480,12218,1885,4349,449,1313,1348,1666,197,1338,2042,519,175,1085,1060,5567,.433,.342,.809,25.5,11.6,2.8,4.3,1.1,0.4,"Aug 23, 1988",Torrance,California ,US,NBA,2010-11
Ron Livingstone,2,1950,1951,117,,267,932,,,198,286,,297,217,,,,480,732,.286,,.692,,6.3,4.7,1.9,,,"Oct 9, 1925",Oakland,California ,US,NBA,1949-50
Rob Lock,1,1989,1989,20,110,9,32,0,0,12,15,14,32,4,3,4,13,15,30,.281,,.800,5.5,1.5,1.6,0.2,0.2,0.2,"May 22, 1966",Reedley,California ,US,NBA,1988-89
Don Lofgran,4,1951,1954,209,3422,436,1324,,,393,568,,817,216,,,,491,1265,.329,,.692,23.1,6.1,3.9,1.0,,,"Nov 8, 1929",Oakland,California ,US,NBA,1950-51
Brook Lopez,17,2009,2025,1080,32722,6542,13205,1040,2961,3039,3813,2117,6602,1566,621,2020,1722,2815,17163,.495,.351,.797,30.3,15.9,6.1,1.5,0.6,1.9,"Apr 1, 1988",North Hollywood,California ,US,NBA,2008-09
Player,Yrs,0,To,G,MP,FG,FGA,3P,3PA,FT,FTA,ORB,TRB,AST,STL,BLK,TOV,PF,PTS,FG%,3P%,FT%,MP,PTS,TRB,AST,STL,BLK,Date,City,California ,US,NBA,-1-
Robin Lopez,16,2009,2024,992,20937,3484,6488,57,192,1301,1751,2147,4660,819,219,1045,1063,1858,8326,.537,.297,.743,21.1,8.4,4.7,0.8,0.2,1.1,"Apr 1, 1988",North Hollywood,California ,US,NBA,2008-09
Jim Loscutoff,9,1956,1964,511,9431,1333,3868,,,490,750,,2848,353,,,,1497,3156,.345,,.653,18.5,6.2,5.6,0.7,,,"Feb 4, 1930",San Francisco,California ,US,NBA,1955-56
Kevin Love,17,2009,2025,948,27461,5068,11568,1671,4533,3596,4342,2211,9480,2170,576,366,1678,1837,15403,.438,.369,.828,29.0,16.2,10.0,2.3,0.6,0.4,"Sep 7, 1988",Santa Monica,California ,US,NBA,2008-09
Stan Love,4,1972,1975,239,3515,649,1474,0,0,281,374,91,929,181,44,37,6,594,1579,.440,,.751,14.7,6.6,3.9,0.8,0.5,0.4,"Apr 9, 1949",Los Angeles,California ,US,NBA,1971-72
Mike Lynn,2,1970,1971,49,428,46,140,,,34,51,,68,31,,,,96,126,.329,,.667,8.7,2.6,1.4,0.6,,,"Nov 25, 1945",Covina,California ,US,NBA,1969-70
Don MacLean,9,1993,2001,319,6679,1320,2902,56,197,794,1038,356,1210,404,118,51,398,598,3490,.455,.284,.765,20.9,10.9,3.8,1.3,0.4,0.2,"Jan 16, 1970",Palo Alto,California ,US,NBA,1992-93
Tito Maddox,1,2003,2003,9,35,3,12,0,3,5,8,1,7,5,3,1,3,4,11,.250,.000,.625,3.9,1.2,0.8,0.6,0.3,0.1,"Jun 7, 1981",Compton,California ,US,NBA,2002-03
Gerald Madkins,3,1994,1998,48,420,26,71,12,32,16,21,3,26,65,24,1,29,36,80,.366,.375,.762,8.8,1.7,0.5,1.4,0.5,0.0,"Apr 18, 1969",Merced,California ,US,NBA,1993-94
Mark Madsen,9,2001,2009,453,5335,381,834,1,16,212,402,559,1157,181,116,102,206,866,975,.457,.063,.527,11.8,2.2,2.6,0.4,0.3,0.2,"Jan 28, 1976",Walnut Creek,California ,US,NBA,2000-01
John Mandic,2,1949,1950,81,,119,377,,,97,147,,,88,,,,205,335,.316,,.660,,4.1,,1.1,,,"Oct 3, 1919",Los Angeles,California ,US,NBA,1948-49
KJ Martin,5,2021,2025,292,6287,1015,1853,180,536,335,501,341,1198,343,139,140,234,515,2545,.548,.336,.669,21.5,8.7,4.1,1.2,0.5,0.5,"Jan 6, 2001",Gardena,California ,US,NBA,2020-21
Jared McCain,1,2025,2025,23,592,126,274,51,133,49,56,13,56,60,15,0,37,37,352,.460,.383,.875,25.7,15.3,2.4,2.6,0.7,0.0,"Feb 20, 2004",Sacramento,California ,US,NBA,2024-25
Dan McClintock,1,2001,2001,6,58,9,18,0,0,0,5,10,17,1,0,2,3,11,18,.500,,.000,9.7,3.0,2.8,0.2,0.0,0.3,"Apr 19, 1977",Fountain Valley,California ,US,NBA,2000-01
Jelani McCoy,8,1999,2008,260,3824,510,947,0,0,180,367,285,921,135,75,193,245,521,1200,.539,,.490,14.7,4.6,3.5,0.5,0.3,0.7,"Dec 6, 1977",Oakland,California ,US,NBA,1998-99
Ben McDonald,4,1986,1989,176,3692,463,989,10,44,125,172,215,568,236,77,17,149,487,1061,.468,.227,.727,21.0,6.0,3.2,1.3,0.4,0.1,"Jul 20, 1962",Torrance,California ,US,NBA,1985-86
Dominic McGuire,6,2008,2013,342,5348,388,927,3,16,160,243,344,1169,422,154,184,242,501,939,.419,.188,.658,15.6,2.7,3.4,1.2,0.5,0.5,"Oct 20, 1985",San Diego,California ,US,NBA,2007-08
Carlton McKinney,2,1990,1992,9,113,10,41,0,1,2,4,4,13,7,6,1,7,16,22,.244,.000,.500,12.6,2.4,1.4,0.8,0.7,0.1,"Oct 21, 1964",San Diego,California ,US,NBA,1989-90
Jordan McLaughlin,6,2020,2025,273,3929,423,955,166,447,118,161,87,406,782,220,31,183,202,1130,.443,.371,.733,14.4,4.1,1.5,2.9,0.8,0.1,"Apr 9, 1996",Etiwanda,California ,US,NBA,2019-20
Mark McNamara,8,1983,1991,278,2707,362,707,0,0,256,467,345,827,77,35,39,223,374,980,.512,,.548,9.7,3.5,3.0,0.3,0.1,0.1,"Jun 8, 1959",San Jose,California ,US,NBA,1982-83
Joe McNamee,2,1951,1952,118,695,116,389,,,57,92,,238,58,,,,196,289,.298,,.620,12.0,2.4,2.0,0.5,,,"Sep 24, 1926",San Francisco,California ,US,NBA,1950-51
Player,Yrs,0,To,G,MP,FG,FGA,3P,3PA,FT,FTA,ORB,TRB,AST,STL,BLK,TOV,PF,PTS,FG%,3P%,FT%,MP,PTS,TRB,AST,STL,BLK,Date,City,California ,US,NBA,-1-
Chris McNealy,3,1986,1988,108,1864,181,397,0,0,104,158,160,494,110,90,30,116,274,466,.456,,.658,17.3,4.3,4.6,1.0,0.8,0.3,"Jul 15, 1961",Fresno,California ,US,NBA,1985-86
De'Anthony Melton,7,2019,2025,356,8147,1152,2810,542,1470,385,494,265,1316,988,502,172,488,728,3231,.410,.369,.779,22.9,9.1,3.7,2.8,1.4,0.5,"May 28, 1998",North Hollywood,California ,US,NBA,2018-19
Chimezie Metu,6,2019,2024,260,3565,589,1191,107,359,237,301,174,908,197,139,95,199,325,1522,.495,.298,.787,13.7,5.9,3.5,0.8,0.5,0.4,"Mar 22, 1997",Los Angeles,California ,US,NBA,2018-19
Dave Meyers,4,1976,1980,281,7471,1208,2623,1,5,732,1083,527,1771,652,272,143,395,755,3149,.461,,.676,26.6,11.2,6.3,2.3,1.0,0.5,"Apr 21, 1953",San Diego,California ,US,NBA,1975-76
Vern Mikkelsen*,10,1950,1959,699,18443,3547,8812,,,2969,3874,,5940,1515,,,,2812,10063,.403,,.766,32.5,14.4,9.4,2.2,,,"Oct 21, 1928",Fresno,California ,US,NBA,1949-50
Andre Miller,17,2000,2016,1304,40268,6035,13104,193,888,4015,4975,1373,4795,8524,1546,227,3121,2882,16278,.461,.217,.807,30.9,12.5,3.7,6.5,1.2,0.2,"Mar 19, 1976",Los Angeles,California ,US,NBA,1999-00
Jordan Miller,2,2024,2025,38,400,59,135,9,38,28,35,25,57,33,15,5,23,24,155,.437,.237,.800,10.5,4.1,1.5,0.9,0.4,0.1,"Jan 23, 2000",Anaheim,California ,US,NBA,2023-24
Reggie Miller*,18,1988,2005,1389,47619,8241,17499,2560,6486,6237,7026,883,4182,4141,1505,299,2409,2730,25279,.471,.395,.888,34.3,18.2,3.0,3.0,1.1,0.2,"Aug 24, 1965",Riverside,California ,US,NBA,1987-88
Chris Mills,10,1994,2003,568,17282,2391,5541,439,1251,1136,1391,772,2808,1063,421,247,726,1532,6357,.432,.351,.817,30.4,11.2,4.9,1.9,0.7,0.4,"Jan 25, 1970",Los Angeles,California ,US,NBA,1993-94
Harold Miner,4,1993,1996,200,3748,692,1504,23,74,394,502,191,432,245,80,27,278,370,1801,.460,.311,.785,18.7,9.0,2.2,1.2,0.4,0.1,"May 5, 1971",Inglewood,California ,US,NBA,1992-93
Evan Mobley,4,2022,2025,249,8110,1636,2977,121,401,656,939,556,2222,715,206,387,467,602,4049,.550,.302,.699,32.6,16.3,8.9,2.9,0.8,1.6,"Jun 18, 2001",San Diego,California ,US,NBA,2021-22
Isaiah Mobley,2,2023,2024,22,156,22,52,6,18,4,5,7,30,9,6,3,3,14,54,.423,.333,.800,7.1,2.5,1.4,0.4,0.3,0.1,"Sep 24, 1999",San Diego,California ,US,NBA,2022-23
Darius Morris,4,2012,2015,132,1464,166,432,47,146,51,81,40,126,189,45,2,112,127,430,.384,.322,.630,11.1,3.3,1.0,1.4,0.3,0.0,"Jan 3, 1991",Los Angeles,California ,US,NBA,2011-12
Red Morrison,3,1955,1958,155,2216,218,550,,,119,208,,822,135,,,,393,555,.396,,.572,14.3,3.6,5.3,0.9,,,"Apr 26, 1932",Fresno,California ,US,NBA,1954-55
Richard Morton,1,1989,1989,2,11,3,4,0,0,0,0,0,0,1,0,0,1,2,6,.750,,,5.5,3.0,0.0,0.5,0.0,0.0,"Feb 2, 1966",San Francisco,California ,US,NBA,1988-89
Erwin Mueller,8,1967,1974,445,9766,1309,3070,0,0,669,1074,17,2100,881,0,0,25,927,3287,.426,,.623,21.9,7.4,4.7,2.0,0.0,0.0,"Mar 12, 1944",Livermore,California ,US,NBA,1966-67
Shabazz Muhammad,5,2014,2018,278,4772,940,1988,123,386,501,667,294,770,151,81,24,183,283,2504,.473,.319,.751,17.2,9.0,2.8,0.5,0.3,0.1,"Nov 13, 1992",Los Angeles,California ,US,NBA,2013-14
Chris Munk,1,1991,1991,11,29,3,7,0,0,7,12,5,14,1,1,2,5,5,13,.429,,.583,2.6,1.2,1.3,0.1,0.1,0.2,"Aug 5, 1967",San Francisco,California ,US,NBA,1990-91
Tod Murphy,5,1988,1994,191,4071,396,872,18,62,239,352,340,941,183,113,88,112,382,1049,.454,.290,.679,21.3,5.5,4.9,1.0,0.6,0.5,"Dec 24, 1963",Long Beach,California ,US,NBA,1987-88
Lamond Murray,11,1995,2006,736,18477,3137,7301,528,1466,1484,1955,936,3033,978,684,319,1207,1471,8286,.430,.360,.759,25.1,11.3,4.1,1.3,0.9,0.4,"Apr 20, 1973",Pasadena,California ,US,NBA,1994-95
Player,Yrs,0,To,G,MP,FG,FGA,3P,3PA,FT,FTA,ORB,TRB,AST,STL,BLK,TOV,PF,PTS,FG%,3P%,FT%,MP,PTS,TRB,AST,STL,BLK,Date,City,California ,US,NBA,-1-
Tracy Murray,12,1993,2004,659,12103,2181,5070,753,1942,828,999,505,1649,508,361,161,603,1099,5943,.430,.388,.829,18.4,9.0,2.5,0.8,0.5,0.2,"Jul 25, 1971",Los Angeles,California ,US,NBA,1992-93
Paul Napolitano,1,1949,1949,1,,0,0,,,0,0,,,0,,,,0,0,,,,,0.0,,0.0,,,"Feb 3, 1923",Clayton,California ,US,NBA,1948-49
DeMarcus Nelson,1,2009,2009,13,171,24,54,0,3,5,14,6,24,13,9,2,15,24,53,.444,.000,.357,13.2,4.1,1.8,1.0,0.7,0.2,"Nov 2, 1985",Oakland,California ,US,NBA,2008-09
Louie Nelson,5,1974,1978,224,4947,819,1874,,,475,644,197,527,436,202,21,48,437,2113,.437,,.738,22.1,9.4,2.4,1.9,0.9,0.1,"May 28, 1951",Los Angeles,California ,US,NBA,1973-74
Bob Netolicky,9,1968,1976,618,20554,4058,8248,12,62,1748,2644,2110,5518,848,37,52,1182,1365,9876,.492,.194,.661,33.3,16.0,8.9,1.4,0.3,0.4,"Aug 2, 1942",San Francisco,California ,US,NBA,1967-68
Mike Niles,1,1981,1981,44,231,48,138,2,4,17,37,26,58,15,8,1,25,41,115,.348,.500,.459,5.3,2.6,1.3,0.3,0.2,0.0,"Mar 31, 1955",Los Angeles,California ,US,NBA,1980-81
James Nunnally,3,2014,2021,37,315,32,93,20,62,11,15,3,33,18,7,2,10,22,95,.344,.323,.733,8.5,2.6,0.9,0.5,0.2,0.1,"Jul 14, 1990",San Jose,California ,US,NBA,2013-14
David Nwaba,6,2017,2022,237,4583,603,1231,87,272,329,489,236,866,246,177,106,163,447,1622,.490,.320,.673,19.3,6.8,3.7,1.0,0.7,0.4,"Jan 14, 1993",Los Angeles,California ,US,NBA,2016-17
Charles O'Bannon,2,1998,1999,48,399,50,125,0,4,20,23,32,67,29,11,4,17,37,120,.400,.000,.870,8.3,2.5,1.4,0.6,0.2,0.1,"Feb 22, 1975",Bellflower,California ,US,NBA,1997-98
Ed O'Bannon,2,1996,1997,128,2062,249,679,28,126,108,143,115,316,102,73,23,82,192,634,.367,.222,.755,16.1,5.0,2.5,0.8,0.6,0.2,"Aug 14, 1972",Los Angeles,California ,US,NBA,1995-96
J.J. O'Brien,1,2016,2016,2,6,0,1,0,0,0,0,0,1,0,1,0,0,1,0,.000,,,3.0,0.0,0.5,0.0,0.5,0.0,"Apr 8, 1992",San Diego,California ,US,NBA,2015-16
Dick O'Keefe,4,1948,1951,172,,316,1162,,,256,400,,37,160,,,,499,888,.272,,.640,,5.2,2.2,0.9,,,"Sep 29, 1923",San Francisco,California ,US,NBA,1947-48
Mike O'Neill,1,1953,1953,4,50,4,17,,,4,4,,9,3,,,,10,12,.235,,1.000,12.5,3.0,2.3,0.8,,,"Aug 11, 1928",Berkeley,California ,US,NBA,1952-53
Kevin O'Shea,3,1951,1953,174,2368,311,922,,,289,425,,402,358,,,,356,911,.337,,.680,21.3,5.2,2.3,2.1,,,"Jul 10, 1925",San Francisco,California ,US,NBA,1950-51
Bud Ogden,2,1970,1971,74,490,106,238,,,45,65,,106,48,,,,83,257,.445,,.692,6.6,3.5,1.4,0.6,,,"Dec 29, 1946",San Luis Obispo,California ,US,NBA,1969-70
Onyeka Okongwu,5,2021,2025,283,6132,1033,1660,48,165,468,625,681,1799,336,177,304,250,783,2582,.622,.291,.749,21.7,9.1,6.4,1.2,0.6,1.1,"Dec 11, 2000",Los Angeles,California ,US,NBA,2020-21
KZ Okpala,4,2020,2023,98,965,85,208,28,98,24,36,40,148,47,23,26,28,125,222,.409,.286,.667,9.8,2.3,1.5,0.5,0.2,0.3,"Apr 28, 1999",Orange County,California ,US,NBA,2019-20
Cameron Oliver,2,2021,2022,6,130,29,48,5,16,3,7,7,27,8,3,5,3,16,66,.604,.313,.429,21.7,11.0,4.5,1.3,0.5,0.8,"Jul 11, 1996",Oakland,California ,US,NBA,2020-21
Miye Oni,3,2020,2022,80,672,49,140,38,115,9,12,29,108,37,15,10,21,77,145,.350,.330,.750,8.4,1.8,1.4,0.5,0.2,0.1,"Aug 4, 1997",Los Angeles,California ,US,NBA,2019-20
Jim Owens,2,1974,1975,58,533,77,184,,,23,30,8,52,64,21,2,,33,177,.418,,.767,9.2,3.1,0.9,1.1,0.4,0.0,"May 1, 1950",Los Angeles,California ,US,NBA,1973-74
Player,Yrs,0,To,G,MP,FG,FGA,3P,3PA,FT,FTA,ORB,TRB,AST,STL,BLK,TOV,PF,PTS,FG%,3P%,FT%,MP,PTS,TRB,AST,STL,BLK,Date,City,California ,US,NBA,-1-
Keith Owens,1,1992,1992,20,80,9,32,0,0,8,10,8,15,3,5,4,2,11,26,.281,,.800,4.0,1.3,0.8,0.2,0.3,0.2,"May 31, 1969",San Francisco,California ,US,NBA,1991-92
Ray Owes,1,1997,1997,57,592,75,180,1,5,26,46,64,163,15,15,20,23,86,177,.417,.200,.565,10.4,3.1,2.9,0.3,0.3,0.4,"Dec 11, 1972",San Bernardino,California ,US,NBA,1996-97
Milt Palacio,7,2000,2006,470,8421,863,2060,40,170,477,663,159,831,1194,302,58,596,685,2243,.419,.235,.719,17.9,4.8,1.8,2.5,0.6,0.1,"Feb 7, 1978",Los Angeles,California ,US,NBA,1999-00
Bud Palmer,3,1947,1949,148,,624,1916,,,489,662,,,187,,,,465,1737,.326,,.739,,11.7,,1.3,,,"Sep 14, 1921",Hollywood,California ,US,NBA,1946-47
Cherokee Parks,9,1996,2004,472,7459,868,1848,8,38,312,495,564,1703,265,207,306,281,931,2056,.470,.211,.630,15.8,4.4,3.6,0.6,0.4,0.6,"Oct 11, 1972",Huntington Beach,California ,US,NBA,1995-96
Andrae Patterson,2,1999,2000,40,304,46,101,0,5,28,36,31,67,16,20,7,23,66,120,.455,.000,.778,7.6,3.0,1.7,0.4,0.5,0.2,"Nov 12, 1975",Riverside,California ,US,NBA,1998-99
Steve Patterson,5,1972,1976,350,5582,672,1667,,,208,350,415,1632,443,85,94,,573,1552,.403,,.594,15.9,4.4,4.7,1.3,0.4,0.4,"Jun 24, 1948",Riverside,California ,US,NBA,1971-72
Tom Payne,1,1972,1972,29,227,45,103,,,29,46,,69,15,,,,40,119,.437,,.630,7.8,4.1,2.4,0.5,,,"Nov 19, 1950",,California ,US,NBA,1971-72
Gary Payton*,17,1991,2007,1335,47117,8708,18698,1132,3570,3265,4480,1392,5269,8966,2445,285,3030,3217,21813,.466,.317,.729,35.3,16.3,3.9,6.7,1.8,0.2,"Jul 23, 1968",Oakland,California ,US,NBA,1990-91
Mike Penberthy,2,2001,2002,56,863,93,224,55,139,31,35,10,65,73,24,2,34,57,272,.415,.396,.886,15.4,4.9,1.2,1.3,0.4,0.0,"Nov 29, 1974",Los Gatos,California ,US,NBA,2000-01
Desmond Penigar,1,2004,2004,10,89,14,28,0,0,4,4,6,24,3,2,2,6,14,32,.500,,1.000,8.9,3.2,2.4,0.3,0.2,0.2,"Jul 16, 1981",Upland,California ,US,NBA,2003-04
London Perrantes,1,2018,2018,14,66,2,13,0,3,3,5,1,4,5,2,1,1,6,7,.154,.000,.600,4.7,0.5,0.3,0.4,0.1,0.1,"Oct 3, 1994",Los Angeles,California ,US,NBA,2017-18
Loy Petersen,2,1969,1970,69,530,77,199,,,45,66,,67,48,,,,61,199,.387,,.682,7.7,2.9,1.0,0.7,,,"Jul 26, 1945",Anaheim,California ,US,NBA,1968-69
Bob Peterson,3,1954,1956,103,1342,186,482,,,107,160,,389,78,,,,218,479,.386,,.669,13.0,4.7,3.8,0.8,,,"Jan 25, 1932",San Mateo,California ,US,NBA,1953-54
Paul Pierce*,19,1999,2017,1343,45880,8668,19465,2143,5816,6918,8578,1092,7527,4708,1752,745,3532,3643,26397,.445,.368,.806,34.2,19.7,5.6,3.5,1.3,0.6,"Oct 13, 1977",Oakland,California ,US,NBA,1998-99
Kevinn Pinkney,1,2007,2007,6,100,12,27,1,2,6,9,7,15,5,3,3,4,12,31,.444,.500,.667,16.7,5.2,2.5,0.8,0.5,0.5,"Oct 20, 1983",Colton,California ,US,NBA,2006-07
Dwayne Polee,1,1987,1987,1,6,1,4,0,3,0,0,0,0,0,1,0,1,3,2,.250,.000,,6.0,2.0,0.0,0.0,1.0,0.0,"Mar 2, 1963",Los Angeles,California ,US,NBA,1986-87
Jim Pollard*,7,1949,1955,438,9391,2299,6379,,,1164,1552,,2487,1417,,,,1145,5762,.360,,.750,35.4,13.2,7.8,3.2,,,"Jul 9, 1922",Oakland,California ,US,NBA,1948-49
Ralph Polson,1,1953,1953,49,810,65,179,,,61,96,,211,24,,,,102,191,.363,,.635,16.5,3.9,4.3,0.5,,,"Oct 26, 1929",Riverside,California ,US,NBA,1952-53
Cliff Pondexter,3,1976,1978,197,2856,300,722,,,178,267,226,747,218,81,52,30,282,778,.416,,.667,14.5,3.9,3.8,1.1,0.4,0.3,"Sep 15, 1954",Fresno,California ,US,NBA,1975-76
Player,Yrs,0,To,G,MP,FG,FGA,3P,3PA,FT,FTA,ORB,TRB,AST,STL,BLK,TOV,PF,PTS,FG%,3P%,FT%,MP,PTS,TRB,AST,STL,BLK,Date,City,California ,US,NBA,-1-
Quincy Pondexter,7,2011,2019,355,5530,571,1351,211,593,256,343,200,640,263,122,49,178,464,1609,.423,.356,.746,15.6,4.5,1.8,0.7,0.3,0.1,"Mar 10, 1988",Fresno,California ,US,NBA,2010-11
Bob Portman,4,1970,1973,221,2937,519,1172,,,216,277,,729,128,,,,292,1254,.443,,.780,13.3,5.7,3.3,0.6,,,"Mar 22, 1947",San Francisco,California ,US,NBA,1969-70
Leon Powe,5,2007,2011,239,3320,490,952,0,5,504,739,380,911,78,69,82,189,503,1484,.515,.000,.682,13.9,6.2,3.8,0.3,0.3,0.3,"Jan 22, 1984",Berkeley,California ,US,NBA,2006-07
Norman Powell,10,2016,2025,602,14491,2772,5872,1031,2584,1366,1653,217,1618,916,493,161,758,1115,7941,.472,.399,.826,24.1,13.2,2.7,1.5,0.8,0.3,"May 25, 1993",San Diego,California ,US,NBA,2015-16
Tayshaun Prince,14,2003,2016,1017,31576,4583,10082,569,1550,1537,2033,1125,4332,2406,571,500,1064,1251,11272,.455,.367,.756,31.0,11.1,4.3,2.4,0.6,0.5,"Feb 28, 1980",Compton,California ,US,NBA,2002-03
Gabe Pruitt,2,2008,2009,62,461,45,140,17,60,18,23,10,51,52,20,3,24,44,125,.321,.283,.783,7.4,2.0,0.8,0.8,0.3,0.0,"Apr 19, 1986",Los Angeles,California ,US,NBA,2007-08
Zyon Pullin,1,2025,2025,3,3,0,1,0,0,0,0,0,0,0,0,0,0,0,0,.000,,,1.0,0.0,0.0,0.0,0.0,0.0,"Mar 3, 2001",Pleasant Hill,California ,US,NBA,2024-25
Ivan Rabb,2,2018,2019,85,1237,202,364,3,15,78,105,123,364,86,29,27,70,145,485,.555,.200,.743,14.6,5.7,4.3,1.0,0.3,0.3,"Feb 4, 1997",Sacramento,California ,US,NBA,2017-18
Wally Rank,1,1981,1981,25,153,21,57,0,0,13,28,17,30,17,7,1,26,33,55,.368,,.464,6.1,2.2,1.2,0.7,0.3,0.0,"Mar 1, 1958",Fort Ord,California ,US,NBA,1980-81
Marlon Redmond,2,1979,1980,77,1057,222,525,0,9,55,84,75,161,77,32,25,76,123,499,.423,,.655,13.7,6.5,2.1,1.0,0.4,0.3,"Apr 15, 1955",San Francisco,California ,US,NBA,1978-79
Kevin Restani,8,1975,1982,550,10114,1522,3134,8,39,334,466,756,2206,747,221,111,330,966,3386,.486,,.717,18.4,6.2,4.0,1.4,0.4,0.2,"Dec 23, 1951",San Francisco,California ,US,NBA,1974-75
Isaiah Rider,9,1994,2002,563,17851,3583,8085,667,1896,1572,1935,676,2166,1535,367,136,1425,1327,9405,.443,.352,.812,31.7,16.7,3.8,2.7,0.7,0.2,"Mar 12, 1971",Oakland,California ,US,NBA,1993-94
Ron Riley,4,1973,1976,264,4852,665,1586,,,212,307,276,1368,318,106,67,,655,1542,.419,,.691,18.4,5.8,5.2,1.2,0.6,0.4,"Nov 11, 1950",Los Angeles,California ,US,NBA,1972-73
Austin Rivers,11,2013,2023,707,16858,2214,5289,789,2260,779,1193,222,1442,1513,494,112,732,1479,5996,.419,.349,.653,23.8,8.5,2.0,2.1,0.7,0.2,"Aug 1, 1992",Santa Monica,California ,US,NBA,2012-13
Cliff Robinson,11,1980,1992,629,19284,4493,9596,7,38,1830,2533,1363,5237,1249,655,441,1571,1870,10823,.468,.184,.722,30.7,17.2,8.3,2.0,1.0,0.7,"Mar 13, 1960",Oakland,California ,US,NBA,1979-80
Jackie Robinson,3,1979,1982,22,185,31,67,0,1,21,30,15,27,13,8,4,14,18,83,.463,,.700,8.4,3.8,1.2,0.6,0.4,0.2,"May 20, 1955",Los Angeles,California ,US,NBA,1978-79
Sam Robinson,2,1971,1972,134,2858,531,1196,4,21,157,202,201,546,160,,,118,252,1223,.444,.190,.777,21.3,9.1,4.1,1.2,,,"Jan 1, 1948",Los Angeles,California ,US,NBA,1970-71
Gene Rock,1,1948,1948,11,,4,18,,,2,4,,,0,,,,8,10,.222,,.500,,0.9,,0.0,,,"Nov 4, 1921",Carruthers,California ,US,NBA,1947-48
Jack Rocker,1,1948,1948,9,,8,22,,,1,1,,,3,,,,2,17,.364,,1.000,,1.9,,0.3,,,"Aug 12, 1922",Lindsay,California ,US,NBA,1947-48
Johnny Rogers,2,1987,1988,69,636,116,246,0,7,19,28,38,104,29,13,11,30,89,251,.472,.000,.679,9.2,3.6,1.5,0.4,0.2,0.2,"Dec 30, 1963",Fullerton,California ,US,NBA,1986-87
Player,Yrs,0,To,G,MP,FG,FGA,3P,3PA,FT,FTA,ORB,TRB,AST,STL,BLK,TOV,PF,PTS,FG%,3P%,FT%,MP,PTS,TRB,AST,STL,BLK,Date,City,California ,US,NBA,-1-
Lorenzo Romar,5,1981,1985,291,5188,720,1553,19,90,272,363,66,385,1022,244,29,350,393,1731,.464,.211,.749,17.8,5.9,1.3,3.5,0.8,0.1,"Nov 13, 1958",South Gate,California ,US,NBA,1980-81
John Rudometkin,3,1963,1965,131,1644,314,787,,,194,261,,412,72,,,,198,822,.399,,.743,12.5,6.3,3.1,0.5,,,"Jun 6, 1940",Santa Maria,California ,US,NBA,1962-63
Paul Ruffner,5,1971,1976,133,1278,232,493,0,0,97,141,135,393,61,4,4,69,220,561,.471,,.688,9.6,4.2,3.0,0.5,0.1,0.1,"Oct 15, 1948",Santa Monica,California ,US,NBA,1970-71
Bob Rule,8,1968,1975,403,11862,2777,6029,,,1453,2119,43,3333,594,12,10,,1260,7007,.461,,.686,29.4,17.4,8.3,1.5,0.4,0.4,"Jun 29, 1944",Riverside,California ,US,NBA,1967-68
Bryon Russell,13,1994,2006,841,19805,2274,5272,685,1856,1430,1906,752,2914,1085,874,203,835,1984,6663,.431,.369,.750,23.5,7.9,3.5,1.3,1.0,0.2,"Dec 31, 1970",San Bernardino,California ,US,NBA,1993-94
Jamal Sampson,5,2003,2007,72,631,53,108,0,1,36,67,80,242,26,9,32,33,91,142,.491,.000,.537,8.8,2.0,3.4,0.4,0.1,0.4,"May 15, 1983",Inglewood,California ,US,NBA,2002-03
Alan Sawyer,1,1951,1951,33,,87,235,,,43,50,,121,25,,,,75,217,.370,,.860,,6.6,3.7,0.8,,,"Jan 1, 1928",Long Beach,California ,US,NBA,1950-51
Brian Scalabrine,11,2002,2012,520,6772,590,1512,180,523,234,299,275,1034,436,157,121,341,819,1594,.390,.344,.783,13.0,3.1,2.0,0.8,0.3,0.2,"Mar 18, 1978",Long Beach,California ,US,NBA,2001-02
Jordan Schakel,2,2022,2023,6,36,2,13,2,7,2,2,2,8,1,2,0,1,1,8,.154,.286,1.000,6.0,1.3,1.3,0.2,0.3,0.0,"Jun 13, 1998",Torrance,California ,US,NBA,2021-22
Fred Scolari,9,1947,1955,534,6573,2132,6651,,,1750,2139,,857,1406,,,,1482,6014,.321,,.818,26.4,11.3,2.7,2.6,,,"Mar 1, 1922",San Francisco,California ,US,NBA,1946-47
Paul Scranton,1,1968,1968,5,41,4,9,0,0,1,4,,16,1,,,1,5,9,.444,,.250,8.2,1.8,3.2,0.2,,,"Apr 30, 1944",Los Angeles,California ,US,NBA,1967-68
Kenny Sears,8,1956,1964,529,14923,2465,5420,,,2425,2937,,4142,843,,,,1470,7355,.455,,.826,28.2,13.9,7.8,1.6,,,"Aug 17, 1933",Watsonville,California ,US,NBA,1955-56
Jim Seminoff,4,1947,1950,231,,535,1737,,,437,642,,,630,,,,609,1507,.308,,.681,,6.5,,2.7,,,"Sep 1, 1922",Los Angeles,California ,US,NBA,1946-47
Lynn Shackelford,1,1970,1970,22,183,22,72,4,13,10,13,11,27,11,,,9,34,58,.306,.308,.769,8.3,2.6,1.2,0.5,,,"Aug 27, 1947",Burbank,California ,US,NBA,1969-70
Brian Shaw,14,1989,2003,943,21666,2589,6419,431,1416,938,1199,773,3183,3918,747,252,1664,1949,6547,.403,.304,.782,23.0,6.9,3.4,4.2,0.8,0.3,"Mar 22, 1966",Oakland,California ,US,NBA,1988-89
Lonnie Shelton,10,1977,1986,673,18530,3416,6950,3,31,1214,1646,1415,4136,1459,739,559,1284,2540,8049,.492,,.738,27.5,12.0,6.1,2.2,1.1,0.8,"Oct 19, 1955",Bakersfield,California ,US,NBA,1976-77
KJ Simpson,1,2025,2025,21,404,47,148,14,64,29,36,23,56,53,15,4,27,34,137,.318,.219,.806,19.2,6.5,2.7,2.5,0.7,0.2,"Aug 8, 2002",Panorama City,California ,US,NBA,2024-25
Jose Slaughter,1,1983,1983,63,515,89,238,9,41,38,59,34,68,52,36,7,42,93,225,.374,.220,.644,8.2,3.6,1.1,0.8,0.6,0.1,"Sep 9, 1960",Los Angeles,California ,US,NBA,1982-83
Craig Smith,6,2007,2012,403,6826,1221,2207,1,27,637,963,543,1567,322,183,91,413,957,3080,.553,.037,.661,16.9,7.6,3.9,0.8,0.5,0.2,"Nov 10, 1983",Inglewood,California ,US,NBA,2006-07
Greg Smith,5,2012,2016,149,1834,243,394,0,1,110,191,165,489,41,32,59,65,290,596,.617,.000,.576,12.3,4.0,3.3,0.3,0.2,0.4,"Jan 8, 1991",Vallejo,California ,US,NBA,2011-12
Player,Yrs,0,To,G,MP,FG,FGA,3P,3PA,FT,FTA,ORB,TRB,AST,STL,BLK,TOV,PF,PTS,FG%,3P%,FT%,MP,PTS,TRB,AST,STL,BLK,Date,City,California ,US,NBA,-1-
Phil Smith,9,1975,1983,659,19166,4007,8418,19,75,1891,2428,588,1978,2561,734,165,990,1680,9924,.476,,.779,29.1,15.1,3.0,3.9,1.1,0.3,"Apr 22, 1952",San Francisco,California ,US,NBA,1974-75
Reggie Smith,2,1993,1994,66,384,39,99,0,1,21,52,55,120,5,16,7,16,63,99,.394,.000,.404,5.8,1.5,1.8,0.1,0.2,0.1,"Aug 21, 1970",San Jose,California ,US,NBA,1992-93
Robert Smith,7,1978,1985,229,3118,417,958,10,42,291,332,70,288,401,119,21,194,382,1135,.435,,.877,13.6,5.0,1.3,1.8,0.5,0.1,"Mar 10, 1955",Los Angeles,California ,US,NBA,1977-78
Tony Snell,9,2014,2022,601,13093,1335,3097,728,1848,274,324,172,1371,669,266,138,329,846,3672,.431,.394,.846,21.8,6.1,2.3,1.1,0.4,0.2,"Nov 10, 1991",Los Angeles,California ,US,NBA,2013-14
Kirk Snyder,4,2005,2008,211,3540,489,1116,92,281,263,376,152,491,241,86,69,206,328,1333,.438,.327,.699,16.8,6.3,2.3,1.1,0.4,0.3,"Jun 5, 1983",Los Angeles,California ,US,NBA,2004-05
Andre Spencer,2,1993,1994,48,771,125,281,0,2,96,131,68,154,46,36,14,47,107,346,.445,.000,.733,16.1,7.2,3.2,1.0,0.8,0.3,"Jul 20, 1964",Stockton,California ,US,NBA,1992-93
Cassius Stanley,2,2021,2022,33,248,32,89,7,30,17,19,13,39,5,6,4,7,31,88,.360,.233,.895,7.5,2.7,1.2,0.2,0.2,0.1,"Aug 18, 1999",Los Angeles,California ,US,NBA,2020-21
Joe Stephens,3,1997,2000,22,227,30,84,4,21,7,10,18,45,12,12,3,11,14,71,.357,.190,.700,10.3,3.2,2.0,0.5,0.5,0.1,"Jan 28, 1973",Riverside,California ,US,NBA,1996-97
Alex Stepheson,1,2016,2016,8,73,9,27,0,0,4,12,19,28,2,1,5,0,12,22,.333,,.333,9.1,2.8,3.5,0.3,0.1,0.6,"Aug 7, 1987",Los Angeles,California ,US,NBA,2015-16
DeShawn Stevenson,13,2001,2013,824,18396,2238,5515,550,1617,904,1296,410,1832,1355,423,134,814,1140,5930,.406,.340,.698,22.3,7.2,2.2,1.6,0.5,0.2,"Apr 3, 1981",Fresno,California ,US,NBA,2000-01
Derek Strong,10,1992,2001,456,8548,1067,2483,11,61,943,1199,783,2213,291,203,94,421,740,3088,.430,.180,.786,18.7,6.8,4.9,0.6,0.4,0.2,"Feb 9, 1968",Los Angeles,California ,US,NBA,1991-92
Dane Suttle,2,1984,1985,46,493,115,227,0,4,42,49,21,49,48,21,0,33,49,272,.507,.000,.857,10.7,5.9,1.1,1.0,0.5,0.0,"Aug 9, 1961",Los Angeles,California ,US,NBA,1983-84
Greg Sutton,3,1992,1996,168,1946,272,687,116,321,101,136,22,153,284,84,13,183,317,761,.396,.361,.743,11.6,4.5,0.9,1.7,0.5,0.1,"Dec 3, 1967",Santa Cruz,California ,US,NBA,1991-92
Keith Swagerty,2,1969,1970,80,2477,364,892,0,6,259,424,327,828,95,,,114,242,987,.408,.000,.611,31.0,12.3,10.4,1.2,,,"Oct 30, 1945",San Jose,California ,US,NBA,1968-69
Robert Swift,4,2005,2009,97,1500,172,340,0,0,72,118,122,376,20,26,86,71,224,416,.506,,.610,15.5,4.3,3.9,0.2,0.3,0.9,"Dec 3, 1985",Bakersfield,California ,US,NBA,2004-05
Anthony Taylor,1,1989,1989,21,368,60,151,0,2,24,32,11,34,43,22,5,20,37,144,.397,.000,.750,17.5,6.9,1.6,2.0,1.0,0.2,"Nov 30, 1965",Los Angeles,California ,US,NBA,1988-89
Isaiah Taylor,2,2017,2018,71,1219,164,397,20,82,100,143,23,97,209,35,11,84,122,448,.413,.244,.699,17.2,6.3,1.4,2.9,0.5,0.2,"Jul 11, 1994",Hayward,California ,US,NBA,2016-17
Leonard Taylor,1,1990,1990,10,37,0,6,0,1,11,16,4,12,1,0,0,5,4,11,.000,.000,.688,3.7,1.1,1.2,0.1,0.0,0.0,"May 2, 1966",Los Angeles,California ,US,NBA,1989-90
Ron Taylor,3,1970,1972,77,918,158,335,0,0,57,102,121,298,65,,,125,223,373,.472,,.559,11.9,4.8,3.9,0.8,,,"Nov 21, 1947",Torrance,California ,US,NBA,1969-70
Chuck Terry,5,1973,1977,341,5049,563,1345,10,31,162,209,233,818,262,151,24,91,641,1298,.419,,.775,14.8,3.8,2.4,0.8,0.6,0.1,"Sep 27, 1950",Long Beach,California ,US,NBA,1972-73
Player,Yrs,0,To,G,MP,FG,FGA,3P,3PA,FT,FTA,ORB,TRB,AST,STL,BLK,TOV,PF,PTS,FG%,3P%,FT%,MP,PTS,TRB,AST,STL,BLK,Date,City,California ,US,NBA,-1-
Claude Terry,6,1973,1978,349,4303,779,1663,47,139,329,419,185,499,457,111,11,310,435,1934,.468,,.785,12.3,5.5,1.4,1.3,0.4,0.0,"Jan 12, 1950",Modesto,California ,US,NBA,1972-73
Reggie Theus,13,1979,1991,1026,34603,7057,14973,238,945,4663,5644,1182,3349,6453,1206,236,3493,3008,19015,.471,,.826,33.7,18.5,3.3,6.3,1.2,0.2,"Oct 13, 1957",Inglewood,California ,US,NBA,1978-79
Peter Thibeaux,2,1985,1986,93,992,194,428,2,7,72,115,57,144,45,34,32,73,167,462,.453,.286,.626,10.7,5.0,1.5,0.5,0.4,0.3,"Oct 3, 1961",Los Angeles,California ,US,NBA,1984-85
Amen Thompson,2,2024,2025,116,3123,529,975,27,128,258,369,293,848,350,154,107,203,269,1343,.543,.211,.699,26.9,11.6,7.3,3.0,1.3,0.9,"Jan 30, 2003",San Leandro,California ,US,NBA,2023-24
Ausar Thompson,2,2024,2025,98,2315,370,731,28,145,118,199,189,576,197,126,74,133,272,886,.506,.193,.593,23.6,9.0,5.9,2.0,1.3,0.8,"Jan 30, 2003",San Leandro,California ,US,NBA,2023-24
Dijon Thompson,2,2006,2007,16,93,17,40,4,13,7,8,7,19,3,3,1,3,8,45,.425,.308,.875,5.8,2.8,1.2,0.2,0.2,0.1,"Feb 23, 1983",Los Angeles,California ,US,NBA,2005-06
Hollis Thompson,4,2014,2017,265,6424,742,1795,363,941,203,287,199,829,292,166,68,213,541,2050,.413,.386,.707,24.2,7.7,3.1,1.1,0.6,0.3,"Apr 3, 1991",Pasadena,California ,US,NBA,2013-14
Klay Thompson,12,2012,2025,843,27204,6042,13379,2634,6397,1501,1747,392,2968,1944,717,436,1404,1689,16219,.452,.412,.859,32.3,19.2,3.5,2.3,0.9,0.5,"Feb 8, 1990",Los Angeles,California ,US,NBA,2011-12
Mychel Thompson,1,2012,2012,5,95,7,24,4,11,0,0,0,5,7,2,1,5,8,18,.292,.364,,19.0,3.6,1.0,1.4,0.4,0.2,"Jun 1, 1988",Los Angeles,California ,US,NBA,2011-12
Stephen Thompson,1,1992,1992,19,91,14,37,0,1,3,8,11,19,8,6,3,5,9,31,.378,.000,.375,4.8,1.6,1.0,0.4,0.3,0.2,"Dec 2, 1968",Los Angeles,California ,US,NBA,1991-92
Bob Thornton,8,1986,1996,283,3386,320,720,2,9,202,362,267,712,99,74,35,210,578,844,.444,.222,.558,12.0,3.0,2.5,0.3,0.3,0.1,"Jul 10, 1962",Los Angeles,California ,US,NBA,1985-86
Tom Tolbert,7,1989,1995,312,5680,757,1647,29,98,487,680,406,1251,285,116,109,347,741,2030,.460,.296,.716,18.2,6.5,4.0,0.9,0.4,0.3,"Oct 16, 1965",Long Beach,California ,US,NBA,1988-89
Jack Toomay,3,1948,1950,131,,297,789,,,282,408,,,113,,,,349,876,.376,,.691,,6.7,,0.9,,,"Aug 9, 1922",Ontario,California ,US,NBA,1947-48
Juan Toscano-Anderson,5,2020,2024,202,3126,332,662,82,249,84,130,98,600,372,119,59,181,347,830,.502,.329,.646,15.5,4.1,3.0,1.8,0.6,0.3,"Apr 10, 1993",Oakland,California ,US,NBA,2019-20
Raymond Townsend,3,1979,1982,154,2025,309,751,6,35,121,172,46,157,217,90,10,122,201,745,.411,,.703,13.1,4.8,1.0,1.4,0.6,0.1,"Dec 20, 1955",San Jose,California ,US,NBA,1978-79
Jeff Trepagnier,3,2002,2004,31,270,34,101,6,13,14,20,17,43,22,19,4,25,20,88,.337,.462,.700,8.7,2.8,1.4,0.7,0.6,0.1,"Jul 11, 1979",Los Angeles,California ,US,NBA,2001-02
John Tschogl,3,1973,1975,113,1216,126,354,,,25,43,85,208,69,42,45,,174,277,.356,,.581,10.8,2.5,1.8,0.6,0.4,0.4,"Apr 25, 1950",Chula Vista,California ,US,NBA,1972-73
Henry Turner,2,1990,1995,66,464,81,179,2,8,60,100,39,78,29,25,8,38,60,224,.453,.250,.600,7.0,3.4,1.2,0.4,0.4,0.1,"Aug 18, 1966",Oakland,California ,US,NBA,1989-90
Jeremy Tyler,3,2012,2014,104,1034,157,349,0,1,59,106,98,269,25,23,42,68,164,373,.450,.000,.557,9.9,3.6,2.6,0.2,0.2,0.4,"Jun 21, 1991",San Diego,California ,US,NBA,2011-12
Jan van Breda Kolff,9,1975,1983,598,13772,1310,2953,11,39,1065,1297,765,2572,1178,476,468,772,1553,3696,.444,,.821,23.0,6.2,4.3,2.0,0.8,0.8,"Dec 16, 1951",Palos Verdes,California ,US,NBA,1974-75
Player,Yrs,0,To,G,MP,FG,FGA,3P,3PA,FT,FTA,ORB,TRB,AST,STL,BLK,TOV,PF,PTS,FG%,3P%,FT%,MP,PTS,TRB,AST,STL,BLK,Date,City,California ,US,NBA,-1-
Keith Van Horn,9,1998,2006,575,18150,3396,7659,597,1655,1817,2177,1122,3909,900,472,295,1262,1736,9206,.443,.361,.835,31.6,16.0,6.8,1.6,0.8,0.5,"Oct 23, 1975",Fullerton,California ,US,NBA,1997-98
Nick Vanos,2,1986,1987,68,842,88,230,0,2,46,82,88,240,59,21,28,68,128,222,.383,.000,.561,12.4,3.3,3.5,0.9,0.3,0.4,"Apr 13, 1963",San Mateo,California ,US,NBA,1985-86
Jacque Vaughn,12,1998,2009,776,12658,1300,3028,95,270,768,986,148,1028,1919,403,15,792,1267,3463,.429,.352,.779,16.3,4.5,1.3,2.5,0.5,0.0,"Feb 11, 1975",Los Angeles,California ,US,NBA,1997-98
Pete Verhoeven,6,1982,1987,282,3220,432,856,1,4,135,196,272,641,152,128,67,166,622,1000,.505,.250,.689,11.4,3.5,2.3,0.5,0.5,0.2,"Feb 15, 1959",Hanford,California ,US,NBA,1981-82
Gabe Vincent,6,2020,2025,253,5255,652,1647,351,1053,140,169,76,400,539,191,29,259,516,1795,.396,.333,.828,20.8,7.1,1.6,2.1,0.8,0.1,"Jun 14, 1996",Modesto,California ,US,NBA,2019-20
Brett Vroman,1,1981,1981,11,93,10,27,0,1,14,19,7,25,9,5,5,9,26,34,.370,.000,.737,8.5,3.1,2.3,0.8,0.5,0.5,"Dec 25, 1955",Hollywood,California ,US,NBA,1980-81
Jackson Vroman,2,2005,2006,87,1111,108,265,0,3,69,119,97,261,51,37,30,85,183,285,.408,.000,.580,12.8,3.3,3.0,0.6,0.4,0.3,"Jun 6, 1981",Laguna,California ,US,NBA,2004-05
Mark Wade,2,1988,1990,12,126,3,20,0,2,2,4,3,15,36,7,1,13,13,8,.150,.000,.500,10.5,0.7,1.3,3.0,0.6,0.1,"Oct 15, 1965",Torrance,California ,US,NBA,1987-88
Tyrone Wallace,4,2018,2022,112,1714,223,528,17,82,103,157,44,236,127,58,22,94,192,566,.422,.207,.656,15.3,5.1,2.1,1.1,0.5,0.2,"Jun 10, 1994",Bakersfield,California ,US,NBA,2017-18
Jim Walsh,1,1958,1958,10,72,5,27,,,10,17,,15,8,,,,9,20,.185,,.588,7.2,2.0,1.5,0.8,,,"Aug 29, 1930",San Francisco,California ,US,NBA,1957-58
Bill Walton*,10,1975,1987,468,13250,2552,4900,0,4,1111,1683,1103,4923,1590,380,1034,865,1298,6215,.521,,.660,28.3,13.3,10.5,3.4,0.8,2.2,"Nov 5, 1952",La Mesa,California ,US,NBA,1974-75
Luke Walton,10,2004,2013,564,9685,1050,2449,182,558,367,513,481,1588,1317,313,102,597,810,2649,.429,.326,.715,17.2,4.7,2.8,2.3,0.6,0.2,"Mar 28, 1980",San Diego,California ,US,NBA,2003-04
Casper Ware,1,2014,2014,9,116,18,42,7,21,5,6,0,9,10,8,0,5,11,48,.429,.333,.833,12.9,5.3,1.0,1.1,0.9,0.0,"Jan 17, 1990",Cerritos,California ,US,NBA,2013-14
Peyton Watson,3,2023,2025,151,2832,377,803,83,260,158,227,103,460,169,85,158,109,237,995,.469,.319,.696,18.8,6.6,3.0,1.1,0.6,1.0,"Sep 11, 2002",Beverly Hills,California ,US,NBA,2022-23
David Wear,1,2015,2015,2,7,0,2,0,1,0,0,2,2,1,0,0,0,1,0,.000,.000,,3.5,0.0,1.0,0.5,0.0,0.0,"Sep 21, 1990",Long Beach,California ,US,NBA,2014-15
Travis Wear,2,2015,2018,68,900,109,281,28,77,28,34,31,144,47,19,16,41,85,274,.388,.364,.824,13.2,4.0,2.1,0.7,0.3,0.2,"Sep 21, 1990",Long Beach,California ,US,NBA,2014-15
Jaylen Wells,1,2025,2025,57,1459,227,507,105,281,84,102,63,183,91,33,6,54,106,643,.448,.374,.824,25.6,11.3,3.2,1.6,0.6,0.1,"Aug 26, 2003",Sacramento,California ,US,NBA,2024-25
Thomas Welsh,1,2019,2019,11,36,7,13,3,7,1,2,0,4,5,0,0,1,3,18,.538,.429,.500,3.3,1.6,0.4,0.5,0.0,0.0,"Feb 3, 1996",Torrance,California ,US,NBA,2018-19
Russell Westbrook,17,2009,2025,1212,40458,9300,21179,1332,4363,5927,7668,1941,8559,9783,1921,393,4742,3093,25859,.439,.305,.773,33.4,21.3,7.1,8.1,1.6,0.3,"Nov 12, 1988",Long Beach,California ,US,NBA,2008-09
Paul Westphal*,12,1973,1984,823,20947,5079,10084,55,200,2596,3166,393,1580,3591,1022,262,1117,1705,12809,.504,,.820,25.5,15.6,1.9,4.4,1.3,0.3,"Nov 30, 1950",Torrance,California ,US,NBA,1972-73
Player,Yrs,0,To,G,MP,FG,FGA,3P,3PA,FT,FTA,ORB,TRB,AST,STL,BLK,TOV,PF,PTS,FG%,3P%,FT%,MP,PTS,TRB,AST,STL,BLK,Date,City,California ,US,NBA,-1-
Eric White,2,1988,1989,55,788,128,244,1,1,79,99,65,132,26,17,4,47,72,336,.525,1.000,.798,14.3,6.1,2.4,0.5,0.3,0.1,"Dec 30, 1965",San Francisco,California ,US,NBA,1987-88
Sidney Wicks,10,1972,1981,760,25762,5046,11002,0,2,2711,3955,1539,6620,2437,592,431,667,2524,12803,.459,,.685,33.9,16.8,8.7,3.2,1.0,0.7,"Sep 19, 1949",Los Angeles,California ,US,NBA,1971-72
Michael Wiley,2,1981,1982,94,1284,279,497,0,7,134,189,89,246,63,48,22,99,165,692,.561,.000,.709,13.7,7.4,2.6,0.7,0.5,0.2,"Oct 16, 1957",Long Beach,California ,US,NBA,1980-81
Jamaal Wilkes*,12,1975,1986,828,27275,6226,12471,7,52,2185,2878,1627,5117,2050,1049,262,1211,2296,14644,.499,,.759,32.9,17.7,6.2,2.5,1.3,0.3,"May 2, 1953",Berkeley,California ,US,NBA,1974-75
Brandon Williams,3,2022,2025,61,925,150,392,44,144,94,133,25,103,134,30,13,78,68,438,.383,.306,.707,15.2,7.2,1.7,2.2,0.5,0.2,"Nov 22, 1999",Los Angeles,California ,US,NBA,2021-22
Cody Williams,1,2025,2025,31,633,43,137,17,71,21,29,17,68,38,16,11,27,57,124,.314,.239,.724,20.4,4.0,2.2,1.2,0.5,0.4,"Nov 20, 2004",San Luis Obispo,California ,US,NBA,2024-25
Derrick Williams,7,2012,2018,428,8864,1329,3064,251,838,900,1267,351,1693,293,199,108,399,532,3809,.434,.300,.710,20.7,8.9,4.0,0.7,0.5,0.3,"May 25, 1991",Bellflower,California ,US,NBA,2011-12
Freeman Williams,6,1979,1986,323,6606,1959,4198,127,384,693,841,256,510,516,247,18,568,533,4738,.467,,.824,20.5,14.7,1.6,1.6,0.8,0.1,"May 15, 1956",Los Angeles,California ,US,NBA,1978-79
Gene Williams,1,1970,1970,1,8,0,1,0,0,0,0,0,0,0,,,2,2,0,.000,,,8.0,0.0,0.0,0.0,,,"Apr 1, 1947",San Francisco,California ,US,NBA,1969-70
Guy Williams,2,1985,1986,26,144,31,68,1,4,5,11,15,33,9,6,4,8,24,68,.456,.250,.455,5.5,2.6,1.3,0.3,0.2,0.2,"Jul 1, 1960",Los Angeles,California ,US,NBA,1984-85
John Williams,8,1987,1995,435,10952,1769,3921,65,289,803,1140,632,2201,1262,566,184,684,1020,4406,.451,.225,.704,25.2,10.1,5.1,2.9,1.3,0.4,"Oct 26, 1966",Los Angeles,California ,US,NBA,1986-87
Marcus Williams,4,2007,2010,203,3095,427,1107,126,392,148,193,56,361,574,87,7,295,197,1128,.386,.321,.767,15.2,5.6,1.8,2.8,0.4,0.0,"Dec 3, 1985",Los Angeles,California ,US,NBA,2006-07
Pete Williams,2,1986,1987,58,583,68,113,0,0,17,40,47,147,15,19,23,20,69,153,.602,,.425,10.1,2.6,2.5,0.3,0.3,0.4,"Mar 10, 1965",Harbor City,California ,US,NBA,1985-86
Sam Williams,4,1982,1985,257,4528,668,1335,0,3,292,447,403,1146,156,210,297,308,701,1628,.500,.000,.653,17.6,6.3,4.5,0.6,0.8,1.2,"Mar 7, 1959",Los Angeles,California ,US,NBA,1981-82
Scott Williams,15,1991,2005,746,12220,1589,3402,5,45,642,890,1281,3506,431,393,421,545,1916,3825,.467,.111,.721,16.4,5.1,4.7,0.6,0.5,0.6,"Mar 21, 1968",Hacienda Heights,California ,US,NBA,1990-91
Ziaire Williams,4,2022,2025,192,3950,557,1330,214,701,198,244,122,592,237,126,44,188,359,1526,.419,.305,.811,20.6,7.9,3.1,1.2,0.7,0.2,"Sep 12, 2001",Lancaster,California ,US,NBA,2021-22
Kevin Willis,21,1985,2007,1424,38362,7095,14572,40,190,3023,4238,4132,11901,1328,958,750,2520,4172,17253,.487,.211,.713,26.9,12.1,8.4,0.9,0.7,0.5,"Sep 6, 1962",Los Angeles,California ,US,NBA,1984-85
D.J. Wilson,6,2018,2024,148,1818,248,588,98,296,63,102,81,454,110,40,45,79,176,657,.422,.331,.618,12.3,4.4,3.1,0.7,0.3,0.3,"Feb 19, 1996",Mount Shasta,California ,US,NBA,2017-18
Trevor Wilson,4,1991,1996,103,1609,236,518,0,4,119,210,153,353,99,50,14,117,157,591,.456,.000,.567,15.6,5.7,3.4,1.0,0.5,0.1,"Mar 16, 1968",Los Angeles,California ,US,NBA,1990-91
Willie Wise,9,1970,1978,552,18438,3715,7813,21,96,2276,3143,1458,4578,1594,257,77,1255,1788,9727,.475,,.724,33.4,17.6,8.3,2.9,1.2,0.3,"Mar 3, 1947",San Francisco,California ,US,NBA,1969-70
Player,Yrs,0,To,G,MP,FG,FGA,3P,3PA,FT,FTA,ORB,TRB,AST,STL,BLK,TOV,PF,PTS,FG%,3P%,FT%,MP,PTS,TRB,AST,STL,BLK,Date,City,California ,US,NBA,-1-
Jeff Withey,5,2014,2018,206,2072,249,474,2,14,166,232,181,518,64,56,156,76,229,666,.525,.143,.716,10.1,3.2,2.5,0.3,0.3,0.8,"Mar 7, 1990",San Diego,California ,US,NBA,2013-14
Christian Wood,8,2016,2024,339,7858,1671,3252,415,1117,860,1239,460,2366,469,183,295,487,637,4617,.514,.372,.694,23.2,13.6,7.0,1.4,0.5,0.9,"Sep 27, 1995",Long Beach,California ,US,NBA,2015-16
Antoine Wright,6,2006,2011,297,5714,617,1499,155,510,225,334,157,681,295,139,72,227,598,1614,.412,.304,.674,19.2,5.4,2.3,1.0,0.5,0.2,"Feb 6, 1984",West Covina,California ,US,NBA,2005-06
Brad Wright,2,1987,1988,16,145,21,51,0,1,12,28,25,54,1,3,6,15,23,54,.412,.000,.429,9.1,3.4,3.4,0.1,0.2,0.4,"Mar 26, 1962",Hollywood,California ,US,NBA,1986-87
Delon Wright,10,2016,2025,537,10958,1315,2947,354,1016,616,771,414,1631,1609,644,186,469,554,3600,.446,.348,.799,20.4,6.7,3.0,3.0,1.2,0.3,"Apr 26, 1992",Los Angeles,California ,US,NBA,2015-16
Dorell Wright,11,2005,2015,549,12280,1657,3908,617,1691,666,826,375,2093,850,418,271,475,790,4597,.424,.365,.806,22.4,8.4,3.8,1.5,0.8,0.5,"Dec 2, 1985",Los Angeles,California ,US,NBA,2004-05
Howard Wright,2,1991,1993,19,174,23,52,0,1,16,26,13,47,3,4,5,11,28,62,.442,.000,.615,9.2,3.3,2.5,0.2,0.2,0.3,"Dec 20, 1967",San Diego,California ,US,NBA,1990-91
George Yardley*,7,1954,1960,472,15767,3193,7572,,,2677,3434,,4220,815,,,,1426,9063,.422,,.780,33.4,19.2,8.9,1.7,,,"Nov 3, 1928",Hollywood,California ,US,NBA,1953-54
Gabe York,2,2022,2023,5,77,10,28,7,24,5,7,0,8,9,4,1,1,9,32,.357,.292,.714,15.4,6.4,1.6,1.8,0.8,0.2,"Aug 2, 1993",West Covina,California ,US,NBA,2021-22
Nick Young,12,2008,2019,720,16419,2894,6920,1039,2764,1367,1636,260,1427,687,394,135,711,1316,8194,.418,.376,.836,22.8,11.4,2.0,1.0,0.5,0.2,"Jun 1, 1985",Los Angeles,California ,US,NBA,2007-08
Tim Young,1,2000,2000,25,137,13,39,0,0,28,36,13,35,5,2,1,9,18,54,.333,,.778,5.5,2.2,1.4,0.2,0.1,0.0,"Feb 6, 1976",Santa Cruz,California ,US,NBA,1999-00
Tyler Zeller,8,2013,2020,414,7254,1161,2284,10,35,541,708,637,1820,367,104,241,348,897,2873,.508,.286,.764,17.5,6.9,4.4,0.9,0.3,0.6,"Jan 17, 1990",Visalia,California ,US,NBA,2012-13
Chauncey Billups*,17,1998,2014,1043,33008.0,4738,11413,1830.0,4725.0,4496,5029,480.0,2992.0,5636,1051.0,168.0,2138.0,2169,15802,0.415,0.387,0.894,31.6,15.2,2.9,5.4,1.0,0.2,"Sep 25, 1976",Denver,Colorado ,US,NBA,1997-98
Kaniel Dickens,3,2004,2008,19,85.0,8,20,3.0,9.0,3,4,5.0,12.0,2,2.0,2.0,3.0,9,22,0.4,0.333,0.75,4.5,1.2,0.6,0.1,0.1,0.1,"Jul 21, 1978",Denver,Colorado ,US,NBA,2003-04
Bob Doll,4,1947,1950,196,,633,2211,,,387,585,,,273,,,,509,1653,0.286,,0.662,,8.4,,1.4,,,"Aug 10, 1919",Steamboat Springs,Colorado ,US,NBA,1946-47
Nick Fazekas,1,2008,2008,26,269.0,46,82,0.0,2.0,15,22,34.0,89.0,11,8.0,11.0,13.0,25,107,0.561,0.0,0.682,10.3,4.1,3.4,0.4,0.3,0.4,"Jun 17, 1985",Denver,Colorado ,US,NBA,2007-08
Eddie Gill,7,2001,2009,187,2033.0,179,496,63.0,197.0,150,177,28.0,207.0,217,104.0,14.0,139.0,209,571,0.361,0.32,0.847,10.9,3.1,1.1,1.2,0.6,0.1,"Aug 16, 1978",Aurora,Colorado ,US,NBA,2000-01
Glen Gondrezick,6,1978,1983,435,7545.0,979,2069,2.0,14.0,584,807,730.0,1964.0,605,485.0,117.0,453.0,1101,2544,0.473,,0.724,17.3,5.8,4.5,1.4,1.1,0.3,"Aug 30, 1955",Boulder,Colorado ,US,NBA,1977-78
Grant Gondrezick,2,1987,1989,91,1080.0,173,395,7.0,28.0,101,147,62.0,146.0,115,38.0,5.0,73.0,127,454,0.438,0.25,0.687,11.9,5.0,1.6,1.3,0.4,0.1,"Jan 19, 1963",Boulder,Colorado ,US,NBA,1986-87
Tom Hovasse,1,1995,1995,2,4.0,0,1,0.0,1.0,0,0,0.0,0.0,0,1.0,0.0,0.0,1,0,0.0,0.0,,2.0,0.0,0.0,0.0,0.5,0.0,"Jan 31, 1967",Durango,Colorado ,US,NBA,1994-95
Joe Kleine,15,1986,2000,965,14712.0,1902,4201,13.0,48.0,849,1069,1268.0,3991.0,622,261.0,285.0,777.0,1988,4666,0.453,0.271,0.794,15.2,4.8,4.1,0.6,0.3,0.3,"Jan 4, 1962",Colorado Springs,Colorado ,US,NBA,1985-86
Darrick Martin,13,1995,2008,514,9165.0,1186,3108,350.0,1030.0,803,952,101.0,588.0,1475,340.0,22.0,631.0,894,3525,0.382,0.34,0.843,17.8,6.9,1.1,2.9,0.7,0.0,"Mar 6, 1971",Denver,Colorado ,US,NBA,1994-95
Eric McWilliams,1,1973,1973,44,245.0,34,98,,,18,37,,60.0,5,,,,46,86,0.347,,0.486,5.6,2.0,1.4,0.1,,,"Apr 18, 1950",Denver,Colorado ,US,NBA,1972-73
Chuck Nevitt,9,1983,1994,155,826.0,99,226,0.0,0.0,53,90,82.0,239.0,19,18.0,111.0,80.0,211,251,0.438,,0.589,5.3,1.6,1.5,0.1,0.1,0.7,"Jun 13, 1959",Cortez,Colorado ,US,NBA,1982-83
Don Putman,4,1947,1950,216,,410,1564,,,210,338,,,285,,,,449,1030,0.262,,0.621,,4.8,,1.3,,,"Nov 13, 1922",Wray,Colorado ,US,NBA,1946-47
Michael Ruffin,9,2000,2009,414,5966.0,258,634,0.0,3.0,200,436,729.0,1632.0,250,199.0,193.0,273.0,942,716,0.407,0.0,0.459,14.4,1.7,3.9,0.6,0.5,0.5,"Jan 21, 1977",Denver,Colorado ,US,NBA,1999-00
Ron Shavlik,2,1957,1958,8,74.0,4,23,,,2,5,,23.0,0,,,,12,10,0.174,,0.4,9.3,1.3,2.9,0.0,,,"Dec 4, 1933",Denver,Colorado ,US,NBA,1956-57
Jason Smith,11,2008,2019,616,10029.0,1572,3360,84.0,252.0,549,701,656.0,2075.0,453,208.0,408.0,507.0,1337,3777,0.468,0.333,0.783,16.3,6.1,3.4,0.7,0.3,0.7,"Mar 2, 1986",Greeley,Colorado ,US,NBA,2007-08
Derrick White,8,2018,2025,472,13319.0,2087,4647,860.0,2340.0,990,1161,279.0,1706.0,1936,378.0,424.0,651.0,995,6024,0.449,0.368,0.853,28.2,12.8,3.6,4.1,0.8,0.9,"Jul 2, 1994",Parker,Colorado ,US,NBA,2017-18
Charlie Williams,6,1968,1973,372,11444.0,2337,5998,210.0,795.0,1136,1593,296.0,1157.0,992,,,1048.0,1144,6020,0.39,0.264,0.713,30.8,16.2,3.1,2.7,,,"Sep 5, 1943",Colorado Springs,Colorado ,US,NBA,1967-68
Chuck Williams,8,1971,1978,638,17894.0,2525,5403,16.0,55.0,1828,2313,459.0,1489.0,2869,399.0,43.0,1243.0,1355,6894,0.467,,0.79,28.0,10.8,2.3,4.5,1.0,0.1,"Jun 6, 1946",Boulder,Colorado ,US,NBA,1970-71
Jalen Williams,3,2023,2025,199,6225.0,1377,2682,268.0,706.0,495,618,167.0,910.0,842,276.0,118.0,365.0,493,3517,0.513,0.38,0.801,31.3,17.7,4.6,4.2,1.4,0.6,"Apr 14, 2001",Denver,Colorado ,US,NBA,2022-23
Michael Adams,11,1986,1996,653,20446,3257,7849,949,2857,2158,2543,416,1900,4209,1081,67,1402,1193,9621,.415,.332,.849,31.3,14.7,2.9,6.4,1.7,0.1,"Jan 19, 1963",Hartford,Connecticut ,US,NBA,1985-86
Chuck Aleksinas,1,1985,1985,74,1114,161,337,0,1,55,75,87,270,36,15,15,72,171,377,.478,.000,.733,15.1,5.1,3.6,0.5,0.2,0.2,"Feb 26, 1959",Litchfield,Connecticut ,US,NBA,1984-85
Courtney Alexander,3,2001,2003,187,4067,655,1552,41,121,339,417,124,409,227,111,18,203,377,1690,.422,.339,.813,21.7,9.0,2.2,1.2,0.6,0.1,"Apr 27, 1977",Bridgeport,Connecticut ,US,NBA,2000-01
John Bagley,11,1983,1994,665,17120,2359,5398,114,473,970,1245,413,1729,3980,755,54,1512,1090,5802,.437,.241,.779,25.7,8.7,2.6,6.0,1.1,0.1,"Apr 23, 1960",Bridgeport,Connecticut ,US,NBA,1982-83
Scott Burrell,8,1994,2001,383,7592,971,2321,339,909,366,506,395,1332,527,341,180,337,865,2647,.418,.373,.723,19.8,6.9,3.5,1.4,0.9,0.5,"Jan 12, 1971",New Haven,Connecticut ,US,NBA,1993-94
Tom Callahan,1,1947,1947,13,,6,29,,,5,12,,,4,,,,9,17,.207,,.417,,1.3,,0.3,,,"Jun 2, 1921",Stamford,Connecticut ,US,NBA,1946-47
Marcus Camby,17,1997,2013,973,28684,3767,8077,18,88,1710,2551,2611,9513,1837,967,2331,1362,2687,9262,.466,.205,.670,29.5,9.5,9.8,1.9,1.0,2.4,"Mar 22, 1974",Hartford,Connecticut ,US,NBA,1996-97
Donovan Clingan,1,2025,2025,43,705,102,182,7,23,32,47,118,288,30,19,68,51,114,243,.560,.304,.681,16.4,5.7,6.7,0.7,0.4,1.6,"Feb 23, 2004",Bristol,Connecticut ,US,NBA,2024-25
Keith Closs,3,1998,2000,130,1647,201,427,0,4,100,165,133,372,44,28,163,78,167,502,.471,.000,.606,12.7,3.9,2.9,0.3,0.2,1.3,"Apr 3, 1976",Hartford,Connecticut ,US,NBA,1997-98
Chris Dudley,16,1988,2003,886,16321,1391,3380,0,5,691,1508,2234,5457,375,334,1027,740,2328,3473,.412,.000,.458,18.4,3.9,6.2,0.4,0.4,1.2,"Feb 22, 1965",Stamford,Connecticut ,US,NBA,1987-88
Kris Dunn,9,2017,2025,382,8843,1196,2751,231,720,305,417,201,1277,1548,553,161,614,1042,2928,.435,.321,.731,23.1,7.7,3.3,4.1,1.4,0.4,"Mar 18, 1994",New London,Connecticut ,US,NBA,2016-17
Johnny Egan,11,1962,1972,712,14448,2089,4867,,,1343,1668,,1294,2102,,,,1441,5521,.429,,.805,20.3,7.8,1.8,3.0,,,"Jan 31, 1939",Hartford,Connecticut ,US,NBA,1961-62
John Garris,1,1984,1984,33,267,52,102,0,0,27,34,35,77,10,8,6,11,40,131,.510,,.794,8.1,4.0,2.3,0.3,0.2,0.2,"Jun 6, 1959",Bridgeport,Connecticut ,US,NBA,1983-84
Michael Gbinije,1,2017,2017,9,32,1,10,0,4,2,2,2,3,2,0,0,0,2,4,.100,.000,1.000,3.6,0.4,0.3,0.2,0.0,0.0,"Jun 5, 1992",Hartford,Connecticut ,US,NBA,2016-17
Mike Gminski,14,1981,1994,938,24058,4208,9047,6,49,2531,3002,2082,6480,1203,507,989,1368,1574,10953,.465,.122,.843,25.6,11.7,6.9,1.3,0.5,1.1,"Aug 3, 1959",Monroe,Connecticut ,US,NBA,1980-81
Ryan Gomes,8,2006,2014,487,13463,1891,4249,334,956,810,1014,617,2239,712,351,78,550,942,4926,.445,.349,.799,27.6,10.1,4.6,1.5,0.7,0.2,"Sep 1, 1982",Waterbury,Connecticut ,US,NBA,2005-06
Aaron Jackson,1,2018,2018,1,35,3,9,1,4,1,2,2,3,1,0,0,1,4,8,.333,.250,.500,35.0,8.0,3.0,1.0,0.0,0.0,"May 6, 1986",Hartford,Connecticut ,US,NBA,2017-18
Jim Johnstone,1,1983,1983,23,191,11,30,0,0,9,20,15,46,11,3,7,15,33,31,.367,,.450,8.3,1.3,2.0,0.5,0.1,0.3,"Sep 20, 1960",New Canaan,Connecticut ,US,NBA,1982-83
Leo Katkaveck,2,1949,1950,107,,185,583,,,87,127,,,136,,,,212,457,.317,,.685,,4.3,,1.3,,,"Apr 17, 1923",Manchester,Connecticut ,US,NBA,1948-49
Bob Knight,1,1955,1955,2,29,3,7,,,1,1,,1,8,,,,6,7,.429,,1.000,14.5,3.5,0.5,4.0,,,"Apr 30, 1929",Hartford,Connecticut ,US,NBA,1954-55
Player,Yrs,0,To,G,MP,FG,FGA,3P,3PA,FT,FTA,ORB,TRB,AST,STL,BLK,TOV,PF,PTS,FG%,3P%,FT%,MP,PTS,TRB,AST,STL,BLK,Date,City,Connecticut ,US,NBA,-1-
Bruce Kuczenski,1,1984,1984,15,119,10,37,0,0,8,12,7,23,8,1,1,15,18,28,.270,,.667,7.9,1.9,1.5,0.5,0.1,0.1,"Feb 3, 1961",Bristol,Connecticut ,US,NBA,1983-84
Rick Mahorn,18,1981,1999,1117,25779,3098,6286,5,38,1562,2218,1814,6957,1082,633,1007,1456,3499,7763,.493,.132,.704,23.1,6.9,6.2,1.0,0.6,0.9,"Sep 21, 1958",Hartford,Connecticut ,US,NBA,1980-81
Tharon Mayes,1,1992,1992,24,255,30,99,15,41,24,36,3,16,35,16,2,31,41,99,.303,.366,.667,10.6,4.1,0.7,1.5,0.7,0.1,"Sep 9, 1968",New Haven,Connecticut ,US,NBA,1991-92
Calvin Murphy*,13,1971,1983,1002,30607,7247,15030,10,72,3445,3864,499,2103,4402,1165,51,822,3250,17949,.482,,.892,30.5,17.9,2.1,4.4,1.5,0.1,"May 9, 1948",Norwalk,Connecticut ,US,NBA,1970-71
Jay Murphy,4,1985,1988,67,436,63,190,0,3,34,56,34,111,13,8,7,24,59,160,.332,.000,.607,6.5,2.4,1.7,0.2,0.1,0.1,"Jun 26, 1962",Meriden,Connecticut ,US,NBA,1984-85
Bob Nash,5,1973,1979,236,2732,468,1091,0,2,167,229,202,538,159,63,45,145,305,1103,.429,,.729,11.6,4.7,2.3,0.7,0.3,0.2,"Aug 24, 1950",Hartford,Connecticut ,US,NBA,1972-73
Frank Oleynick,2,1976,1977,102,1166,208,539,,,92,130,23,90,113,34,10,,110,508,.386,,.708,11.4,5.0,0.9,1.1,0.3,0.1,"Feb 20, 1955",Bridgeport,Connecticut ,US,NBA,1975-76
Worthy Patterson,1,1958,1958,4,13,3,8,,,1,2,,2,2,,,,3,7,.375,,.500,3.3,1.8,0.5,0.5,,,"Jun 17, 1931",New Haven,Connecticut ,US,NBA,1957-58
John Pinone,1,1984,1984,7,65,7,13,0,0,6,10,0,10,3,2,1,5,11,20,.538,,.600,9.3,2.9,1.4,0.4,0.3,0.1,"Feb 19, 1961",Hartford,Connecticut ,US,NBA,1983-84
Bob Shea,1,1947,1947,43,,37,153,,,19,33,,,6,,,,42,93,.242,,.576,,2.2,,0.1,,,"Sep 11, 1924",Mystic,Connecticut ,US,NBA,1946-47
Charles Smith,9,1989,1997,564,16378,2993,6300,18,93,2103,2718,1192,3246,798,462,789,1036,1945,8107,.475,.194,.774,29.0,14.4,5.8,1.4,0.8,1.4,"Jul 16, 1965",Bridgeport,Connecticut ,US,NBA,1988-89
Chris Smith,3,1993,1995,224,3956,425,976,59,161,231,324,61,291,627,118,56,219,346,1140,.435,.366,.713,17.7,5.1,1.3,2.8,0.5,0.3,"May 17, 1970",Bridgeport,Connecticut ,US,NBA,1992-93
Will Solomon,2,2002,2009,115,1584,218,576,74,248,74,107,24,132,225,62,11,116,147,584,.378,.298,.692,13.8,5.1,1.1,2.0,0.5,0.1,"Jul 20, 1978",Hartford,Connecticut ,US,NBA,2001-02
Greg Stokes,2,1986,1990,42,384,57,128,0,1,16,23,29,62,17,14,11,22,64,130,.445,.000,.696,9.1,3.1,1.5,0.4,0.3,0.3,"Aug 5, 1963",New Haven,Connecticut ,US,NBA,1985-86
Corny Thompson,1,1983,1983,44,520,43,137,0,0,36,46,41,120,34,12,7,31,92,122,.314,,.783,11.8,2.8,2.7,0.8,0.3,0.2,"Feb 5, 1960",Middletown,Connecticut ,US,NBA,1982-83
Tremont Waters,3,2020,2022,40,407,52,147,21,71,24,25,5,37,85,30,3,46,34,149,.354,.296,.960,10.2,3.7,0.9,2.1,0.8,0.1,"Jan 10, 1998",New Haven,Connecticut ,US,NBA,2019-20
Tyson Wheeler,1,1999,1999,1,3,1,1,1,1,1,2,0,0,2,0,0,0,1,4,1.000,1.000,.500,3.0,4.0,0.0,2.0,0.0,0.0,"Oct 8, 1975",New Britain,Connecticut ,US,NBA,1998-99
Jordan Williams,1,2012,2012,43,635,77,152,0,0,43,66,66,156,11,21,15,23,61,197,.507,,.652,14.8,4.6,3.6,0.3,0.5,0.3,"Oct 11, 1990",Torrington,Connecticut ,US,NBA,2011-12
Sly Williams,7,1980,1986,305,6617,1322,2765,11,68,672,971,489,1287,603,328,55,540,722,3327,.478,.162,.692,21.7,10.9,4.2,2.0,1.1,0.2,"Jan 26, 1958",New Haven,Connecticut ,US,NBA,1979-80
John Williamson,8,1974,1981,516,15540,3724,8139,25,107,1544,1870,388,1274,1441,553,138,1106,1513,9017,.458,,.826,30.1,17.5,2.5,2.8,1.1,0.3,"Nov 10, 1951",New Haven,Connecticut ,US,NBA,1973-74
Dexter Boney,1,1997,1997,8,48,6,19,1.0,6.0,6,8,3,6,0,2,1,1.0,3,19,0.316,0.167,0.75,6.0,2.4,0.8,0.0,0.3,0.1,"Apr 27, 1970",Wilmington,Delaware ,US,NBA,1996-97
Donte DiVincenzo,7,2019,2025,394,10062,1481,3490,846.0,2256.0,378,487,369,1702,1118,470,102,568.0,693,4186,0.424,0.375,0.776,25.5,10.6,4.3,2.8,1.2,0.3,"Jan 31, 1997",Newark,Delaware ,US,NBA,2018-19
Jalen Duren,3,2023,2025,182,4834,857,1319,0.0,6.0,335,478,613,1853,365,114,167,320.0,544,2049,0.65,0.0,0.701,26.6,11.3,10.2,2.0,0.6,0.9,"Nov 18, 2003",New Castle,Delaware ,US,NBA,2022-23
Trevon Duval,1,2019,2019,3,6,2,3,1.0,1.0,0,0,0,1,2,0,0,0.0,0,5,0.667,1.0,,2.0,1.7,0.3,0.7,0.0,0.0,"Aug 3, 1998",New Castle,Delaware ,US,NBA,2018-19
A.J. English,2,1991,1992,151,3108,617,1418,9.0,65.0,259,333,140,315,320,57,24,203.0,287,1502,0.435,0.138,0.778,20.6,9.9,2.1,2.1,0.4,0.2,"Jul 11, 1967",Wilmington,Delaware ,US,NBA,1990-91
Joey Graham,6,2006,2011,377,6117,857,1776,54.0,180.0,471,578,272,1058,207,134,43,309.0,804,2239,0.483,0.3,0.815,16.2,5.9,2.8,0.5,0.4,0.1,"Jun 11, 1982",Wilmington,Delaware ,US,NBA,2005-06
Stephen Graham,6,2006,2011,239,2915,378,848,53.0,172.0,157,205,77,424,117,57,19,155.0,352,966,0.446,0.308,0.766,12.2,4.0,1.8,0.5,0.2,0.1,"Jun 11, 1982",Wilmington,Delaware ,US,NBA,2005-06
Walt Hazzard,10,1965,1974,724,19202,3597,8162,,,1893,2502,18,2146,3555,26,6,,2027,9087,0.441,,0.757,26.5,12.6,3.0,4.9,0.5,0.1,"Apr 15, 1942",Wilmington,Delaware ,US,NBA,1964-65
Bones Hyland,4,2022,2025,182,3157,600,1508,323.0,888.0,234,276,44,402,484,124,43,236.0,326,1757,0.398,0.364,0.848,17.3,9.7,2.2,2.7,0.7,0.2,"Sep 14, 2000",Wilmington,Delaware ,US,NBA,2021-22
Ronnie Murphy,1,1988,1988,18,89,14,49,1.0,4.0,7,11,5,11,6,5,1,8.0,14,36,0.286,0.25,0.636,4.9,2.0,0.6,0.3,0.3,0.1,"Jul 29, 1964",Dover,Delaware ,US,NBA,1987-88
Terence Stansbury,3,1985,1987,192,2984,468,1055,24.0,107.0,240,308,76,277,390,119,20,248.0,483,1200,0.444,0.224,0.779,15.5,6.3,1.4,2.0,0.6,0.1,"Feb 27, 1961",Wilmington,Delaware ,US,NBA,1984-85
Johnny Austin,2,1967,1968,45,753,113,301,0,11,114,156,,71,62,,,57,122,340,.375,,.731,16.7,7.6,1.6,1.4,,,"Aug 31, 1944",Washington,District of Columbia ,US,NBA,1966-67
Thurl Bailey,12,1984,1999,928,24873,4753,10056,4,35,2324,2863,1304,4718,1298,435,1086,1444,1843,11834,.473,.114,.812,26.8,12.8,5.1,1.4,0.5,1.2,"Apr 7, 1961",Washington,District of Columbia ,US,NBA,1983-84
Tim Bassett,7,1974,1980,473,11230,1220,2883,4,14,489,831,1149,3148,576,358,227,473,1264,2933,.423,,.588,23.7,6.2,6.7,1.2,0.8,0.5,"Apr 1, 1951",Washington,District of Columbia ,US,NBA,1973-74
John Battle,10,1986,1995,612,10910,2054,4430,62,227,1168,1472,178,824,1257,273,43,659,874,5338,.464,.273,.793,17.8,8.7,1.3,2.1,0.4,0.1,"Nov 9, 1962",Washington,District of Columbia ,US,NBA,1985-86
Elgin Baylor*,14,1959,1972,846,33863,8693,20171,,,5763,7391,,11463,3650,,,,2596,23149,.431,,.780,40.0,27.4,13.5,4.3,,,"Sep 16, 1934",Washington,District of Columbia ,US,NBA,1958-59
Dave Bing*,12,1967,1978,901,32769,6962,15769,,,4403,5683,418,3420,5397,483,89,216,2615,18327,.441,,.775,36.4,20.3,3.8,6.0,1.3,0.2,"Nov 24, 1943",Washington,District of Columbia ,US,NBA,1966-67
Adrian Branch,4,1987,1990,130,1429,331,727,9,39,163,219,114,253,96,83,17,125,193,834,.455,.231,.744,11.0,6.4,1.9,0.7,0.6,0.1,"Nov 17, 1963",Washington,District of Columbia ,US,NBA,1986-87
Austin Carr,10,1972,1981,682,19660,4359,9714,2,13,1753,2181,711,1990,1878,433,66,470,1394,10473,.449,,.804,28.8,15.4,2.9,2.8,0.8,0.1,"Mar 10, 1948",Washington,District of Columbia ,US,NBA,1971-72
Kenny Carr,10,1978,1987,674,17167,3057,5998,3,38,1696,2479,1506,4999,923,484,296,1438,2153,7813,.510,,.684,25.5,11.6,7.4,1.4,0.7,0.4,"Aug 15, 1955",Washington,District of Columbia ,US,NBA,1977-78
Sid Catlett,1,1972,1972,9,40,2,9,,,2,9,,4,1,,,,3,6,.222,,.222,4.4,0.7,0.4,0.1,,,"Apr 18, 1948",Washington,District of Columbia ,US,NBA,1971-72
Jerry Chambers,6,1967,1974,320,5155,1115,2534,2,10,435,562,120,1032,270,11,3,83,639,2667,.440,,.774,16.1,8.3,3.2,0.8,0.3,0.1,"Jul 18, 1943",Washington,District of Columbia ,US,NBA,1966-67
Randolph Childress,2,1996,1997,51,405,39,119,18,66,28,35,2,25,49,17,1,46,38,124,.328,.273,.800,7.9,2.4,0.5,1.0,0.3,0.0,"Sep 21, 1972",Washington,District of Columbia ,US,NBA,1995-96
Bonzie Colson,1,2019,2019,8,98,13,39,5,21,8,9,8,30,3,5,1,3,3,39,.333,.238,.889,12.3,4.9,3.8,0.4,0.6,0.1,"Jan 12, 1996",Washington,District of Columbia ,US,NBA,2018-19
Quinn Cook,5,2017,2021,188,2652,479,1039,180,441,62,78,46,314,298,52,7,135,201,1200,.461,.408,.795,14.1,6.4,1.7,1.6,0.3,0.0,"Mar 23, 1993",Washington,District of Columbia ,US,NBA,2016-17
Adrian Dantley*,15,1977,1991,955,34151,8169,15121,7,41,6832,8351,2207,5455,2830,944,150,2503,2550,23177,.540,,.818,35.8,24.3,5.7,3.0,1.0,0.2,"Feb 28, 1955",Washington,District of Columbia ,US,NBA,1976-77
Ed Davis,12,2011,2022,722,13756,1773,3128,0,4,745,1277,1590,4616,539,349,566,532,1749,4291,.567,.000,.583,19.1,5.9,6.4,0.7,0.5,0.8,"Jun 5, 1989",Washington,District of Columbia ,US,NBA,2010-11
Johnny Dawkins,9,1987,1995,541,14859,2361,5175,180,545,1082,1262,333,1336,2997,618,29,1108,837,5984,.456,.330,.857,27.5,11.1,2.5,5.5,1.1,0.1,"Sep 28, 1963",Washington,District of Columbia ,US,NBA,1986-87
Marcus Derrickson,1,2019,2019,11,67,16,33,10,20,4,5,8,13,1,0,1,3,9,46,.485,.500,.800,6.1,4.2,1.2,0.1,0.0,0.1,"Feb 1, 1996",Washington,District of Columbia ,US,NBA,2018-19
Sherman Douglas,12,1990,2001,765,21148,3335,6886,154,576,1601,2361,558,1672,4536,785,76,1761,1615,8425,.484,.267,.678,27.6,11.0,2.2,5.9,1.0,0.1,"Sep 15, 1966",Washington,District of Columbia ,US,NBA,1989-90
Kevin Durant,17,2008,2025,1105,40584,10381,20685,2134,5505,7213,8177,733,7718,4830,1162,1257,3495,2109,30109,.502,.388,.882,36.7,27.2,7.0,4.4,1.1,1.1,"Sep 29, 1988",Washington,District of Columbia ,US,NBA,2007-08
Player,Yrs,0,To,G,MP,FG,FGA,3P,3PA,FT,FTA,ORB,TRB,AST,STL,BLK,TOV,PF,PTS,FG%,3P%,FT%,MP,PTS,TRB,AST,STL,BLK,Date,City,District of Columbia ,US,NBA,-1-
John Duren,3,1981,1983,201,2947,317,729,3,25,75,100,60,226,411,104,11,205,400,712,.435,.120,.750,14.7,3.5,1.1,2.0,0.5,0.1,"Oct 30, 1958",Washington,District of Columbia ,US,NBA,1980-81
Blue Edwards,10,1990,1999,704,18409,3021,6362,304,908,1239,1590,698,2376,1409,728,297,1187,1923,7585,.475,.335,.779,26.1,10.8,3.4,2.0,1.0,0.4,"Oct 31, 1965",Washington,District of Columbia ,US,NBA,1989-90
Sharrod Ford,1,2006,2006,3,13,2,3,0,0,0,0,1,3,0,0,1,2,7,4,.667,,,4.3,1.3,1.0,0.0,0.0,0.3,"Jan 9, 1982",Washington,District of Columbia ,US,NBA,2005-06
Luka Garza,4,2022,2025,110,903,200,412,45,144,110,156,137,240,48,18,10,47,147,555,.485,.313,.705,8.2,5.0,2.2,0.4,0.2,0.1,"Dec 27, 1998",Washington,District of Columbia ,US,NBA,2021-22
Claude Gregory,2,1986,1988,25,315,62,136,0,1,12,36,39,97,16,10,13,24,38,136,.456,.000,.333,12.6,5.4,3.9,0.6,0.4,0.5,"Dec 26, 1958",Washington,District of Columbia ,US,NBA,1985-86
Fred Hetzel,6,1966,1971,416,8885,1789,4246,,,1080,1322,,2444,462,,,,1107,4658,.421,,.817,21.4,11.2,5.9,1.1,,,"Jul 21, 1942",Washington,District of Columbia ,US,NBA,1965-66
Donald Hodge,5,1992,1996,249,3501,462,1057,4,14,254,357,306,809,191,84,95,236,531,1182,.437,.286,.711,14.1,4.7,3.2,0.8,0.3,0.4,"Feb 25, 1969",Washington,District of Columbia ,US,NBA,1991-92
Tom Hoover,5,1964,1969,223,4277,480,1075,4,12,347,554,145,1388,237,,,311,748,1311,.447,,.626,19.2,5.9,6.2,1.1,,,"Jan 23, 1941",Washington,District of Columbia ,US,NBA,1963-64
John Hummer,6,1971,1976,327,7420,875,1998,,,498,950,133,1733,543,42,38,,900,2248,.438,,.524,22.7,6.9,5.3,1.7,0.3,0.3,"May 4, 1948",Washington,District of Columbia ,US,NBA,1970-71
Frank Jackson,5,2019,2023,214,3873,656,1557,247,743,257,327,82,392,222,84,16,169,311,1816,.421,.332,.786,18.1,8.5,1.8,1.0,0.4,0.1,"May 4, 1998",Washington,District of Columbia ,US,NBA,2018-19
Mike Jackson,4,1973,1976,264,5918,1055,2077,4,15,569,743,556,1506,254,117,63,538,882,2683,.508,.267,.766,22.4,10.2,5.7,1.0,0.5,0.3,"Jul 31, 1949",Washington,District of Columbia ,US,NBA,1972-73
Chris Johnson,3,2011,2013,71,597,77,137,0,0,51,73,47,132,13,16,46,38,103,205,.562,,.699,8.4,2.9,1.9,0.2,0.2,0.6,"Jul 15, 1985",Washington,District of Columbia ,US,NBA,2010-11
DerMarr Johnson,7,2001,2008,344,5930,770,1872,274,815,307,389,192,769,304,198,149,349,598,2121,.411,.336,.789,17.2,6.2,2.2,0.9,0.6,0.4,"May 5, 1980",Washington,District of Columbia ,US,NBA,2000-01
Anthony Jones,3,1987,1990,164,1704,234,595,15,49,111,150,87,214,119,85,38,96,176,594,.393,.306,.740,10.4,3.6,1.3,0.7,0.5,0.2,"Sep 13, 1962",Washington,District of Columbia ,US,NBA,1986-87
Collis Jones,4,1972,1975,298,6231,955,2105,6,28,510,727,660,1409,338,126,46,335,707,2426,.454,.214,.702,20.9,8.1,4.7,1.1,0.9,0.3,"Jul 3, 1949",Washington,District of Columbia ,US,NBA,1971-72
Johnny Jones,2,1968,1969,80,924,167,466,0,3,83,139,54,231,60,,,39,113,417,.358,,.597,11.6,5.2,2.9,0.8,,,"Mar 12, 1943",Washington,District of Columbia ,US,NBA,1967-68
Eddie Jordan,7,1978,1984,420,8507,1349,3256,22,98,694,909,216,788,1595,766,96,897,893,3414,.414,,.763,20.3,8.1,1.9,3.8,1.8,0.2,"Jan 29, 1955",Washington,District of Columbia ,US,NBA,1977-78
Tim Legler,10,1990,2000,310,5253,762,1705,260,603,398,474,128,481,402,149,41,194,509,2182,.447,.431,.840,16.9,7.0,1.6,1.3,0.5,0.1,"Dec 26, 1966",Washington,District of Columbia ,US,NBA,1989-90
Cedric Lewis,1,1996,1996,3,4,2,3,0,0,0,0,2,2,0,1,0,0,0,4,.667,,,1.3,1.3,0.7,0.0,0.3,0.0,"Sep 24, 1969",Washington,District of Columbia ,US,NBA,1995-96
Gene Littles,6,1970,1975,450,11310,1606,3373,25,104,829,1124,578,1475,1336,277,21,650,1048,4066,.476,.240,.738,25.1,9.0,3.3,3.0,1.2,0.1,"Jun 29, 1943",Washington,District of Columbia ,US,NBA,1969-70
Player,Yrs,0,To,G,MP,FG,FGA,3P,3PA,FT,FTA,ORB,TRB,AST,STL,BLK,TOV,PF,PTS,FG%,3P%,FT%,MP,PTS,TRB,AST,STL,BLK,Date,City,District of Columbia ,US,NBA,-1-
Sidney Lowe,4,1984,1990,193,3422,198,540,4,30,162,212,81,335,749,191,9,191,282,562,.367,.133,.764,17.7,2.9,1.7,3.9,1.0,0.0,"Jan 21, 1960",Washington,District of Columbia ,US,NBA,1983-84
John Lucas III,8,2006,2017,242,2927,454,1185,163,474,76,99,57,237,362,88,2,128,195,1147,.383,.344,.768,12.1,4.7,1.0,1.5,0.4,0.0,"Nov 21, 1982",Washington,District of Columbia ,US,NBA,2005-06
Bill Martin,3,1986,1988,84,860,168,374,0,9,61,75,53,136,58,30,9,74,129,397,.449,.000,.813,10.2,4.7,1.6,0.7,0.4,0.1,"Aug 16, 1962",Washington,District of Columbia ,US,NBA,1985-86
Roger Mason,10,2003,2014,518,9147,1196,2933,594,1549,303,350,78,897,677,189,75,370,709,3289,.408,.383,.866,17.7,6.3,1.7,1.3,0.4,0.1,"Sep 10, 1980",Washington,District of Columbia ,US,NBA,2002-03
Mike Morrison,1,1990,1990,36,153,23,68,2,7,24,30,7,20,11,2,0,23,20,72,.338,.286,.800,4.3,2.0,0.6,0.3,0.1,0.0,"Aug 16, 1967",Washington,District of Columbia ,US,NBA,1989-90
Lawrence Moten,3,1996,1998,119,1814,286,701,59,197,116,178,80,181,182,77,32,126,143,747,.408,.299,.652,15.2,6.3,1.5,1.5,0.6,0.3,"Mar 25, 1972",Washington,District of Columbia ,US,NBA,1995-96
Moochie Norris,9,1997,2006,445,7640,816,2033,116,406,524,708,209,868,1233,321,19,524,484,2272,.401,.286,.740,17.2,5.1,2.0,2.8,0.7,0.0,"Jul 27, 1973",Washington,District of Columbia ,US,NBA,1996-97
Patrick Patterson,11,2011,2021,719,14923,1871,4185,630,1709,410,543,822,2799,736,368,296,450,1116,4782,.447,.369,.755,20.8,6.7,3.9,1.0,0.5,0.4,"Mar 14, 1989",Washington,District of Columbia ,US,NBA,2010-11
Curtis Perry,8,1971,1978,480,13656,1904,4188,,,770,1101,1022,4239,906,379,291,63,1670,4578,.455,,.699,28.5,9.5,8.8,1.9,1.2,0.9,"Sep 13, 1948",Washington,District of Columbia ,US,NBA,1970-71
Jamorko Pickett,1,2022,2022,13,176,18,50,13,39,1,2,6,32,7,0,7,5,12,50,.360,.333,.500,13.5,3.8,2.5,0.5,0.0,0.5,"Dec 24, 1997",Washington,District of Columbia ,US,NBA,2021-22
Dominic Pressley,1,1989,1989,13,124,9,31,0,2,5,9,3,15,26,4,0,11,11,23,.290,.000,.556,9.5,1.8,1.2,2.0,0.3,0.0,"May 30, 1964",Washington,District of Columbia ,US,NBA,1988-89
Don Reid,8,1996,2003,403,5374,583,1099,0,1,288,438,437,1169,143,182,282,253,1135,1454,.530,.000,.658,13.3,3.6,2.9,0.4,0.5,0.7,"Dec 30, 1973",Washington,District of Columbia ,US,NBA,1995-96
Bernard Robinson,3,2005,2007,128,1909,212,508,5,31,147,187,86,315,126,109,16,110,215,576,.417,.161,.786,14.9,4.5,2.5,1.0,0.9,0.1,"Dec 26, 1980",Washington,District of Columbia ,US,NBA,2004-05
Thomas Robinson,5,2013,2017,313,4204,640,1361,0,6,248,491,542,1507,190,161,111,319,546,1528,.470,.000,.505,13.4,4.9,4.8,0.6,0.5,0.4,"Mar 17, 1991",Washington,District of Columbia ,US,NBA,2012-13
Craig Shelton,2,1981,1982,59,607,102,225,0,1,36,60,60,141,27,19,5,61,131,240,.453,.000,.600,10.3,4.1,2.4,0.5,0.3,0.1,"May 1, 1957",Washington,District of Columbia ,US,NBA,1980-81
Tom Sluby,1,1985,1985,31,151,30,58,0,2,13,21,5,12,16,3,0,11,18,73,.517,.000,.619,4.9,2.4,0.4,0.5,0.1,0.0,"Feb 18, 1962",Washington,District of Columbia ,US,NBA,1984-85
Charles Smith,3,1990,1996,73,588,65,150,0,10,56,83,14,76,115,37,3,44,89,186,.433,.000,.675,8.1,2.5,1.0,1.6,0.5,0.0,"Nov 29, 1967",Washington,District of Columbia ,US,NBA,1989-90
Michael Smith,7,1995,2001,449,10552,950,1767,1,7,626,1183,1122,3193,661,361,248,526,1137,2527,.538,.143,.529,23.5,5.6,7.1,1.5,0.8,0.6,"Mar 28, 1972",Washington,District of Columbia ,US,NBA,1994-95
Donell Taylor,2,2006,2007,98,834,109,276,7,34,41,64,30,106,90,47,7,59,81,266,.395,.206,.641,8.5,2.7,1.1,0.9,0.5,0.1,"Jul 26, 1982",Washington,District of Columbia ,US,NBA,2005-06
Fatty Taylor,8,1970,1977,640,17706,1963,4481,29,141,1143,1692,1009,2524,2563,935,56,1516,2003,5098,.438,,.676,27.7,8.0,3.9,4.0,2.4,0.2,"Mar 13, 1946",Washington,District of Columbia ,US,NBA,1969-70
Player,Yrs,0,To,G,MP,FG,FGA,3P,3PA,FT,FTA,ORB,TRB,AST,STL,BLK,TOV,PF,PTS,FG%,3P%,FT%,MP,PTS,TRB,AST,STL,BLK,Date,City,District of Columbia ,US,NBA,-1-
John Thompson*,2,1965,1966,74,771,98,239,,,66,111,,260,19,,,,156,262,.410,,.595,10.4,3.5,3.5,0.3,,,"Sep 2, 1941",Washington,District of Columbia ,US,NBA,1964-65
John Tresvant,9,1965,1973,559,12296,1920,4256,,,1278,1843,,3546,806,,,,1754,5118,.451,,.693,22.0,9.2,6.3,1.4,,,"Nov 6, 1939",Washington,District of Columbia ,US,NBA,1964-65
Anthony Tucker,1,1995,1995,62,982,96,210,0,1,51,83,44,170,68,46,11,56,129,243,.457,.000,.614,15.8,3.9,2.7,1.1,0.7,0.2,"Apr 4, 1969",Washington,District of Columbia ,US,NBA,1994-95
John Turner,1,1992,1992,42,345,43,98,0,0,31,59,38,78,12,6,4,32,40,117,.439,,.525,8.2,2.8,1.9,0.3,0.1,0.1,"Nov 30, 1967",Washington,District of Columbia ,US,NBA,1991-92
Ben Warley,8,1963,1970,436,8304,1267,3032,98,345,1054,1403,77,2436,356,,,250,1292,3686,.418,,.751,19.0,8.5,5.6,0.8,,,"Sep 4, 1936",Washington,District of Columbia ,US,NBA,1962-63
Don Washington,2,1975,1976,56,496,91,201,0,2,38,56,45,102,33,13,20,52,111,220,.453,.000,.679,8.9,3.9,1.8,0.6,0.2,0.4,"Apr 22, 1952",Washington,District of Columbia ,US,NBA,1974-75
Kermit Washington,10,1974,1988,507,12815,1778,3382,0,4,1110,1691,1522,4232,695,403,550,629,1630,4666,.526,,.656,25.3,9.2,8.3,1.4,0.8,1.1,"Sep 17, 1951",Washington,District of Columbia ,US,NBA,1973-74
Stan Washington,1,1975,1975,1,4,0,1,,,0,0,0,0,0,0,0,,1,0,.000,,,4.0,0.0,0.0,0.0,0.0,0.0,"Jan 23, 1952",Washington,District of Columbia ,US,NBA,1974-75
Delonte West,8,2005,2012,432,11842,1601,3571,376,1012,620,751,213,1265,1540,465,179,702,828,4198,.448,.372,.826,27.4,9.7,2.9,3.6,1.1,0.4,"Jul 26, 1983",Washington,District of Columbia ,US,NBA,2004-05
James White,3,2007,2013,67,583,71,162,17,50,23,34,8,68,35,17,6,25,53,182,.438,.340,.676,8.7,2.7,1.0,0.5,0.3,0.1,"Oct 21, 1982",Washington,District of Columbia ,US,NBA,2006-07
Hawkeye Whitney,2,1981,1982,70,1048,174,377,2,7,54,72,42,146,87,59,7,62,129,404,.462,.286,.750,15.0,5.8,2.1,1.2,0.8,0.1,"Jun 22, 1957",Washington,District of Columbia ,US,NBA,1980-81
Bernie Williams,5,1970,1974,283,5167,1074,2645,29,125,445,540,111,523,556,1,0,264,531,2622,.406,,.824,18.3,9.3,1.8,2.0,0.2,0.0,"Dec 30, 1945",Washington,District of Columbia ,US,NBA,1969-70
Jerome Williams,9,1997,2005,587,12755,1425,2839,1,26,1014,1573,1448,3743,474,618,128,587,1229,3865,.502,.038,.645,21.7,6.6,6.4,0.8,1.1,0.2,"May 10, 1973",Washington,District of Columbia ,US,NBA,1996-97
Walt Williams,11,1993,2003,708,18818,2978,7013,976,2575,1453,1956,764,2794,1637,658,406,1321,2046,8385,.425,.379,.743,26.6,11.8,3.9,2.3,0.9,0.6,"Apr 16, 1970",Washington,District of Columbia ,US,NBA,1992-93
Chris Wright,1,2013,2013,3,4,1,2,0,0,0,0,0,0,0,0,0,1,0,2,.500,,,1.3,0.7,0.0,0.0,0.0,0.0,"Nov 4, 1989",Washington,District of Columbia ,US,NBA,2012-13
Sam Young,4,2010,2013,249,3966,560,1266,49,175,267,360,163,573,180,134,57,204,311,1436,.442,.280,.742,15.9,5.8,2.3,0.7,0.5,0.2,"Jun 1, 1985",Washington,District of Columbia ,US,NBA,2009-10
DeVaughn Akoon-Purcell,1,2019,2019,7,22,3,10,0,4,1,2,1,4,6,2,0,2,4,7,.300,.000,.500,3.1,1.0,0.6,0.9,0.3,0.0,"Jun 5, 1993",Orlando,Florida ,US,NBA,2018-19
Gary Alexander,1,1994,1994,11,55,8,14,0,0,3,9,7,15,2,3,0,8,10,19,.571,,.333,5.0,1.7,1.4,0.2,0.3,0.0,"Nov 1, 1969",Jacksonville,Florida ,US,NBA,1993-94
Grayson Allen,7,2019,2025,385,9837,1357,3010,819,1978,534,620,199,1176,772,282,107,373,610,4067,.451,.414,.861,25.6,10.6,3.1,2.0,0.7,0.3,"Oct 8, 1995",Jacksonville,Florida ,US,NBA,2018-19
Randy Allen,2,1989,1990,70,789,114,258,0,8,24,45,52,145,23,17,20,30,109,252,.442,.000,.533,11.3,3.6,2.1,0.3,0.2,0.3,"Jan 26, 1965",Milton,Florida ,US,NBA,1988-89
Gilbert Arenas,11,2002,2012,552,19351,3722,8850,1079,3077,2879,3584,444,2168,2909,884,134,1744,1683,11402,.421,.351,.803,35.1,20.7,3.9,5.3,1.6,0.2,"Jan 6, 1982",Tampa,Florida ,US,NBA,2001-02
Trevor Ariza,18,2005,2022,1118,32953,4135,9804,1605,4579,1718,2350,1081,5356,2379,1628,355,1473,2205,11593,.422,.351,.731,29.5,10.4,4.8,2.1,1.5,0.3,"Jun 30, 1985",Miami,Florida ,US,NBA,2004-05
Chucky Atkins,11,2000,2010,696,17304,2479,6022,934,2565,971,1258,194,1186,2396,465,36,1018,1284,6863,.412,.364,.772,24.9,9.9,1.7,3.4,0.7,0.1,"Aug 14, 1974",Orlando,Florida ,US,NBA,1999-00
Dwayne Bacon,4,2018,2021,207,4012,571,1419,127,404,234,300,58,537,230,96,14,124,273,1503,.402,.314,.780,19.4,7.3,2.6,1.1,0.5,0.1,"Aug 30, 1995",Lakeland,Florida ,US,NBA,2017-18
Vin Baker,13,1994,2006,791,25737,4692,9675,39,181,2416,3787,2263,5867,1509,582,798,1756,2560,11839,.485,.215,.638,32.5,15.0,7.4,1.9,0.7,1.0,"Nov 23, 1971",Lake Wales,Florida ,US,NBA,1993-94
Scottie Barnes,4,2022,2025,255,8915,1700,3630,280,928,700,913,580,1910,1263,301,253,585,568,4380,.468,.302,.767,35.0,17.2,7.5,5.0,1.2,1.0,"Aug 1, 2001",West Palm Beach,Florida ,US,NBA,2021-22
Otis Birdsong,12,1978,1989,696,21627,5347,10562,49,179,1801,2748,920,2072,2260,858,143,1491,1783,12544,.506,,.655,31.1,18.0,3.0,3.2,1.2,0.2,"Dec 9, 1955",Winter Haven,Florida ,US,NBA,1977-78
Steve Blake,13,2004,2016,870,20823,2061,5145,1037,2709,503,646,250,1816,3446,587,63,1222,1287,5662,.401,.383,.779,23.9,6.5,2.1,4.0,0.7,0.1,"Feb 26, 1980",Hollywood,Florida ,US,NBA,2003-04
Ricky Blanton,1,1993,1993,2,13,3,7,0,0,0,0,2,3,1,2,0,1,1,6,.429,,,6.5,3.0,1.5,0.5,1.0,0.0,"Apr 21, 1966",Miami,Florida ,US,NBA,1992-93
Tony Bobbitt,1,2005,2005,2,12,2,5,1,2,0,0,0,3,0,0,0,0,1,5,.400,.500,,6.0,2.5,1.5,0.0,0.0,0.0,"Oct 22, 1979",Daytona,Florida ,US,NBA,2004-05
Alex Bradley,1,1982,1982,39,331,54,103,0,1,29,48,31,65,11,12,5,28,37,137,.524,.000,.604,8.5,3.5,1.7,0.3,0.3,0.1,"Oct 30, 1959",Bradenton,Florida ,US,NBA,1981-82
Tony Bradley,6,2018,2023,179,1994,346,548,6,12,94,138,277,729,90,42,99,101,247,792,.631,.500,.681,11.1,4.4,4.1,0.5,0.2,0.6,"Jan 8, 1998",Bartow,Florida ,US,NBA,2017-18
Mike Brittain,2,1986,1987,38,248,26,52,0,0,11,21,12,53,7,4,12,22,57,63,.500,,.524,6.5,1.7,1.4,0.2,0.1,0.3,"Jun 21, 1963",Clearwater,Florida ,US,NBA,1985-86
Chaundee Brown Jr.,1,2022,2022,5,104,10,32,6,18,5,6,1,16,4,2,0,1,7,31,.313,.333,.833,20.8,6.2,3.2,0.8,0.4,0.0,"Dec 4, 1998",Orlando,Florida ,US,NBA,2021-22
Dee Brown,12,1991,2002,608,16843,2540,5822,605,1697,1073,1300,319,1569,2227,800,205,905,1264,6758,.436,.357,.825,27.7,11.1,2.6,3.7,1.3,0.3,"Nov 29, 1968",Jacksonville,Florida ,US,NBA,1990-91
Ticky Burden,3,1976,1978,134,2804,710,1601,8,36,334,454,134,268,194,151,10,181,277,1762,.443,,.736,20.9,13.1,2.0,1.4,1.1,0.1,"Feb 28, 1953",Haines City,Florida ,US,NBA,1975-76
Player,Yrs,0,To,G,MP,FG,FGA,3P,3PA,FT,FTA,ORB,TRB,AST,STL,BLK,TOV,PF,PTS,FG%,3P%,FT%,MP,PTS,TRB,AST,STL,BLK,Date,City,Florida ,US,NBA,-1-
Nick Calathes,2,2014,2015,129,2011,246,558,30,104,68,117,42,243,353,129,13,162,217,590,.441,.288,.581,15.6,4.6,1.9,2.7,1.0,0.1,"Feb 7, 1989",Casselberry,Florida ,US,NBA,2013-14
Vernon Carey Jr.,3,2021,2023,37,187,27,57,1,7,17,26,17,50,5,5,8,10,22,72,.474,.143,.654,5.1,1.9,1.4,0.1,0.1,0.2,"Feb 25, 2001",Miami,Florida ,US,NBA,2020-21
Devin Carter,1,2025,2025,17,161,19,61,8,31,13,18,6,40,21,5,3,8,14,59,.311,.258,.722,9.5,3.5,2.4,1.2,0.3,0.2,"Mar 18, 2002",West Palm Beach,Florida ,US,NBA,2024-25
Vince Carter*,22,1999,2020,1541,46367,9293,21339,2290,6168,4852,6082,1658,6606,4714,1530,888,2590,3995,25728,.435,.371,.798,30.1,16.7,4.3,3.1,1.0,0.6,"Jan 26, 1977",Daytona Beach,Florida ,US,NBA,1998-99
Colin Castleton,2,2024,2025,26,105,11,26,0,4,16,17,9,21,3,3,1,4,17,38,.423,.000,.941,4.0,1.5,0.8,0.1,0.1,0.0,"May 25, 2000",Pembroke Pines,Florida ,US,NBA,2023-24
Joe Chealey,2,2019,2020,5,41,1,10,0,4,2,2,0,0,2,4,0,2,3,4,.100,.000,1.000,8.2,0.8,0.0,0.4,0.8,0.0,"Nov 1, 1995",Orlando,Florida ,US,NBA,2018-19
Jordan Clarkson,11,2015,2025,747,20681,4469,10229,1394,4137,1626,1959,644,2508,2191,608,115,1393,1263,11958,.437,.337,.830,27.7,16.0,3.4,2.9,0.8,0.2,"Jun 7, 1992",Tampa,Florida ,US,NBA,2014-15
Norris Coleman,1,1988,1988,29,431,66,191,1,2,20,36,36,81,13,11,6,16,51,153,.346,.500,.556,14.9,5.3,2.8,0.4,0.4,0.2,"Sep 27, 1961",Jacksonville,Florida ,US,NBA,1987-88
James Collins,1,1998,1998,23,103,21,55,9,20,8,14,7,14,3,6,3,8,12,59,.382,.450,.571,4.5,2.6,0.6,0.1,0.3,0.1,"Nov 5, 1973",Jacksonville,Florida ,US,NBA,1997-98
Chris Corchiani,3,1992,1994,112,1313,131,311,21,78,133,163,27,129,243,73,4,120,159,416,.421,.269,.816,11.7,3.7,1.2,2.2,0.7,0.0,"Mar 28, 1968",Coral Gables,Florida ,US,NBA,1991-92
Marquis Daniels,10,2004,2013,548,11707,1772,3933,103,439,672,932,521,1552,966,509,137,644,882,4319,.451,.235,.721,21.4,7.9,2.8,1.8,0.9,0.3,"Jan 7, 1981",Jasper,Florida ,US,NBA,2003-04
Ben Davis,4,1997,2000,40,154,21,59,0,0,12,26,30,53,5,6,2,7,25,54,.356,,.462,3.9,1.4,1.3,0.1,0.2,0.1,"Dec 26, 1972",Vero Beach,Florida ,US,NBA,1996-97
Mike Davis,1,1983,1983,8,28,4,10,0,0,6,10,3,10,0,0,4,0,4,14,.400,,.600,3.5,1.8,1.3,0.0,0.0,0.5,"Aug 2, 1956",Jacksonville,Florida ,US,NBA,1982-83
Darryl Dawkins,14,1976,1989,726,17235,3477,6079,2,15,1777,2593,1125,4432,917,345,1023,1621,2784,8733,.572,,.685,23.7,12.0,6.1,1.3,0.5,1.4,"Jan 11, 1957",Orlando,Florida ,US,NBA,1975-76
Darius Days,1,2023,2023,4,25,5,12,3,10,2,2,1,6,1,0,1,0,2,15,.417,.300,1.000,6.3,3.8,1.5,0.3,0.0,0.3,"Oct 20, 1999",Gainesville,Florida ,US,NBA,2022-23
Mickey Dillard,1,1982,1982,33,221,29,79,0,4,15,23,6,15,34,8,2,17,40,73,.367,.000,.652,6.7,2.2,0.5,1.0,0.2,0.1,"Oct 15, 1958",Hollywood,Florida ,US,NBA,1981-82
Keyon Dooling,13,2001,2013,728,14134,1810,4356,446,1277,1001,1253,132,964,1601,463,75,803,1221,5067,.416,.349,.799,19.4,7.0,1.3,2.2,0.6,0.1,"May 8, 1980",Ft. Lauderdale,Florida ,US,NBA,2000-01
Zabian Dowdell,1,2011,2011,24,292,51,125,3,10,16,17,5,20,51,20,2,29,30,121,.408,.300,.941,12.2,5.0,0.8,2.1,0.8,0.1,"Sep 10, 1984",Pahokee,Florida ,US,NBA,2010-11
Jarell Eddie,3,2016,2018,34,218,26,86,19,65,16,17,3,31,5,7,1,2,6,87,.302,.292,.941,6.4,2.6,0.9,0.1,0.2,0.0,"Oct 30, 1991",Tampa,Florida ,US,NBA,2015-16
Doug Edwards,3,1994,1996,85,838,71,188,0,6,61,86,61,153,60,17,27,57,90,203,.378,.000,.709,9.9,2.4,1.8,0.7,0.2,0.3,"Jan 21, 1971",Miami,Florida ,US,NBA,1993-94
Player,Yrs,0,To,G,MP,FG,FGA,3P,3PA,FT,FTA,ORB,TRB,AST,STL,BLK,TOV,PF,PTS,FG%,3P%,FT%,MP,PTS,TRB,AST,STL,BLK,Date,City,Florida ,US,NBA,-1-
Keon Ellis,3,2023,2025,127,2261,260,553,169,392,80,101,79,271,159,131,71,84,221,769,.470,.431,.792,17.8,6.1,2.1,1.3,1.0,0.6,"Jan 8, 2000",Eustis,Florida ,US,NBA,2022-23
Reggie Evans,13,2003,2015,809,15572,1107,2379,1,11,1074,2036,1984,5765,458,566,115,897,1895,3289,.465,.091,.528,19.2,4.1,7.1,0.6,0.7,0.1,"May 18, 1980",Pensacola,Florida ,US,NBA,2002-03
Daniel Ewing,2,2006,2007,127,1683,162,416,36,122,71,91,32,158,174,69,10,107,148,431,.389,.295,.780,13.3,3.4,1.2,1.4,0.5,0.1,"Mar 26, 1983",Milton,Florida ,US,NBA,2005-06
Alex Fudge,1,2024,2024,6,40,6,15,1,5,2,2,4,5,0,3,0,2,2,15,.400,.200,1.000,6.7,2.5,0.8,0.0,0.5,0.0,"May 6, 2003",Jacksonville,Florida ,US,NBA,2023-24
Carl Fuller,2,1971,1972,76,1214,176,386,0,1,81,135,109,358,60,,,82,220,433,.456,.000,.600,16.0,5.7,4.7,0.8,,,"Jan 10, 1946",St. Augustine,Florida ,US,NBA,1970-71
Alonzo Gee,8,2010,2017,417,9071,1001,2309,186,572,566,751,389,1360,441,379,101,447,792,2754,.434,.325,.754,21.8,6.6,3.3,1.1,0.9,0.2,"May 29, 1987",Riviera Beach,Florida ,US,NBA,2009-10
Marcus Georges-Hunt,2,2017,2018,47,272,23,55,5,17,22,31,8,25,10,7,0,5,37,73,.418,.294,.710,5.8,1.6,0.5,0.2,0.1,0.0,"Mar 28, 1994",Miami,Florida ,US,NBA,2016-17
Artis Gilmore*,17,1972,1988,1329,47134,9403,16158,3,20,6132,8790,4816,16330,3050,648,3178,3926,4529,24941,.582,,.698,35.5,18.8,12.3,2.3,0.6,2.4,"Sep 21, 1949",Chipley,Florida ,US,NBA,1971-72
Anthony Goldwire,8,1996,2006,266,4951,580,1425,206,533,301,380,72,359,737,167,9,264,388,1667,.407,.386,.792,18.6,6.3,1.3,2.8,0.6,0.0,"Sep 6, 1971",West Palm Beach,Florida ,US,NBA,1995-96
RaiQuan Gray,2,2023,2024,4,74,16,29,5,12,2,2,5,16,13,1,2,5,5,39,.552,.417,1.000,18.5,9.8,4.0,3.3,0.3,0.5,"Jul 7, 1999",Fort Lauderdale,Florida ,US,NBA,2022-23
Kenny Green,2,1986,1987,60,625,108,262,0,1,49,68,33,101,16,9,11,50,61,265,.412,.000,.721,10.4,4.4,1.7,0.3,0.2,0.2,"Oct 11, 1964",Eustis,Florida ,US,NBA,1985-86
Taurean Green,1,2008,2008,17,74,7,25,2,11,11,12,0,10,11,2,0,9,5,27,.280,.182,.917,4.4,1.6,0.6,0.6,0.1,0.0,"Nov 28, 1986",Fort Lauderdale,Florida ,US,NBA,2007-08
Orien Greene,4,2006,2011,131,1555,127,328,11,52,61,95,49,195,155,98,15,144,228,326,.387,.212,.642,11.9,2.5,1.5,1.2,0.7,0.1,"Feb 4, 1982",Gainesville,Florida ,US,NBA,2005-06
Glenn Hagan,1,1982,1982,4,25,3,7,0,0,1,1,2,4,8,3,0,1,7,7,.429,,1.000,6.3,1.8,1.0,2.0,0.8,0.0,"Jun 25, 1955",Sanford,Florida ,US,NBA,1981-82
Shaler Halimon,5,1969,1973,254,3648,667,1666,1,9,251,390,74,781,423,,,89,418,1586,.400,,.644,14.4,6.2,3.1,1.7,,,"Mar 30, 1945",Tampa,Florida ,US,NBA,1968-69
Tom Hammonds,12,1990,2001,687,10419,1410,2940,0,11,797,1154,733,2243,378,167,136,529,1244,3617,.480,.000,.691,15.2,5.3,3.3,0.6,0.2,0.2,"Mar 27, 1967",Fort Walton,Florida ,US,NBA,1989-90
Udonis Haslem,20,2004,2023,879,21719,2669,5462,9,71,1239,1639,1615,5791,733,424,252,810,2069,6586,.489,.127,.756,24.7,7.5,6.6,0.8,0.5,0.3,"Jun 9, 1980",Miami,Florida ,US,NBA,2003-04
Killian Hayes,5,2021,2025,212,5527,674,1767,166,602,198,257,81,624,1099,245,95,420,538,1712,.381,.276,.770,26.1,8.1,2.9,5.2,1.2,0.4,"Jul 27, 2001",Lakeland,Florida ,US,NBA,2020-21
Alvin Heggs,1,1996,1996,4,14,3,5,0,0,2,3,1,2,0,0,0,0,0,8,.600,,.667,3.5,2.0,0.5,0.0,0.0,0.0,"Dec 12, 1967",Jacksonville,Florida ,US,NBA,1995-96
Taylor Hendricks,2,2024,2025,43,931,112,258,56,152,26,33,51,200,34,33,34,29,85,306,.434,.368,.788,21.7,7.1,4.7,0.8,0.8,0.8,"Nov 22, 2003",Fort Lauderdale,Florida ,US,NBA,2023-24
Player,Yrs,0,To,G,MP,FG,FGA,3P,3PA,FT,FTA,ORB,TRB,AST,STL,BLK,TOV,PF,PTS,FG%,3P%,FT%,MP,PTS,TRB,AST,STL,BLK,Date,City,Florida ,US,NBA,-1-
Dewan Hernandez,1,2020,2020,6,28,5,14,1,2,3,5,5,14,3,1,0,3,6,14,.357,.500,.600,4.7,2.3,2.3,0.5,0.2,0.0,"Dec 9, 1996",Miami,Florida ,US,NBA,2019-20
Jerome James,9,1999,2009,358,4771,650,1339,0,2,240,389,393,1099,118,92,384,403,989,1540,.485,.000,.617,13.3,4.3,3.1,0.3,0.3,1.1,"Nov 17, 1975",Tampa,Florida ,US,NBA,1998-99
Justin James,2,2020,2021,72,542,87,195,23,67,31,57,15,62,40,14,12,23,40,228,.446,.343,.544,7.5,3.2,0.9,0.6,0.2,0.2,"Jan 24, 1997",Port St. Lucie,Florida ,US,NBA,2019-20
Tim James,3,2000,2002,43,261,26,79,1,3,15,23,23,46,11,2,9,13,33,68,.329,.333,.652,6.1,1.6,1.1,0.3,0.0,0.2,"Dec 26, 1976",Miami,Florida ,US,NBA,1999-00
Chris Johnson,4,2013,2016,147,2274,230,587,104,339,86,103,71,295,93,89,31,80,212,650,.392,.307,.835,15.5,4.4,2.0,0.6,0.6,0.2,"Apr 29, 1990",Orlando,Florida ,US,NBA,2012-13
Clemon Johnson,10,1979,1988,761,13310,1699,3454,0,5,704,1134,1276,3508,744,349,717,767,1666,4102,.492,,.621,17.5,5.4,4.6,1.0,0.5,0.9,"Sep 12, 1956",Monticello,Florida ,US,NBA,1978-79
Eddie Johnson,10,1978,1987,675,19975,4015,8436,104,319,2029,2564,470,1522,3436,761,89,1717,1706,10163,.476,,.791,29.6,15.1,2.3,5.1,1.1,0.1,"Feb 24, 1955",Ocala,Florida ,US,NBA,1977-78
Frank Johnson,10,1982,1994,596,12897,1947,4433,53,243,990,1303,309,1025,2476,570,36,1054,1116,4937,.439,.218,.760,21.6,8.3,1.7,4.2,1.0,0.1,"Nov 23, 1958",Weirsdale,Florida ,US,NBA,1981-82
Dominique Jones,3,2011,2013,80,741,83,227,2,21,78,107,33,114,144,29,10,76,64,246,.366,.095,.729,9.3,3.1,1.4,1.8,0.4,0.1,"Oct 15, 1988",Lake Wales,Florida ,US,NBA,2010-11
Eddie Jones,14,1995,2008,954,32778,4932,11286,1546,4147,2745,3394,761,3857,2812,1620,580,1507,2483,14155,.437,.373,.809,34.4,14.8,4.0,2.9,1.7,0.6,"Oct 20, 1971",Pompano Beach,Florida ,US,NBA,1994-95
James Jones,14,2004,2017,709,11098,1205,3003,776,1937,531,632,226,1276,366,226,218,231,930,3717,.401,.401,.840,15.7,5.2,1.8,0.5,0.3,0.3,"Oct 4, 1980",Miami,Florida ,US,NBA,2003-04
Jumaine Jones,8,2000,2007,471,9780,1294,3052,425,1218,312,443,552,1987,408,307,144,388,870,3325,.424,.349,.704,20.8,7.1,4.2,0.9,0.7,0.3,"Feb 10, 1979",Cocoa,Florida ,US,NBA,1999-00
Solomon Jones,8,2007,2014,281,3092,301,645,1,9,236,329,257,654,99,58,154,161,554,839,.467,.111,.717,11.0,3.0,2.3,0.4,0.2,0.5,"Jul 16, 1984",Eustis,Florida ,US,NBA,2006-07
Greg Kelser,6,1980,1985,305,6032,1097,2255,5,30,762,1110,609,1402,411,239,150,658,904,2961,.486,.167,.686,19.8,9.7,4.6,1.3,0.8,0.5,"Sep 17, 1957",Panama City,Florida ,US,NBA,1979-80
Tarence Kinsey,3,2007,2009,109,1340,186,411,23,71,116,142,42,147,53,68,1,71,102,511,.453,.324,.817,12.3,4.7,1.3,0.5,0.6,0.0,"Mar 21, 1984",Tampa,Florida ,US,NBA,2006-07
Curtis Kitchen,1,1987,1987,6,31,3,6,0,1,3,4,4,9,1,2,3,0,4,9,.500,.000,.750,5.2,1.5,1.5,0.2,0.3,0.5,"Jan 30, 1964",Cape Coral,Florida ,US,NBA,1986-87
Brandon Knight,9,2012,2022,451,13202,2260,5499,715,2029,1066,1321,236,1385,1777,386,75,1090,889,6301,.411,.352,.807,29.3,14.0,3.1,3.9,0.9,0.2,"Dec 2, 1991",Miami,Florida ,US,NBA,2011-12
Clifford Lett,2,1990,1991,11,127,16,37,0,1,6,9,1,7,8,2,1,10,17,38,.432,.000,.667,11.5,3.5,0.6,0.7,0.2,0.1,"Dec 23, 1965",Pensacola,Florida ,US,NBA,1989-90
Nassir Little,5,2020,2024,237,3735,479,1060,172,521,183,249,162,688,170,73,93,123,310,1313,.452,.330,.735,15.8,5.5,2.9,0.7,0.3,0.4,"Feb 11, 2000",Pensacola,Florida ,US,NBA,2019-20
Tre Mann,4,2022,2025,181,3856,643,1566,250,715,171,217,84,513,415,145,30,223,273,1707,.411,.350,.788,21.3,9.4,2.8,2.3,0.8,0.2,"Feb 3, 2001",Gainesville,Florida ,US,NBA,2021-22
Player,Yrs,0,To,G,MP,FG,FGA,3P,3PA,FT,FTA,ORB,TRB,AST,STL,BLK,TOV,PF,PTS,FG%,3P%,FT%,MP,PTS,TRB,AST,STL,BLK,Date,City,Florida ,US,NBA,-1-
Jaylen Martin,1,2025,2025,4,7,1,4,1,1,0,0,1,2,0,0,0,0,1,3,.250,1.000,,1.8,0.8,0.5,0.0,0.0,0.0,"Jan 28, 2004",Quincy,Florida ,US,NBA,2024-25
Anthony Mason,13,1990,2003,882,30605,3583,7033,2,12,2488,3511,1912,7279,2963,648,244,1549,2353,9656,.509,.167,.709,34.7,10.9,8.3,3.4,0.7,0.3,"Dec 14, 1966",Miami,Florida ,US,NBA,1989-90
Wes Matthews,9,1981,1990,465,9305,1463,3059,36,160,692,878,172,626,1955,444,81,963,964,3654,.478,.225,.788,20.0,7.9,1.3,4.2,1.0,0.2,"Aug 24, 1959",Sarasota,Florida ,US,NBA,1980-81
Vernon Maxwell,13,1989,2001,855,24309,3932,9878,1256,3931,1792,2446,378,2200,2912,975,152,1663,1766,10912,.398,.320,.733,28.4,12.8,2.6,3.4,1.1,0.2,"Sep 12, 1965",Gainesville,Florida ,US,NBA,1988-89
Travis Mays,3,1991,1993,115,2964,429,1047,104,287,311,415,75,233,326,102,14,213,232,1273,.410,.362,.749,25.8,11.1,2.0,2.8,0.9,0.1,"Jun 19, 1968",Ocala,Florida ,US,NBA,1990-91
George McCloud,12,1990,2002,766,17429,2469,6140,920,2573,1067,1318,659,2342,1769,593,190,1070,1646,6925,.402,.358,.810,22.8,9.0,3.1,2.3,0.8,0.2,"May 27, 1967",Daytona Beach,Florida ,US,NBA,1989-90
Erik McCree,1,2018,2018,4,8,0,2,0,1,0,0,0,1,0,1,0,1,0,0,.000,.000,,2.0,0.0,0.3,0.0,0.3,0.0,"Dec 20, 1993",Orlando,Florida ,US,NBA,2017-18
Rod McDonald,3,1971,1973,87,579,111,248,3,8,57,81,85,197,40,,,54,100,282,.448,.375,.704,6.7,3.2,2.3,0.5,,,"Apr 9, 1945",Jacksonville,Florida ,US,NBA,1970-71
Tracy McGrady*,15,1998,2012,938,30658,6709,15413,1081,3198,3882,5202,1300,5276,4161,1136,807,2029,1661,18381,.435,.338,.746,32.7,19.6,5.6,4.4,1.2,0.9,"May 24, 1979",Bartow,Florida ,US,NBA,1997-98
Stan McKenzie,7,1968,1974,396,7479,1281,2885,,,1017,1268,3,1117,611,3,0,,894,3579,.444,,.802,18.9,9.0,2.8,1.5,0.3,0.0,"Oct 6, 1944",Miami,Florida ,US,NBA,1967-68
Riley Minix,1,2025,2025,1,7,0,1,0,1,0,0,0,2,0,0,0,0,0,0,.000,.000,,7.0,0.0,2.0,0.0,0.0,0.0,"Sep 22, 2000",Vero Beach,Florida ,US,NBA,2024-25
Josh Minott,3,2023,2025,81,412,67,143,13,47,31,35,18,79,27,21,22,13,48,178,.469,.277,.886,5.1,2.2,1.0,0.3,0.3,0.3,"Nov 25, 2002",Boca Raton,Florida ,US,NBA,2022-23
Jonathan Mogbo,1,2025,2025,44,779,90,199,14,41,42,60,70,180,76,31,22,39,92,236,.452,.341,.700,17.7,5.4,4.1,1.7,0.7,0.5,"Oct 29, 2001",West Palm Beach,Florida ,US,NBA,2024-25
Otto Moore,9,1969,1977,682,16893,2336,5152,,,944,1550,504,5575,1060,186,342,,1775,5616,.453,,.609,24.8,8.2,8.2,1.6,0.7,1.2,"Aug 27, 1946",Miami,Florida ,US,NBA,1968-69
Tristen Newton,1,2025,2025,8,16,1,8,0,3,1,1,2,4,2,1,0,2,4,3,.125,.000,1.000,2.0,0.4,0.5,0.3,0.1,0.0,"Apr 26, 2001",Pensacola,Florida ,US,NBA,2024-25
Chandler Parsons,9,2012,2020,440,13246,2129,4611,687,1844,626,878,356,1972,1201,412,152,657,865,5571,.462,.373,.713,30.1,12.7,4.5,2.7,0.9,0.3,"Oct 25, 1988",Casselberry,Florida ,US,NBA,2011-12
Rich Peek,1,1968,1968,51,759,101,209,0,0,35,65,,197,22,,,49,94,237,.483,,.538,14.9,4.6,3.9,0.4,,,"Oct 28, 1943",Miami,Florida ,US,NBA,1967-68
Will Perdue,13,1989,2001,792,12360,1517,2943,1,15,705,1222,1420,3918,595,226,527,813,1589,3740,.515,.067,.577,15.6,4.7,4.9,0.8,0.3,0.7,"Aug 29, 1965",Melbourne,Florida ,US,NBA,1988-89
Howard Porter,7,1972,1978,457,8534,1838,3922,,,539,672,501,1872,211,156,212,55,818,4215,.469,,.802,18.7,9.2,4.1,0.5,0.4,0.6,"Aug 31, 1948",Stuart,Florida ,US,NBA,1971-72
Jason Preston,2,2023,2024,21,195,24,60,5,21,0,2,8,39,43,4,1,12,10,53,.400,.238,.000,9.3,2.5,1.9,2.0,0.2,0.0,"Aug 10, 1999",Orlando,Florida ,US,NBA,2022-23
Player,Yrs,0,To,G,MP,FG,FGA,3P,3PA,FT,FTA,ORB,TRB,AST,STL,BLK,TOV,PF,PTS,FG%,3P%,FT%,MP,PTS,TRB,AST,STL,BLK,Date,City,Florida ,US,NBA,-1-
Ed Rains,2,1982,1983,83,929,110,260,0,3,67,107,62,124,62,28,3,50,109,287,.423,.000,.626,11.2,3.5,1.5,0.7,0.3,0.0,"Dec 24, 1956",Ocala,Florida ,US,NBA,1981-82
Paul Reed,5,2021,2025,247,3126,531,961,30,98,134,189,407,983,194,187,180,149,459,1226,.553,.306,.709,12.7,5.0,4.0,0.8,0.8,0.7,"Jun 14, 1999",Orlando,Florida ,US,NBA,2020-21
Ryan Reid,1,2012,2012,5,17,4,5,0,0,0,0,1,2,0,0,0,1,1,8,.800,,,3.4,1.6,0.4,0.0,0.0,0.0,"Oct 30, 1986",Lauderdale Lakes,Florida ,US,NBA,2011-12
Richard Rellford,1,1988,1988,4,42,5,8,0,0,6,8,2,7,1,0,3,4,3,16,.625,,.750,10.5,4.0,1.8,0.3,0.0,0.8,"Feb 16, 1964",Riviera Beach,Florida ,US,NBA,1987-88
Glen Rice Jr.,2,2014,2015,16,152,14,52,6,24,9,13,6,24,9,6,1,11,18,43,.269,.250,.692,9.5,2.7,1.5,0.6,0.4,0.1,"Jan 1, 1991",Miami,Florida ,US,NBA,2013-14
Chris Richard,2,2008,2010,70,780,56,116,0,0,23,38,71,194,25,18,16,38,133,135,.483,,.605,11.1,1.9,2.8,0.4,0.3,0.2,"Dec 25, 1984",Lakeland,Florida ,US,NBA,2007-08
Mitch Richmond*,14,1989,2002,976,34309,7305,16038,1326,3417,4561,5365,881,3801,3398,1211,254,2579,2503,20497,.455,.388,.850,35.2,21.0,3.9,3.5,1.2,0.3,"Jun 30, 1965",Fort Lauderdale,Florida ,US,NBA,1988-89
Grant Riller,1,2021,2021,7,27,8,12,2,4,0,0,0,1,3,1,0,1,0,18,.667,.500,,3.9,2.6,0.1,0.4,0.1,0.0,"Feb 8, 1997",Orlando,Florida ,US,NBA,2020-21
Red Robbins,8,1968,1975,586,18745,3005,6454,69,226,1624,1986,2136,6155,1001,71,65,868,1334,7703,.466,.305,.818,32.0,13.1,10.5,1.7,0.5,0.5,"Sep 30, 1944",Leesburg,Florida ,US,NBA,1967-68
Rick Robey,8,1979,1986,493,8824,1498,2993,1,8,726,1117,825,2301,611,220,90,771,1213,3723,.501,,.650,17.9,7.6,4.7,1.2,0.4,0.2,"Jan 30, 1956",Coral Gables,Florida ,US,NBA,1978-79
David Robinson*,14,1990,2003,987,34271,7365,14221,25,100,6035,8201,3083,10497,2441,1388,2954,2417,2835,20790,.518,.250,.736,34.7,21.1,10.6,2.5,1.4,3.0,"Aug 6, 1965",Key West,Florida ,US,NBA,1989-90
Mitchell Robinson,6,2019,2024,320,7832,1092,1558,0,0,365,705,1180,2538,199,290,602,224,907,2549,.701,,.518,24.5,8.0,7.9,0.6,0.9,1.9,"Apr 1, 1998",Pensacola,Florida ,US,NBA,2018-19
Truck Robinson,11,1975,1985,772,25141,4816,9971,1,1,2355,3556,1985,7267,1348,533,510,1592,2253,11988,.483,,.662,32.6,15.5,9.4,1.7,0.7,0.7,"Oct 4, 1951",Jacksonville,Florida ,US,NBA,1974-75
Tree Rollins,18,1978,1995,1156,24028,2592,4963,0,7,1065,1522,2148,6750,660,512,2542,1057,3377,6249,.522,,.700,20.8,5.4,5.8,0.6,0.4,2.2,"Jun 16, 1955",Winter Haven,Florida ,US,NBA,1977-78
Clifford Rozier,4,1995,1998,173,2984,350,705,2,11,125,269,376,897,98,78,113,162,435,827,.496,.182,.465,17.2,4.8,5.2,0.6,0.5,0.7,"Oct 31, 1972",Bradenton,Florida ,US,NBA,1994-95
Larry Sanders,6,2011,2017,238,4635,669,1395,0,5,182,329,475,1345,174,152,429,224,666,1520,.480,.000,.553,19.5,6.4,5.7,0.7,0.6,1.8,"Nov 21, 1988",Fort Pierce,Florida ,US,NBA,2010-11
Dwayne Schintzius,8,1991,1999,217,1950,256,633,1,8,74,116,167,536,93,30,117,119,321,587,.404,.125,.638,9.0,2.7,2.5,0.4,0.1,0.5,"Oct 14, 1968",Brandon,Florida ,US,NBA,1990-91
Brice Sensabaugh,2,2024,2025,77,1368,230,547,107,313,76,84,44,214,112,40,9,105,107,643,.420,.342,.905,17.8,8.4,2.8,1.5,0.5,0.1,"Oct 30, 2003",Orlando,Florida ,US,NBA,2023-24
Tom Sewell,1,1985,1985,21,87,9,36,0,2,2,4,2,4,6,3,1,7,13,20,.250,.000,.500,4.1,1.0,0.2,0.3,0.1,0.0,"Mar 11, 1962",Pensacola,Florida ,US,NBA,1984-85
Anfernee Simons,7,2019,2025,372,9837,1936,4495,912,2376,687,784,124,929,1193,182,48,596,684,5471,.431,.384,.876,26.4,14.7,2.5,3.2,0.5,0.1,"Jun 8, 1999",Longwood,Florida ,US,NBA,2018-19
Player,Yrs,0,To,G,MP,FG,FGA,3P,3PA,FT,FTA,ORB,TRB,AST,STL,BLK,TOV,PF,PTS,FG%,3P%,FT%,MP,PTS,TRB,AST,STL,BLK,Date,City,Florida ,US,NBA,-1-
Otis Smith,6,1987,1992,375,7720,1540,3384,47,187,824,1082,604,1416,690,377,188,559,804,3951,.455,.251,.762,20.6,10.5,3.8,1.8,1.0,0.5,"Jan 30, 1964",Jacksonville,Florida ,US,NBA,1986-87
Theron Smith,2,2004,2005,53,688,60,179,9,24,20,24,52,157,35,11,9,41,76,149,.335,.375,.833,13.0,2.8,3.0,0.7,0.2,0.2,"Oct 3, 1980",Bartow,Florida ,US,NBA,2003-04
Marreese Speights,10,2009,2018,705,10640,2181,4750,232,651,998,1252,947,2875,461,189,356,614,1564,5592,.459,.356,.797,15.1,7.9,4.1,0.7,0.3,0.5,"Aug 4, 1987",St. Petersburg,Florida ,US,NBA,2008-09
Amar'e Stoudemire,14,2003,2016,846,26254,5911,11009,30,127,4142,5444,2029,6632,1050,636,1054,1953,2685,15994,.537,.236,.761,31.0,18.9,7.8,1.2,0.8,1.2,"Nov 16, 1982",Lake Wales,Florida ,US,NBA,2002-03
Joe Strawder,3,1966,1968,231,6365,737,1729,,,503,733,,2296,245,,,,961,1977,.426,,.686,27.6,8.6,9.9,1.1,,,"Sep 21, 1940",Belle Glade,Florida ,US,NBA,1965-66
Roger Strickland,1,1964,1964,1,4,1,3,,,0,0,,0,0,,,,1,2,.333,,,4.0,2.0,0.0,0.0,,,"Sep 4, 1940",Jacksonville,Florida ,US,NBA,1963-64
Jermaine Taylor,2,2010,2011,65,786,139,315,19,67,54,74,47,108,48,24,8,65,54,351,.441,.284,.730,12.1,5.4,1.7,0.7,0.4,0.1,"Dec 8, 1986",Tavares,Florida ,US,NBA,2009-10
Jim Thomas,4,1984,1991,161,3361,541,1148,9,53,264,346,136,418,377,142,12,210,322,1355,.471,.170,.763,20.9,8.4,2.6,2.3,0.9,0.1,"Oct 19, 1960",Lakeland,Florida ,US,NBA,1983-84
Otis Thorpe,17,1985,2001,1257,39822,6872,12593,3,64,3853,5612,3446,10370,2730,840,501,2774,4146,17600,.546,.047,.687,31.7,14.0,8.2,2.2,0.7,0.4,"Aug 5, 1962",Boynton Beach,Florida ,US,NBA,1984-85
David Vanterpool,1,2001,2001,22,411,46,110,0,6,30,50,15,37,66,23,3,37,44,122,.418,.000,.600,18.7,5.5,1.7,3.0,1.0,0.1,"Mar 31, 1973",Daytona Beach,Florida ,US,NBA,2000-01
Darius Washington,1,2008,2008,18,146,21,48,4,12,7,13,4,20,15,5,0,14,16,53,.438,.333,.538,8.1,2.9,1.1,0.8,0.3,0.0,"Dec 6, 1985",Winter Park,Florida ,US,NBA,2007-08
Walt Wesley,10,1967,1976,590,10306,2002,4614,,,998,1585,81,3243,385,16,25,,1448,5002,.434,,.630,17.5,8.5,5.5,0.7,0.2,0.3,"Jan 25, 1945",Fort Myers,Florida ,US,NBA,1966-67
Okaro White,3,2017,2019,44,557,40,105,16,47,22,25,29,95,23,11,11,19,58,118,.381,.340,.880,12.7,2.7,2.2,0.5,0.3,0.3,"Aug 13, 1992",Clearwater,Florida ,US,NBA,2016-17
Bob Williams,2,1956,1957,24,193,22,50,,,26,48,,59,7,,,,38,70,.440,,.542,8.0,2.9,2.5,0.3,,,"May 12, 1931",Pensacola,Florida ,US,NBA,1955-56
Lorenzo Williams,7,1993,2000,253,5535,338,721,0,2,81,215,693,1603,247,134,350,236,732,757,.469,.000,.377,21.9,3.0,6.3,1.0,0.5,1.4,"Jul 15, 1969",Ocala,Florida ,US,NBA,1992-93
Matt Williams,1,2018,2018,3,11,2,6,1,5,0,0,0,1,0,0,0,1,1,5,.333,.200,,3.7,1.7,0.3,0.0,0.0,0.0,"Oct 14, 1993",Orlando,Florida ,US,NBA,2017-18
Shareef Abdur-Rahim,12,1997,2008,830,28882,5434,11515,154,519,4006,4943,1869,6239,2109,820,638,2136,2324,15028,.472,.297,.810,34.8,18.1,7.5,2.5,1.0,0.8,"Dec 11, 1976",Marietta,Georgia ,US,NBA,1996-97
Don Adams,7,1971,1977,523,13474,1823,4535,0,3,952,1285,429,2916,1011,334,64,79,1709,4598,.402,,.741,25.8,8.8,5.6,1.9,1.1,0.2,"Nov 27, 1947",Atlanta,Georgia ,US,NBA,1970-71
Jordan Adams,2,2015,2016,32,263,37,92,10,26,17,28,9,30,19,19,7,16,26,101,.402,.385,.607,8.2,3.2,0.9,0.6,0.6,0.2,"Jul 8, 1994",Atlanta,Georgia ,US,NBA,2014-15
Morris Almond,3,2008,2012,38,361,43,113,7,24,26,35,10,46,12,12,4,19,42,119,.381,.292,.743,9.5,3.1,1.2,0.3,0.3,0.1,"Feb 2, 1985",Dalton,Georgia ,US,NBA,2007-08
Al-Farouq Aminu,11,2011,2021,711,17698,1948,4641,543,1634,911,1221,982,4280,879,678,397,863,1302,5350,.420,.332,.746,24.9,7.5,6.0,1.2,1.0,0.6,"Sep 21, 1990",Atlanta,Georgia ,US,NBA,2010-11
Shandon Anderson,10,1997,2006,719,15946,1996,4366,307,972,1028,1392,583,2252,1007,556,180,958,1437,5327,.457,.316,.739,22.2,7.4,3.1,1.4,0.8,0.3,"Dec 31, 1973",Atlanta,Georgia ,US,NBA,1996-97
Tate Armstrong,2,1978,1979,92,975,159,350,,,32,40,31,88,105,33,0,79,64,350,.454,,.800,10.6,3.8,1.0,1.1,0.4,0.0,"Oct 5, 1955",Moultrie,Georgia ,US,NBA,1977-78
William Avery,3,2000,2002,142,1205,137,415,40,157,65,91,17,93,199,34,6,106,125,379,.330,.255,.714,8.5,2.7,0.7,1.4,0.2,0.0,"Aug 8, 1979",Augusta,Georgia ,US,NBA,1999-00
James Bailey,9,1980,1988,595,11625,2045,4228,1,13,1155,1644,1010,2988,488,305,521,1057,1978,5246,.484,.077,.703,19.5,8.8,5.0,0.8,0.5,0.9,"May 21, 1957",Dublin,Georgia ,US,NBA,1979-80
Al Beard,1,1968,1968,12,118,12,23,0,0,6,11,,46,0,,,12,29,30,.522,,.545,9.8,2.5,3.8,0.0,,,"Apr 27, 1942",Fort Valley,Georgia ,US,NBA,1967-68
Malik Beasley,9,2017,2025,553,13029,2296,5374,1360,3483,398,514,235,1562,749,370,64,451,738,6350,.427,.390,.774,23.6,11.5,2.8,1.4,0.7,0.1,"Nov 26, 1996",Atlanta,Georgia ,US,NBA,2016-17
Jaron Blossomgame,1,2019,2019,27,439,47,106,10,39,10,13,26,98,13,7,8,11,20,114,.443,.256,.769,16.3,4.2,3.6,0.5,0.3,0.3,"Sep 16, 1993",Atlanta,Georgia ,US,NBA,2018-19
Ray Blume,1,1982,1982,49,546,102,222,4,18,18,28,14,41,68,23,2,54,57,226,.459,.222,.643,11.1,4.6,0.8,1.4,0.5,0.0,"Sep 23, 1958",Valdosta,Georgia ,US,NBA,1981-82
Brandon Boston Jr.,4,2022,2025,147,2346,407,989,109,332,178,228,71,327,176,99,30,119,177,1101,.412,.328,.781,16.0,7.5,2.2,1.2,0.7,0.2,"Nov 28, 2001",Norcross,Georgia ,US,NBA,2021-22
Jamison Brewer,4,2002,2005,54,468,35,94,8,32,11,28,15,50,56,19,2,32,34,89,.372,.250,.393,8.7,1.6,0.9,1.0,0.4,0.0,"Nov 19, 1980",East Point,Georgia ,US,NBA,2001-02
Malcolm Brogdon,9,2017,2025,463,13481,2601,5621,752,1940,1123,1285,363,1917,2156,370,108,789,846,7077,.463,.388,.874,29.1,15.3,4.1,4.7,0.8,0.2,"Dec 11, 1992",Atlanta,Georgia ,US,NBA,2016-17
Jaylen Brown,9,2017,2025,588,17994,4189,8757,1121,3115,1638,2264,594,3132,1531,597,222,1242,1487,11137,.478,.360,.723,30.6,18.9,5.3,2.6,1.0,0.4,"Oct 24, 1996",Marietta,Georgia ,US,NBA,2016-17
Lorenzo Brown,5,2014,2019,103,1185,123,338,18,106,29,41,28,151,183,61,15,74,101,293,.364,.170,.707,11.5,2.8,1.5,1.8,0.6,0.1,"Aug 26, 1990",Roswell,Georgia ,US,NBA,2013-14
Raymond Brown,1,1990,1990,16,56,8,28,0,0,0,2,10,15,4,0,0,6,11,16,.286,,.000,3.5,1.0,0.9,0.3,0.0,0.0,"Jul 5, 1965",Atlanta,Georgia ,US,NBA,1989-90
Elijah Bryant,1,2021,2021,1,32,6,13,1,5,3,3,2,6,3,0,1,4,4,16,.462,.200,1.000,32.0,16.0,6.0,3.0,0.0,1.0,"Apr 19, 1995",Gwinnett,Georgia ,US,NBA,2020-21
Player,Yrs,0,To,G,MP,FG,FGA,3P,3PA,FT,FTA,ORB,TRB,AST,STL,BLK,TOV,PF,PTS,FG%,3P%,FT%,MP,PTS,TRB,AST,STL,BLK,Date,City,Georgia ,US,NBA,-1-
Kentavious Caldwell-Pope,12,2014,2025,891,26447,3556,8346,1498,4108,1369,1666,511,2656,1614,1037,258,907,1658,9979,.426,.365,.822,29.7,11.2,3.0,1.8,1.2,0.3,"Feb 18, 1993",Thomaston,Georgia ,US,NBA,2013-14
Wendell Carter Jr.,7,2019,2025,361,9853,1645,3213,261,821,803,1107,820,3020,730,232,262,555,1037,4354,.512,.318,.725,27.3,12.1,8.4,2.0,0.6,0.7,"Apr 16, 1999",Atlanta,Georgia ,US,NBA,2018-19
Stephon Castle,1,2025,2025,54,1364,244,591,57,204,136,186,45,157,186,49,14,104,93,681,.413,.279,.731,25.3,12.6,2.9,3.4,0.9,0.3,"Nov 1, 2004",Covington,Georgia ,US,NBA,2024-25
Kelvin Cato,10,1998,2007,541,10617,1123,2216,1,13,713,1107,884,2874,244,292,685,448,1347,2960,.507,.077,.644,19.6,5.5,5.3,0.5,0.5,1.3,"Aug 26, 1974",Atlanta,Georgia ,US,NBA,1997-98
Ahmad Caver,1,2022,2022,1,1,1,1,0,0,0,0,0,0,0,0,0,0,0,2,1.000,,,1.0,2.0,0.0,0.0,0.0,0.0,"Sep 12, 1996",Atlanta,Georgia ,US,NBA,2021-22
Ben Clyde,1,1975,1975,25,157,31,72,,,7,9,15,41,5,5,3,,34,69,.431,,.778,6.3,2.8,1.6,0.2,0.2,0.1,"Jun 10, 1952",Albany,Georgia ,US,NBA,1974-75
Isaiah Collier,1,2025,2025,48,1150,136,333,26,110,38,60,19,149,290,40,10,138,104,336,.408,.236,.633,24.0,7.0,3.1,6.0,0.8,0.2,"Oct 8, 2004",Atlanta,Georgia ,US,NBA,2024-25
Art Collins,1,1981,1981,29,395,35,99,0,2,24,36,19,41,25,11,1,32,35,94,.354,.000,.667,13.6,3.2,1.4,0.9,0.4,0.0,"Apr 14, 1954",Sandersville,Georgia ,US,NBA,1980-81
Wayne Cooper,14,1979,1992,984,20274,3242,7100,7,48,1286,1747,2149,6095,852,295,1535,1181,3144,7777,.457,,.736,20.6,7.9,6.2,0.9,0.3,1.6,"Nov 16, 1956",Milan,Georgia ,US,NBA,1978-79
Lanard Copeland,2,1990,1992,33,158,38,91,1,7,13,16,5,17,14,3,1,23,17,90,.418,.143,.813,4.8,2.7,0.5,0.4,0.1,0.0,"Jul 16, 1965",Atlanta,Georgia ,US,NBA,1989-90
Javaris Crittenton,2,2008,2009,113,1853,229,518,12,52,125,196,84,276,201,59,8,137,148,595,.442,.231,.638,16.4,5.3,2.4,1.8,0.5,0.1,"Dec 31, 1987",Atlanta,Georgia ,US,NBA,2007-08
Corey Crowder,2,1992,1995,58,357,45,122,13,34,17,24,17,44,18,8,2,15,36,120,.369,.382,.708,6.2,2.1,0.8,0.3,0.1,0.0,"Apr 13, 1969",Carrollton,Georgia ,US,NBA,1991-92
Jae Crowder,13,2013,2025,810,20150,2589,6189,1231,3543,1103,1420,558,3388,1279,789,269,674,1633,7512,.418,.347,.777,24.9,9.3,4.2,1.6,1.0,0.3,"Jul 6, 1990",Villa Rica,Georgia ,US,NBA,2012-13
Vonteego Cummings,3,2000,2002,199,3789,521,1359,109,340,230,317,118,373,534,176,32,259,387,1381,.383,.321,.726,19.0,6.9,1.9,2.7,0.9,0.2,"Feb 29, 1976",Thomson,Georgia ,US,NBA,1999-00
William Cunningham,2,1998,1999,23,201,7,27,0,0,0,2,17,38,2,3,11,5,40,14,.259,,.000,8.7,0.6,1.7,0.1,0.1,0.5,"Mar 25, 1974",Augusta,Georgia ,US,NBA,1997-98
Mack Daughtry,1,1971,1971,4,43,4,10,0,0,5,5,2,5,3,,,0,4,13,.400,,1.000,10.8,3.3,1.3,0.8,,,"Jul 20, 1946",Enigma,Georgia ,US,NBA,1970-71
Jermareo Davidson,2,2008,2009,52,433,68,160,0,0,26,45,31,96,14,9,18,22,58,162,.425,,.578,8.3,3.1,1.8,0.3,0.2,0.3,"Nov 15, 1984",Atlanta,Georgia ,US,NBA,2007-08
Dale Davis,16,1992,2007,1094,29606,3592,6779,0,8,1522,2708,3303,8605,978,691,1270,1090,2878,8706,.530,.000,.562,27.1,8.0,7.9,0.9,0.6,1.2,"Mar 25, 1969",Toccoa,Georgia ,US,NBA,1991-92
Hook Dillon,1,1950,1950,22,,10,55,,,16,22,,,5,,,,19,36,.182,,.727,,1.6,,0.2,,,"Jan 8, 1924",Savannah,Georgia ,US,NBA,1949-50
Jacky Dorsey,3,1978,1981,60,449,56,144,0,0,31,57,46,141,16,12,6,28,89,143,.389,,.544,7.5,2.4,2.4,0.3,0.2,0.1,"Dec 18, 1954",Atlanta,Georgia ,US,NBA,1977-78
Player,Yrs,0,To,G,MP,FG,FGA,3P,3PA,FT,FTA,ORB,TRB,AST,STL,BLK,TOV,PF,PTS,FG%,3P%,FT%,MP,PTS,TRB,AST,STL,BLK,Date,City,Georgia ,US,NBA,-1-
Toney Douglas,8,2010,2017,394,7511,1093,2705,444,1256,379,460,213,875,889,349,30,410,775,3009,.404,.354,.824,19.1,7.6,2.2,2.3,0.9,0.1,"Mar 16, 1986",Jonesboro,Georgia ,US,NBA,2009-10
Andy Duncan,3,1949,1951,136,,294,720,,,158,265,,30,101,,,,371,746,.408,,.596,,5.5,2.1,0.7,,,"Apr 17, 1922",Burford,Georgia ,US,NBA,1948-49
Anthony Edwards,5,2021,2025,358,12453,2994,6732,1024,2807,1457,1818,265,1896,1494,479,218,1045,726,8469,.445,.365,.801,34.8,23.7,5.3,4.2,1.3,0.6,"Aug 5, 2001",Atlanta,Georgia ,US,NBA,2020-21
Dale Ellis,17,1984,2000,1209,34778,7323,15275,1719,4266,2639,3365,1533,4201,1746,974,183,1771,2480,19004,.479,.403,.784,28.8,15.7,3.5,1.4,0.8,0.2,"Aug 6, 1960",Marietta,Georgia ,US,NBA,1983-84
Harold Ellis,3,1994,1998,145,1923,312,592,1,21,215,329,177,291,89,159,18,111,252,840,.527,.048,.653,13.3,5.8,2.0,0.6,1.1,0.1,"Oct 7, 1970",Atlanta,Georgia ,US,NBA,1993-94
Pervis Ellison,11,1990,2001,474,11593,1826,3579,1,20,841,1221,1087,3170,691,293,752,798,1493,4494,.510,.050,.689,24.5,9.5,6.7,1.5,0.6,1.6,"Apr 3, 1967",Savannah,Georgia ,US,NBA,1989-90
Claude English,1,1971,1971,18,70,11,42,,,5,7,,20,6,,,,15,27,.262,,.714,3.9,1.5,1.1,0.3,,,"Dec 26, 1946",Columbus,Georgia ,US,NBA,1970-71
Derrick Favors,12,2011,2022,790,19202,3420,6407,38,192,1476,2225,1933,5608,851,577,939,995,1976,8354,.534,.198,.663,24.3,10.6,7.1,1.1,0.7,1.2,"Jul 15, 1991",Atlanta,Georgia ,US,NBA,2010-11
Gerald Fitch,1,2006,2006,18,239,30,89,7,26,17,23,7,30,33,7,5,15,28,84,.337,.269,.739,13.3,4.7,1.7,1.8,0.4,0.3,"Aug 12, 1982",Columbus,Georgia ,US,NBA,2005-06
Adam Flagler,2,2024,2025,24,106,13,62,8,50,0,0,3,8,4,5,2,1,8,34,.210,.160,,4.4,1.4,0.3,0.2,0.2,0.1,"Dec 1, 1999",Duluth,Georgia ,US,NBA,2023-24
Aleem Ford,1,2022,2022,5,74,6,20,2,15,0,0,2,15,2,1,0,4,7,14,.300,.133,,14.8,2.8,3.0,0.4,0.2,0.0,"Dec 22, 1997",Lawrenceville,Georgia ,US,NBA,2021-22
Joseph Forte,2,2002,2003,25,125,11,47,0,6,8,10,5,17,17,6,0,13,7,30,.234,.000,.800,5.0,1.2,0.7,0.7,0.2,0.0,"Mar 23, 1981",Atlanta,Georgia ,US,NBA,2001-02
Jim Fox,10,1968,1977,743,17294,2611,5452,,,1723,2239,554,5525,1201,151,79,,2023,6945,.479,,.770,23.3,9.3,7.4,1.6,0.5,0.3,"Apr 7, 1943",Atlanta,Georgia ,US,NBA,1967-68
Walt Frazier*,13,1968,1980,825,30965,6130,12516,0,1,3321,4226,403,4830,5040,681,63,139,2180,15581,.490,,.786,37.5,18.9,5.9,6.1,1.9,0.2,"Mar 29, 1945",Atlanta,Georgia ,US,NBA,1967-68
World B. Free,13,1976,1988,886,26893,6512,14294,213,632,4718,6264,1008,2430,3319,910,223,1869,2270,17955,.456,,.753,30.4,20.3,2.7,3.7,1.0,0.3,"Dec 9, 1953",Atlanta,Georgia ,US,NBA,1975-76
Kaiser Gates,1,2024,2024,1,7,0,4,0,2,0,0,0,1,0,0,0,0,0,0,.000,.000,,7.0,0.0,1.0,0.0,0.0,0.0,"Nov 8, 1996",Atlanta,Georgia ,US,NBA,2023-24
Mike Glenn,10,1978,1987,593,9617,1958,3611,8,28,572,669,152,710,952,318,43,429,893,4496,.542,,.855,16.2,7.6,1.2,1.6,0.5,0.1,"Sep 10, 1955",Rome,Georgia ,US,NBA,1977-78
Dion Glover,6,2000,2005,294,6132,914,2222,148,467,431,570,213,897,455,233,65,370,487,2407,.411,.317,.756,20.9,8.2,3.1,1.5,0.8,0.2,"Oct 22, 1978",Marietta,Georgia ,US,NBA,1999-00
Brandon Goodwin,4,2019,2022,133,1609,230,590,79,251,89,122,34,211,251,54,5,104,130,628,.390,.315,.730,12.1,4.7,1.6,1.9,0.4,0.0,"Oct 2, 1995",Norcross,Georgia ,US,NBA,2018-19
Andrew Goudelock,3,2012,2016,49,475,77,196,29,84,14,16,7,34,24,10,2,28,36,197,.393,.345,.875,9.7,4.0,0.7,0.5,0.2,0.0,"Dec 7, 1988",Gainesville,Georgia ,US,NBA,2011-12
Player,Yrs,0,To,G,MP,FG,FGA,3P,3PA,FT,FTA,ORB,TRB,AST,STL,BLK,TOV,PF,PTS,FG%,3P%,FT%,MP,PTS,TRB,AST,STL,BLK,Date,City,Georgia ,US,NBA,-1-
Harvey Grant,11,1989,1999,783,20510,3345,7138,65,243,1026,1448,1170,3436,1219,599,428,714,1768,7781,.469,.267,.709,26.2,9.9,4.4,1.6,0.8,0.5,"Jul 4, 1965",Augusta,Georgia ,US,NBA,1988-89
Horace Grant,17,1988,2004,1165,38621,5439,10695,4,63,2114,3053,3467,9443,2575,1143,1136,1303,2832,12996,.509,.063,.692,33.2,11.2,8.1,2.2,1.0,1.0,"Jul 4, 1965",Augusta,Georgia ,US,NBA,1987-88
Hassani Gravett,1,2022,2022,8,171,18,38,11,26,3,4,1,21,20,5,1,9,13,50,.474,.423,.750,21.4,6.3,2.6,2.5,0.6,0.1,"Jul 16, 1996",Villa Rica,Georgia ,US,NBA,2021-22
Ken Green,1,1986,1986,7,72,13,27,0,0,5,9,12,27,2,4,0,1,8,31,.481,,.556,10.3,4.4,3.9,0.3,0.6,0.0,"Sep 19, 1959",Newnan,Georgia ,US,NBA,1985-86
Ashton Hagans,2,2021,2024,21,320,29,71,8,25,14,17,14,45,54,11,9,31,40,80,.408,.320,.824,15.2,3.8,2.1,2.6,0.5,0.4,"Jul 8, 1999",Cartersville,Georgia ,US,NBA,2020-21
Phil Hankinson,2,1974,1975,31,187,56,114,,,10,13,23,57,6,4,1,,21,122,.491,,.769,6.0,3.9,1.8,0.2,0.1,0.0,"Jul 26, 1951",Augusta,Georgia ,US,NBA,1973-74
Charlie Hardnett,3,1963,1965,164,2474,433,1023,,,332,513,,930,103,,,,376,1198,.423,,.647,15.1,7.3,5.7,0.6,,,"Sep 13, 1938",Atlanta,Georgia ,US,NBA,1962-63
Derek Harper,16,1984,1999,1199,37786,6191,13384,1070,3026,2554,3426,696,2884,6577,1957,304,2334,2755,16006,.463,.354,.745,31.5,13.3,2.4,5.5,1.6,0.3,"Oct 13, 1961",Elberton,Georgia ,US,NBA,1983-84
Jared Harper,3,2020,2022,16,67,15,34,5,15,7,8,2,4,15,4,1,5,6,42,.441,.333,.875,4.2,2.6,0.3,0.9,0.3,0.1,"Sep 14, 1997",Atlanta,Georgia ,US,NBA,2019-20
Kevon Harris,2,2023,2024,36,463,49,110,16,43,31,41,28,72,17,17,5,22,56,145,.445,.372,.756,12.9,4.0,2.0,0.5,0.5,0.1,"Jun 24, 1997",Ellenwood,Georgia ,US,NBA,2022-23
Donnell Harvey,5,2001,2005,205,3318,453,985,1,10,243,369,261,827,161,97,80,209,464,1150,.460,.100,.659,16.2,5.6,4.0,0.8,0.5,0.4,"Aug 26, 1980",Shellman,Georgia ,US,NBA,2000-01
Jarvis Hayes,7,2004,2010,427,9898,1397,3363,392,1101,367,460,244,1330,459,312,56,374,852,3553,.415,.356,.798,23.2,8.3,3.1,1.1,0.7,0.1,"Aug 9, 1981",Atlanta,Georgia ,US,NBA,2003-04
Gar Heard,11,1971,1981,787,19571,2846,6877,0,9,1136,1736,1324,5876,1220,784,780,349,2134,6828,.414,,.654,24.9,8.7,7.5,1.6,1.3,1.3,"May 3, 1948",Hogansville,Georgia ,US,NBA,1970-71
Cedric Henderson,1,1987,1987,8,16,4,8,0,0,3,3,3,8,0,0,0,4,2,11,.500,,1.000,2.0,1.4,1.0,0.0,0.0,0.0,"Oct 3, 1965",Marietta,Georgia ,US,NBA,1986-87
Scoot Henderson,2,2024,2025,111,3060,514,1276,161,470,287,357,87,338,593,104,25,338,326,1476,.403,.343,.804,27.6,13.3,3.0,5.3,0.9,0.2,"Feb 3, 2004",Marietta,Georgia ,US,NBA,2023-24
J.J. Hickson,8,2009,2016,534,11925,2049,4056,0,21,983,1593,1173,3639,449,274,309,774,1033,5081,.505,.000,.617,22.3,9.5,6.8,0.8,0.5,0.6,"Sep 4, 1988",Atlanta,Georgia ,US,NBA,2008-09
Jordan Hill,8,2010,2017,409,7692,1357,2733,3,22,515,737,879,2389,322,150,272,426,875,3232,.497,.136,.699,18.8,7.9,5.8,0.8,0.4,0.7,"Jul 27, 1987",Atlanta,Georgia ,US,NBA,2009-10
Wilbur Holland,4,1976,1979,276,8171,1608,3558,,,544,681,276,842,922,475,44,408,747,3760,.452,,.799,29.6,13.6,3.1,3.3,1.7,0.2,"Nov 8, 1951",Columbus,Georgia ,US,NBA,1975-76
Dwight Howard,18,2005,2022,1242,39457,7051,12016,22,103,5361,9455,4151,14627,1676,1081,2228,3302,3912,19485,.587,.214,.567,31.8,15.7,11.8,1.3,0.9,1.8,"Dec 8, 1985",Atlanta,Georgia ,US,NBA,2004-05
Merv Jackson,5,1969,1973,262,6890,1162,2826,51,152,657,804,330,860,813,,,538,825,3032,.411,.336,.817,26.3,11.6,3.3,3.1,,,"Aug 15, 1946",Savannah,Georgia ,US,NBA,1968-69
Player,Yrs,0,To,G,MP,FG,FGA,3P,3PA,FT,FTA,ORB,TRB,AST,STL,BLK,TOV,PF,PTS,FG%,3P%,FT%,MP,PTS,TRB,AST,STL,BLK,Date,City,Georgia ,US,NBA,-1-
Bernard James,3,2013,2015,92,761,76,153,0,3,51,75,85,212,13,17,61,34,105,203,.497,.000,.680,8.3,2.2,2.3,0.1,0.2,0.7,"Feb 7, 1985",Savannah,Georgia ,US,NBA,2012-13
Dontell Jefferson,1,2009,2009,6,84,11,22,1,2,6,9,1,12,9,4,1,6,9,29,.500,.500,.667,14.0,4.8,2.0,1.5,0.7,0.2,"Dec 15, 1983",Lithonia,Georgia ,US,NBA,2008-09
Alexander Johnson,2,2007,2008,102,1302,152,294,0,0,135,201,82,275,30,38,45,89,217,439,.517,,.672,12.8,4.3,2.7,0.3,0.4,0.4,"Feb 8, 1983",Albany,Georgia ,US,NBA,2006-07
Ed Johnson,3,1969,1971,166,4899,787,1661,1,3,464,837,626,1688,180,,,421,687,2039,.474,.333,.554,29.5,12.3,10.2,1.1,,,"Jun 17, 1944",Atlanta,Georgia ,US,NBA,1968-69
Reggie Johnson,4,1981,1984,305,5979,1065,2109,1,7,433,605,432,1238,262,128,169,393,913,2564,.505,.143,.716,19.6,8.4,4.1,0.9,0.4,0.6,"Jun 25, 1957",Atlanta,Georgia ,US,NBA,1980-81
DeQuan Jones,1,2013,2013,63,803,95,218,9,35,34,51,17,105,16,19,22,30,55,233,.436,.257,.667,12.7,3.7,1.7,0.3,0.3,0.3,"Jun 20, 1990",Stone Mountain,Georgia ,US,NBA,2012-13
Jonathan Kerner,1,1999,1999,1,5,0,1,0,0,0,0,0,0,0,0,0,0,2,0,.000,,,5.0,0.0,0.0,0.0,0.0,0.0,"Jun 6, 1974",Atlanta,Georgia ,US,NBA,1998-99
Walker Kessler,3,2023,2025,182,4536,740,1060,7,28,201,369,599,1633,198,82,432,191,401,1688,.698,.250,.545,24.9,9.3,9.0,1.1,0.5,2.4,"Jul 26, 2001",Atlanta,Georgia ,US,NBA,2022-23
Julius Keye,6,1970,1975,418,13676,1264,3027,4,22,629,1009,1389,4602,657,44,380,682,1407,3161,.418,.182,.623,32.7,7.6,11.0,1.6,0.5,2.2,"Sep 5, 1946",Toccoa,Georgia ,US,NBA,1969-70
Frankie King,2,1996,1997,13,79,10,28,1,3,6,8,5,16,7,6,0,5,11,27,.357,.333,.750,6.1,2.1,1.2,0.5,0.5,0.0,"Jun 6, 1972",Baxley,Georgia ,US,NBA,1995-96
Gani Lawal,1,2011,2011,1,2,0,0,0,0,0,0,0,0,0,0,0,0,1,0,,,,2.0,0.0,0.0,0.0,0.0,0.0,"Nov 7, 1988",College Park,Georgia ,US,NBA,2010-11
Travis Leslie,1,2012,2012,10,45,5,14,0,0,4,9,6,9,5,2,2,2,4,14,.357,,.444,4.5,1.4,0.9,0.5,0.2,0.2,"Mar 29, 1990",Atlanta,Georgia ,US,NBA,2011-12
Darrell Lockhart,1,1984,1984,2,14,2,2,0,0,0,0,0,3,0,0,0,2,5,4,1.000,,,7.0,2.0,1.5,0.0,0.0,0.0,"Sep 14, 1960",Thomaston,Georgia ,US,NBA,1983-84
Jordan Loyd,1,2019,2019,12,55,8,18,4,8,9,11,1,9,6,0,0,2,5,29,.444,.500,.818,4.6,2.4,0.8,0.5,0.0,0.0,"Jul 27, 1993",Atlanta,Georgia ,US,NBA,2018-19
Randy Mahaffey,4,1968,1971,321,9589,1476,3315,0,16,863,1262,880,2554,507,,,877,1118,3815,.445,.000,.684,29.9,11.9,8.0,1.6,,,"Sep 28, 1945",LaGrange,Georgia ,US,NBA,1967-68
Johnny Mathis,1,1968,1968,51,656,69,186,0,2,35,55,,194,28,,,42,102,173,.371,.000,.636,12.9,3.4,3.8,0.5,,,"Jul 14, 1943",Eastman,Georgia ,US,NBA,1967-68
Jordan McRae,4,2016,2020,123,1696,302,724,83,234,159,206,34,225,167,45,30,87,147,846,.417,.355,.772,13.8,6.9,1.8,1.4,0.4,0.2,"Mar 28, 1991",Savannah,Georgia ,US,NBA,2015-16
Greg Minor,5,1995,1999,277,5144,794,1662,24,106,290,378,258,741,384,156,46,225,464,1902,.478,.226,.767,18.6,6.9,2.7,1.4,0.6,0.2,"Sep 18, 1971",Sandersville,Georgia ,US,NBA,1994-95
Davion Mitchell,4,2022,2025,276,5867,802,1844,270,810,139,199,86,461,852,152,52,302,466,2013,.435,.333,.698,21.3,7.3,1.7,3.1,0.6,0.2,"Sep 5, 1998",Hinesville,Georgia ,US,NBA,2021-22
Mike Mitchell,10,1979,1988,759,24537,6371,12912,19,88,2255,2894,1539,4246,1010,530,400,1300,2012,15016,.493,,.779,32.3,19.8,5.6,1.3,0.7,0.5,"Jan 1, 1956",Atlanta,Georgia ,US,NBA,1978-79
Player,Yrs,0,To,G,MP,FG,FGA,3P,3PA,FT,FTA,ORB,TRB,AST,STL,BLK,TOV,PF,PTS,FG%,3P%,FT%,MP,PTS,TRB,AST,STL,BLK,Date,City,Georgia ,US,NBA,-1-
Sam Mitchell,13,1990,2002,994,22257,3220,7206,65,292,2131,2719,1251,3711,1089,548,301,838,2509,8636,.447,.223,.784,22.4,8.7,3.7,1.1,0.6,0.3,"Sep 2, 1963",Columbus,Georgia ,US,NBA,1989-90
Tony Mitchell,1,2014,2014,3,10,3,5,0,1,0,0,1,1,1,1,0,0,0,6,.600,.000,,3.3,2.0,0.3,0.3,0.3,0.0,"Aug 7, 1989",Swainsboro,Georgia ,US,NBA,2013-14
Chris Morris,11,1989,1999,747,18748,3144,7136,497,1625,1399,1894,1516,3544,1182,917,540,1171,1750,8184,.441,.306,.739,25.1,11.0,4.7,1.6,1.2,0.7,"Jan 20, 1966",Atlanta,Georgia ,US,NBA,1988-89
Kevin Murphy,1,2013,2013,17,52,7,28,1,5,0,0,0,4,2,1,0,3,4,15,.250,.200,,3.1,0.9,0.2,0.1,0.1,0.0,"Mar 6, 1990",Atlanta,Georgia ,US,NBA,2012-13
Lloyd Neal,7,1973,1979,435,11015,1981,4087,,,884,1316,686,3370,632,178,324,102,1271,4846,.485,,.672,25.3,11.1,7.7,1.5,0.5,0.9,"Dec 10, 1950",Talbotton,Georgia ,US,NBA,1972-73
Norm Nixon,10,1978,1989,768,27250,5219,10805,100,340,1527,1978,473,1991,6386,1187,71,2368,1983,12065,.483,,.772,35.5,15.7,2.6,8.3,1.5,0.1,"Oct 11, 1955",Macon,Georgia ,US,NBA,1977-78
Jim Nolan,1,1950,1950,5,,4,21,,,0,0,,,4,,,,14,8,.190,,,,1.6,,0.8,,,"Jun 9, 1927",Macon,Georgia ,US,NBA,1949-50
Chuma Okeke,5,2021,2025,190,3834,434,1133,216,680,105,133,133,705,276,173,82,128,202,1189,.383,.318,.789,20.2,6.3,3.7,1.5,0.9,0.4,"Aug 18, 1998",Atlanta,Georgia ,US,NBA,2020-21
Isaac Okoro,5,2021,2025,310,8298,915,1970,296,843,423,579,284,868,516,250,122,253,707,2549,.464,.351,.731,26.8,8.2,2.8,1.7,0.8,0.4,"Jan 26, 2001",Atlanta,Georgia ,US,NBA,2020-21
Quincy Olivari,1,2025,2025,2,10,1,5,1,5,0,0,0,0,1,0,0,1,0,3,.200,.200,,5.0,1.5,0.0,0.5,0.0,0.0,"May 27, 2001",Atlanta,Georgia ,US,NBA,2024-25
Myles Patrick,1,1981,1981,3,9,2,5,0,0,1,2,1,2,1,0,0,1,3,5,.400,,.500,3.0,1.7,0.7,0.3,0.0,0.0,"Nov 19, 1954",Macon,Georgia ,US,NBA,1980-81
Charlie Paulk,3,1969,1972,120,1641,317,809,,,107,175,,462,41,,,,243,741,.392,,.611,13.7,6.2,3.9,0.3,,,"Jun 14, 1946",Fitzgerald,Georgia ,US,NBA,1968-69
George Peeples,6,1968,1973,309,6935,931,2111,0,11,640,1002,638,2242,304,,,497,808,2502,.441,.000,.639,22.4,8.1,7.3,1.0,,,"Oct 30, 1943",,Georgia ,US,NBA,1967-68
Lavor Postell,3,2001,2003,61,446,59,176,11,44,66,83,11,45,13,12,2,35,28,195,.335,.250,.795,7.3,3.2,0.7,0.2,0.2,0.0,"Feb 26, 1978",Albany,Georgia ,US,NBA,2000-01
Alex Poythress,3,2017,2019,52,566,76,161,19,53,26,39,47,122,24,10,13,18,77,197,.472,.358,.667,10.9,3.8,2.3,0.5,0.2,0.3,"Sep 6, 1993",Savannah,Georgia ,US,NBA,2016-17
Tim Quarterman,2,2017,2018,19,93,14,32,5,15,2,5,4,17,12,2,3,13,7,35,.438,.333,.400,4.9,1.8,0.9,0.6,0.1,0.2,"Oct 27, 1994",Savannah,Georgia ,US,NBA,2016-17
Luther Rackley,5,1970,1974,278,4336,687,1490,0,1,381,604,95,1290,179,3,4,50,640,1755,.461,,.631,15.6,6.3,4.6,0.6,0.3,0.4,"Jun 11, 1946",Bainbridge,Georgia ,US,NBA,1969-70
Robert Reid,13,1978,1991,919,25109,4443,9706,103,354,1459,1992,1167,4168,2500,973,403,1319,2893,10448,.458,,.732,27.3,11.4,4.5,2.7,1.1,0.4,"Aug 30, 1955",Atlanta,Georgia ,US,NBA,1977-78
Chris Robinson,2,1997,1998,76,1095,134,356,58,155,24,42,32,117,104,47,13,67,135,350,.376,.374,.571,14.4,4.6,1.5,1.4,0.6,0.2,"Apr 2, 1974",Columbus,Georgia ,US,NBA,1996-97
Jeff Sanders,4,1990,1993,55,462,49,124,0,0,14,23,41,103,25,18,9,32,64,112,.395,,.609,8.4,2.0,1.9,0.5,0.3,0.2,"Jan 14, 1966",Augusta,Georgia ,US,NBA,1989-90
Player,Yrs,0,To,G,MP,FG,FGA,3P,3PA,FT,FTA,ORB,TRB,AST,STL,BLK,TOV,PF,PTS,FG%,3P%,FT%,MP,PTS,TRB,AST,STL,BLK,Date,City,Georgia ,US,NBA,-1-
Tre Scott,1,2022,2022,2,11,3,6,0,1,0,0,1,2,0,1,1,0,2,6,.500,.000,,5.5,3.0,1.0,0.0,0.5,0.5,"Nov 25, 1996",Townsend,Georgia ,US,NBA,2021-22
Collin Sexton,7,2019,2025,390,11712,2666,5678,588,1518,1423,1693,346,1106,1430,301,51,907,880,7343,.470,.387,.841,30.0,18.8,2.8,3.7,0.8,0.1,"Jan 4, 1999",Marietta,Georgia ,US,NBA,2018-19
Ben Sheppard,2,2024,2025,98,1643,177,433,100,296,41,46,41,191,101,60,13,27,174,495,.409,.338,.891,16.8,5.1,1.9,1.0,0.6,0.1,"Jul 16, 2001",Atlanta,Georgia ,US,NBA,2023-24
Jeff Sheppard,1,1999,1999,18,185,15,39,2,7,8,13,6,22,16,3,0,7,12,40,.385,.286,.615,10.3,2.2,1.2,0.9,0.2,0.0,"Sep 29, 1974",Marietta,Georgia ,US,NBA,1998-99
Garret Siler,1,2011,2011,21,101,17,31,0,0,11,22,16,28,3,1,4,10,20,45,.548,,.500,4.8,2.1,1.3,0.1,0.0,0.2,"Oct 25, 1986",Augusta,Georgia ,US,NBA,2010-11
Kobi Simmons,4,2018,2024,42,740,90,216,14,52,27,27,16,61,85,24,9,46,66,221,.417,.269,1.000,17.6,5.3,1.5,2.0,0.6,0.2,"Jul 4, 1997",Atlanta,Georgia ,US,NBA,2017-18
Chris Singleton,3,2012,2014,148,2605,233,620,58,182,88,139,112,472,92,117,57,100,325,612,.376,.319,.633,17.6,4.1,3.2,0.6,0.8,0.4,"Nov 21, 1989",Canton,Georgia ,US,NBA,2011-12
Derek Smith,9,1983,1991,408,9825,2031,4074,45,153,1125,1495,476,1300,866,265,175,700,1214,5232,.499,.294,.753,24.1,12.8,3.2,2.1,0.6,0.4,"Nov 1, 1961",Hogansville,Georgia ,US,NBA,1982-83
Elmore Smith,8,1972,1979,562,17879,3169,6578,,,1203,2079,952,5962,808,325,1183,183,1941,7541,.482,,.579,31.8,13.4,10.6,1.4,0.8,2.9,"May 9, 1949",Macon,Georgia ,US,NBA,1971-72
Jabari Smith,4,2001,2005,108,1063,125,303,1,8,78,113,49,178,66,37,26,54,166,329,.413,.125,.690,9.8,3.0,1.6,0.6,0.3,0.2,"Feb 12, 1977",Atlanta,Georgia ,US,NBA,2000-01
Jabari Smith Jr.,3,2023,2025,190,5963,884,2055,319,940,378,468,320,1411,258,107,168,228,512,2465,.430,.339,.808,31.4,13.0,7.4,1.4,0.6,0.9,"May 13, 2003",Fayetteville,Georgia ,US,NBA,2022-23
Josh Smith,13,2005,2018,894,29000,5089,11247,450,1578,2368,3748,1717,6653,2789,1083,1713,2197,2461,12996,.452,.285,.632,32.4,14.5,7.4,3.1,1.2,1.9,"Dec 5, 1985",College Park,Georgia ,US,NBA,2004-05
Elmore Spencer,5,1993,1997,157,2641,389,754,0,3,145,250,127,555,109,53,170,249,336,923,.516,.000,.580,16.8,5.9,3.5,0.7,0.3,1.1,"Dec 6, 1969",Atlanta,Georgia ,US,NBA,1992-93
Mark Strickland,8,1995,2003,281,3415,539,1105,2,9,201,301,268,771,102,79,110,163,321,1281,.488,.222,.668,12.2,4.6,2.7,0.4,0.3,0.4,"Jul 14, 1970",Atlanta,Georgia ,US,NBA,1994-95
Aaron Swinson,1,1995,1995,9,51,10,18,0,0,4,5,3,8,3,1,0,5,8,24,.556,,.800,5.7,2.7,0.9,0.3,0.1,0.0,"Jan 9, 1971",Brunswick,Georgia ,US,NBA,1994-95
Joe Thomas,1,1971,1971,39,204,23,86,,,9,20,,43,17,,,,19,55,.267,,.450,5.2,1.4,1.1,0.4,,,"Mar 9, 1948",Canton,Georgia ,US,NBA,1970-71
Kenny Thomas,11,2000,2010,632,17306,2309,4966,59,242,1199,1715,1447,4341,975,527,276,1054,1581,5876,.465,.244,.699,27.4,9.3,6.9,1.5,0.8,0.4,"Jul 25, 1977",Atlanta,Georgia ,US,NBA,1999-00
Al Thornton,4,2008,2011,296,8274,1368,3029,78,266,713,954,392,1233,353,185,152,424,771,3527,.452,.293,.747,28.0,11.9,4.2,1.2,0.6,0.5,"Dec 7, 1983",Perry,Georgia ,US,NBA,2007-08
Sedale Threatt,14,1984,1997,951,22436,3914,8075,188,642,1311,1608,371,1709,3613,1138,136,1296,2178,9327,.485,.293,.815,23.6,9.8,1.8,3.8,1.2,0.1,"Sep 10, 1961",Atlanta,Georgia ,US,NBA,1983-84
Ansley Truitt,1,1973,1973,16,86,18,42,0,0,3,9,10,38,2,,,7,9,39,.429,,.333,5.4,2.4,2.4,0.1,,,"Aug 24, 1950",West Point,Georgia ,US,NBA,1972-73
Player,Yrs,0,To,G,MP,FG,FGA,3P,3PA,FT,FTA,ORB,TRB,AST,STL,BLK,TOV,PF,PTS,FG%,3P%,FT%,MP,PTS,TRB,AST,STL,BLK,Date,City,Georgia ,US,NBA,-1-
Devin Vassell,5,2021,2025,279,7628,1441,3263,544,1492,426,530,126,1025,715,283,118,302,424,3852,.442,.365,.804,27.3,13.8,3.7,2.6,1.0,0.4,"Aug 23, 2000",Lawrenceville,Georgia ,US,NBA,2020-21
Kenny Walker,7,1987,1995,448,9050,1240,2556,7,34,641,856,742,1793,299,235,299,351,1184,3128,.485,.206,.749,20.2,7.0,4.0,0.7,0.5,0.7,"Aug 18, 1964",Roberta,Georgia ,US,NBA,1986-87
M.J. Walker,1,2022,2022,2,8,0,4,0,2,0,0,0,1,1,2,0,0,1,0,.000,.000,,4.0,0.0,0.5,0.5,1.0,0.0,"Mar 28, 1998",Atlanta,Georgia ,US,NBA,2021-22
Perry Warbington,1,1975,1975,5,70,4,21,,,2,2,2,8,16,0,0,,16,10,.190,,1.000,14.0,2.0,1.6,3.2,0.0,0.0,"Sep 7, 1952",Atlanta,Georgia ,US,NBA,1974-75
Charlie Ward,11,1995,2005,630,14080,1400,3428,639,1754,508,659,242,1648,2539,776,128,1038,1276,3947,.408,.364,.771,22.3,6.3,2.6,4.0,1.2,0.2,"Oct 12, 1970",Thomasville,Georgia ,US,NBA,1994-95
John Warren,5,1970,1974,303,4931,754,1754,,,306,370,42,687,564,27,6,,606,1814,.430,,.827,16.3,6.0,2.3,1.9,0.4,0.1,"Jul 7, 1947",Sparta,Georgia ,US,NBA,1969-70
James Webb III,1,2018,2018,10,120,6,24,4,19,0,0,8,24,4,1,0,4,10,16,.250,.211,,12.0,1.6,2.4,0.4,0.1,0.0,"Aug 19, 1993",Augusta,Georgia ,US,NBA,2017-18
Eddie Lee Wilkins,6,1985,1993,322,3787,596,1267,0,9,342,606,400,1002,62,82,60,288,609,1534,.470,.000,.564,11.8,4.8,3.1,0.2,0.3,0.2,"May 7, 1962",Cartersville,Georgia ,US,NBA,1984-85
Gerald Wilkins,13,1986,1999,900,26084,4754,10564,418,1322,1810,2429,975,2646,2697,907,208,1687,1853,11736,.450,.316,.745,29.0,13.0,2.9,3.0,1.0,0.2,"Sep 11, 1963",Atlanta,Georgia ,US,NBA,1985-86
Corey Williams,2,1993,1994,39,288,36,98,1,4,19,23,20,37,29,6,2,13,30,92,.367,.250,.826,7.4,2.4,0.9,0.7,0.2,0.1,"Apr 24, 1970",Twiggs,Georgia ,US,NBA,1992-93
Dontonio Wingfield,4,1995,1998,114,1146,157,404,47,152,62,86,121,275,76,39,15,89,191,423,.389,.309,.721,10.1,3.7,2.4,0.7,0.3,0.1,"Jun 23, 1974",Albany,Georgia ,US,NBA,1994-95
Al Wood,6,1982,1987,417,9939,1980,4254,40,190,902,1143,459,1262,742,310,159,569,944,4902,.465,.211,.789,23.8,11.8,3.0,1.8,0.7,0.4,"Jun 2, 1958",Gray,Georgia ,US,NBA,1981-82
Sharone Wright,4,1995,1998,203,4531,777,1705,1,12,419,678,419,1023,118,82,203,355,562,1974,.456,.083,.618,22.3,9.7,5.0,0.6,0.4,1.0,"Jan 30, 1973",Macon,Georgia ,US,NBA,1994-95
Cedric Ceballos,11,1991,2001,609,14712,3414,6824,235.0,760.0,1630,2165,1252.0,3258,723,450.0,183.0,991.0,1074,8693,0.5,0.309,0.753,24.2,14.3,5.3,1.2,0.7,0.3,"Aug 2, 1969",Maui,Hawaii ,US,NBA,1990-91
Red Rocha,9,1948,1957,586,10507,2276,6158,,,1810,2385,,2747,1153,,,,2113,6362,0.37,,0.759,29.9,10.9,6.6,2.0,,,"Sep 18, 1923",Hilo,Hawaii ,US,NBA,1947-48
Charlie Black,3,1949,1952,136,117.0,435,1535,,,375,624,,31.0,312,,,,551,1245,0.283,,0.601,9.0,9.2,2.4,2.3,,,"Jun 15, 1921",Arco,Idaho ,US,NBA,1948-49
Steve Hayes,5,1982,1986,212,2296.0,233,483,0.0,1.0,79,158,203.0,526.0,85,32.0,102.0,99.0,438,545,0.482,0.0,0.5,10.8,2.6,2.5,0.4,0.2,0.5,"Aug 2, 1955",American Falls,Idaho ,US,NBA,1981-82
Luke Ridnour,12,2004,2015,830,21623.0,2933,6803,584.0,1674.0,1290,1496,363.0,1877.0,3713,814.0,161.0,1349.0,1779,7740,0.431,0.349,0.862,26.1,9.3,2.3,4.5,1.0,0.2,"Feb 13, 1981",Coeur d'Alene,Idaho ,US,NBA,2003-04
Deb Smith,1,1947,1947,48,,32,119,,,9,21,,,6,,,,47,73,0.269,,0.429,,1.5,,0.1,,,"Jan 7, 1920",Paul,Idaho ,US,NBA,1946-47
Dale Wilkinson,1,1985,1985,12,45.0,4,16,0.0,1.0,6,7,1.0,4.0,2,0.0,0.0,4.0,10,14,0.25,0.0,0.857,3.8,1.2,0.3,0.2,0.0,0.0,"Mar 18, 1960",Pocatello,Idaho ,US,NBA,1984-85
Mark Aguirre,13,1982,1994,923,27730,7201,14865,392,1258,3664,4944,1704,4578,2871,687,296,2306,2599,18458,.484,.312,.741,30.0,20.0,5.0,3.1,0.7,0.3,"Dec 10, 1959",Chicago,Illinois ,US,NBA,1981-82
Cliff Alexander,1,2016,2016,8,36,5,10,0,0,0,0,2,6,0,1,2,1,1,10,.500,,,4.5,1.3,0.8,0.0,0.1,0.3,"Nov 16, 1995",Chicago,Illinois ,US,NBA,2015-16
Tony Allen,14,2005,2018,820,18055,2588,5447,125,444,1353,1909,1021,2884,1077,1158,337,1118,1947,6654,.475,.282,.709,22.0,8.1,3.5,1.3,1.4,0.4,"Jan 11, 1982",Chicago,Illinois ,US,NBA,2004-05
Ashraf Amaya,2,1996,1997,85,1248,133,292,1,2,112,177,133,355,36,29,13,67,180,379,.455,.500,.633,14.7,4.5,4.2,0.4,0.3,0.2,"Nov 23, 1971",Oak Park,Illinois ,US,NBA,1995-96
Eric Anderson,2,1993,1994,27,83,12,35,2,2,16,27,12,31,5,3,2,7,23,42,.343,1.000,.593,3.1,1.6,1.1,0.2,0.1,0.1,"May 26, 1970",Chicago,Illinois ,US,NBA,1992-93
J.J. Anderson,3,1983,1985,157,1970,306,658,0,9,139,249,186,439,110,107,39,131,251,751,.465,.000,.558,12.5,4.8,2.8,0.7,0.7,0.2,"Sep 23, 1960",Chicago,Illinois ,US,NBA,1982-83
Nick Anderson,13,1990,2002,800,24922,4416,9891,1055,2964,1642,2461,1011,4064,2087,1114,364,1358,1502,11529,.446,.356,.667,31.2,14.4,5.1,2.6,1.4,0.5,"Jan 20, 1968",Chicago,Illinois ,US,NBA,1989-90
Ron Anderson,10,1985,1994,664,15112,2936,6239,105,366,1079,1325,856,2312,952,470,90,730,1019,7056,.471,.287,.814,22.8,10.6,3.5,1.4,0.7,0.1,"Oct 15, 1958",Chicago,Illinois ,US,NBA,1984-85
Jim Ard,8,1971,1978,431,5766,752,1870,4,17,401,606,573,1832,278,59,121,291,747,1909,.402,,.662,13.4,4.4,4.3,0.6,0.2,0.5,"Sep 19, 1948",Harvey,Illinois ,US,NBA,1970-71
James Augustine,2,2007,2008,27,156,19,37,0,0,4,8,17,33,4,5,2,6,20,42,.514,,.500,5.8,1.6,1.2,0.1,0.2,0.1,"Feb 27, 1984",Midlothian,Illinois ,US,NBA,2006-07
Maurice Baker,1,2005,2005,5,19,0,1,0,0,0,0,1,2,1,1,0,1,3,0,.000,,,3.8,0.0,0.4,0.2,0.2,0.0,"Jul 28, 1979",Granite City,Illinois ,US,NBA,2004-05
Keita Bates-Diop,6,2019,2024,283,4565,634,1337,146,438,283,377,208,848,241,146,99,154,242,1697,.474,.333,.751,16.1,6.0,3.0,0.9,0.5,0.3,"Jan 23, 1996",Bloomington,Illinois ,US,NBA,2018-19
Kenny Battle,4,1990,1993,134,1795,243,482,4,30,137,189,138,327,106,98,31,91,214,627,.504,.133,.725,13.4,4.7,2.4,0.8,0.7,0.2,"Oct 10, 1964",Aurora,Illinois ,US,NBA,1989-90
Lloyd Batts,1,1975,1975,58,1317,249,680,42,147,58,94,71,197,106,73,6,89,104,598,.366,.286,.617,22.7,10.3,3.4,1.8,1.3,0.1,"May 9, 1951",Chicago,Illinois ,US,NBA,1974-75
Elmer Behnke,1,1952,1952,4,55,6,22,,,4,7,,17,4,,,,13,16,.273,,.571,13.8,4.0,4.3,1.0,,,"Feb 3, 1929",Elgin,Illinois ,US,NBA,1951-52
Irv Bemoras,2,1954,1957,131,2479,309,890,,,209,311,,341,125,,,,228,827,.347,,.672,18.9,6.3,2.6,1.0,,,"Nov 18, 1930",Chicago,Illinois ,US,NBA,1953-54
Elmer Bennett,3,1995,1997,21,159,16,47,3,11,13,18,1,10,22,9,1,20,16,48,.340,.273,.722,7.6,2.3,0.5,1.0,0.4,0.0,"Feb 13, 1970",Evanston,Illinois ,US,NBA,1994-95
Patrick Beverley,12,2013,2024,666,17689,1929,4671,973,2623,689,906,685,2729,2245,708,343,792,1947,5520,.413,.371,.760,26.6,8.3,4.1,3.4,1.1,0.5,"Jul 12, 1988",Chicago,Illinois ,US,NBA,2012-13
Cory Blackwell,1,1985,1985,60,551,87,237,0,2,28,55,42,96,26,25,3,44,55,202,.367,.000,.509,9.2,3.4,1.6,0.4,0.4,0.1,"Mar 27, 1963",Chicago,Illinois ,US,NBA,1984-85
Bucky Bockhorn,7,1959,1965,474,14791,2245,5574,,,940,1256,,2234,1645,,,,1565,5430,.403,,.748,31.2,11.5,4.7,3.5,,,"Jul 8, 1933",Campbell Hill,Illinois ,US,NBA,1958-59
Player,Yrs,0,To,G,MP,FG,FGA,3P,3PA,FT,FTA,ORB,TRB,AST,STL,BLK,TOV,PF,PTS,FG%,3P%,FT%,MP,PTS,TRB,AST,STL,BLK,Date,City,Illinois ,US,NBA,-1-
George Bon Salle,1,1962,1962,3,9,2,8,,,0,0,,2,0,,,,0,4,.250,,,3.0,1.3,0.7,0.0,,,"Jul 1, 1935",Chicago,Illinois ,US,NBA,1961-62
Walter Bond,3,1993,1995,153,2427,329,805,41,137,174,227,80,289,177,97,34,146,360,873,.409,.299,.767,15.9,5.7,1.9,1.2,0.6,0.2,"Feb 1, 1969",Chicago,Illinois ,US,NBA,1992-93
Donnie Boyce,2,1996,1997,30,195,30,86,6,24,13,26,12,25,16,13,5,22,19,79,.349,.250,.500,6.5,2.6,0.8,0.5,0.4,0.2,"Sep 2, 1973",Chicago,Illinois ,US,NBA,1995-96
A.J. Bramlett,1,2000,2000,8,61,4,21,0,0,0,0,12,22,0,1,0,3,13,8,.190,,,7.6,1.0,2.8,0.0,0.1,0.0,"Jan 10, 1977",Dekalb,Illinois ,US,NBA,1999-00
Brad Branson,2,1982,1983,72,856,152,360,0,1,87,120,87,206,52,32,30,58,98,391,.422,.000,.725,11.9,5.4,2.9,0.7,0.4,0.4,"Sep 24, 1958",Harvey,Illinois ,US,NBA,1981-82
Jim Brewer,9,1974,1982,703,15936,1785,3983,1,13,528,925,1660,4458,1038,556,510,332,1536,4099,.448,,.571,22.7,5.8,6.3,1.5,0.8,0.7,"Dec 3, 1951",Maywood,Illinois ,US,NBA,1973-74
Andre Brown,3,2007,2009,75,598,82,159,0,1,33,66,70,178,11,14,8,48,73,197,.516,.000,.500,8.0,2.6,2.4,0.1,0.2,0.1,"May 12, 1981",Chicago,Illinois ,US,NBA,2006-07
Randy Brown,12,1992,2003,655,11533,1275,3055,24,120,574,831,326,1173,1420,722,156,725,1263,3148,.417,.200,.691,17.6,4.8,1.8,2.2,1.1,0.2,"May 22, 1968",Chicago,Illinois ,US,NBA,1991-92
Roger Brown,5,1973,1980,239,2678,236,581,2,2,111,178,312,835,118,52,130,143,461,585,.406,,.624,11.2,2.4,3.5,0.5,0.3,0.7,"Feb 23, 1950",Chicago,Illinois ,US,NBA,1972-73
Shannon Brown,9,2007,2015,408,7329,1198,2854,276,831,446,553,177,760,458,284,90,378,538,3118,.420,.332,.807,18.0,7.6,1.9,1.1,0.7,0.2,"Nov 29, 1985",Maywood,Illinois ,US,NBA,2006-07
Sterling Brown,6,2018,2023,268,4458,531,1267,248,683,121,152,154,891,268,140,47,177,379,1431,.419,.363,.796,16.6,5.3,3.3,1.0,0.5,0.2,"Feb 10, 1995",Maywood,Illinois ,US,NBA,2017-18
Tony Brown,7,1985,1992,360,6006,860,1969,36,139,407,566,352,766,563,234,40,392,751,2163,.437,.259,.719,16.7,6.0,2.1,1.6,0.7,0.1,"Jul 29, 1960",Chicago,Illinois ,US,NBA,1984-85
Jim Browne,2,1949,1950,35,,18,50,,,14,29,,,8,,,,20,50,.360,,.483,,1.4,,0.2,,,"Jan 1, 1930",Midlothian,Illinois ,US,NBA,1948-49
Em Bryant,8,1965,1972,566,11451,1501,3665,,,720,1043,,1593,1700,,,,1729,3722,.410,,.690,20.2,6.6,2.8,3.0,,,"Nov 4, 1938",Chicago,Illinois ,US,NBA,1964-65
Quinn Buckner,10,1977,1986,719,16245,2546,5527,7,38,830,1264,598,1969,3114,1337,80,1382,2097,5929,.461,,.657,22.6,8.2,2.7,4.3,1.9,0.1,"Aug 20, 1954",Phoenix,Illinois ,US,NBA,1976-77
Jack Burmaster,1,1950,1950,61,,237,711,,,124,182,,,179,,,,237,598,.333,,.681,,9.8,,2.9,,,"Dec 23, 1926",Elgin,Illinois ,US,NBA,1949-50
Matas Buzelis,1,2025,2025,55,834,130,297,52,146,45,56,32,158,31,15,47,36,82,357,.438,.356,.804,15.2,6.5,2.9,0.6,0.3,0.9,"Oct 13, 2004",Chicago,Illinois ,US,NBA,2024-25
Will Bynum,8,2006,2015,360,6611,1117,2529,84,309,603,755,125,561,1185,256,29,578,670,2921,.442,.272,.799,18.4,8.1,1.6,3.3,0.7,0.1,"Jan 4, 1983",Chicago,Illinois ,US,NBA,2005-06
Devontae Cacok,3,2020,2022,36,228,41,66,0,0,9,18,22,79,8,13,11,8,24,91,.621,,.500,6.3,2.5,2.2,0.2,0.4,0.3,"Oct 8, 1996",Chicago,Illinois ,US,NBA,2019-20
Corky Calhoun,8,1973,1980,542,10901,1200,2609,0,0,496,634,525,1962,601,293,132,121,1322,2896,.460,,.782,20.1,5.3,3.6,1.1,0.6,0.3,"Nov 1, 1950",Waukegan,Illinois ,US,NBA,1972-73
Player,Yrs,0,To,G,MP,FG,FGA,3P,3PA,FT,FTA,ORB,TRB,AST,STL,BLK,TOV,PF,PTS,FG%,3P%,FT%,MP,PTS,TRB,AST,STL,BLK,Date,City,Illinois ,US,NBA,-1-
Brian Cardinal,12,2001,2012,456,6477,664,1628,243,653,537,624,286,1050,465,295,69,330,890,2108,.408,.372,.861,14.2,4.6,2.3,1.0,0.6,0.2,"May 2, 1977",Tolono,Illinois ,US,NBA,2000-01
Howie Carl,1,1962,1962,31,382,67,201,,,36,51,,39,57,,,,41,170,.333,,.706,12.3,5.5,1.3,1.8,,,"Jun 7, 1938",Chicago,Illinois ,US,NBA,1961-62
Bob Carney,1,1955,1955,19,244,24,64,,,21,40,,45,16,,,,36,69,.375,,.525,12.8,3.6,2.4,0.8,,,"Aug 3, 1932",Aurora,Illinois ,US,NBA,1954-55
Jevon Carter,7,2019,2025,402,6146,759,1916,458,1198,109,137,122,673,637,236,97,238,501,2085,.396,.382,.796,15.3,5.2,1.7,1.6,0.6,0.2,"Sep 14, 1995",Maywood,Illinois ,US,NBA,2018-19
Maurice Cheeks*,15,1979,1993,1101,34845,4906,9374,52,204,2331,2938,713,3088,7392,2310,294,2268,2258,12195,.523,,.793,31.6,11.1,2.8,6.7,2.1,0.3,"Sep 8, 1956",Chicago,Illinois ,US,NBA,1978-79
Cam Christie,1,2025,2025,6,31,4,12,2,8,1,2,1,6,2,2,0,2,2,11,.333,.250,.500,5.2,1.8,1.0,0.3,0.3,0.0,"Jul 24, 2005",Arlington Heights,Illinois ,US,NBA,2024-25
Max Christie,3,2023,2025,162,2871,317,719,145,382,145,174,53,379,172,73,49,103,179,924,.441,.380,.833,17.7,5.7,2.3,1.1,0.5,0.3,"Feb 10, 2003",Arlington Heights,Illinois ,US,NBA,2022-23
Keon Clark,6,1999,2004,353,7971,1179,2359,1,19,523,811,655,2096,322,184,571,470,1013,2882,.500,.053,.645,22.6,8.2,5.9,0.9,0.5,1.6,"Apr 16, 1975",Danville,Illinois ,US,NBA,1998-99
Doug Collins*,8,1974,1981,415,13945,2927,5839,0,1,1573,1888,459,1339,1368,518,114,485,1245,7427,.501,,.833,33.6,17.9,3.2,3.3,1.2,0.3,"Jul 28, 1951",Christopher,Illinois ,US,NBA,1973-74
Sherron Collins,1,2011,2011,20,66,7,25,2,10,1,1,0,5,8,2,0,4,2,17,.280,.200,1.000,3.3,0.9,0.3,0.4,0.1,0.0,"Mar 18, 1987",Chicago,Illinois ,US,NBA,2010-11
Bobby Cook,1,1950,1950,51,,222,620,,,143,181,,,158,,,,114,587,.358,,.790,,11.5,,3.1,,,"Apr 1, 1923",Harvard,Illinois ,US,NBA,1949-50
Brian Cook,9,2004,2012,421,5649,915,2083,262,686,220,281,308,1115,252,135,134,252,789,2312,.439,.382,.783,13.4,5.5,2.6,0.6,0.3,0.3,"Dec 4, 1980",Lincoln,Illinois ,US,NBA,2003-04
Norm Cook,2,1977,1978,27,148,28,75,,,9,17,11,30,6,10,3,0,31,65,.373,,.529,5.5,2.4,1.1,0.2,0.4,0.1,"Mar 21, 1955",Chicago,Illinois ,US,NBA,1976-77
Jack Cooley,2,2015,2018,23,174,22,49,0,0,23,40,24,55,7,7,3,6,36,67,.449,,.575,7.6,2.9,2.4,0.3,0.3,0.1,"Apr 12, 1991",Evanston,Illinois ,US,NBA,2014-15
Dave Corzine,13,1979,1991,891,20772,3097,6401,10,53,1411,1889,1747,5262,1477,369,848,1340,1935,7615,.484,,.747,23.3,8.5,5.9,1.7,0.4,1.0,"Apr 25, 1956",Arlington Heights,Illinois ,US,NBA,1978-79
Robert Covington,11,2014,2024,614,17334,2235,5469,1263,3493,904,1114,552,3385,884,938,578,861,1738,6637,.409,.362,.811,28.2,10.8,5.5,1.4,1.5,0.9,"Dec 14, 1990",Bellwood,Illinois ,US,NBA,2013-14
Jeff Cross,1,1986,1986,21,128,6,24,0,0,14,25,9,30,1,2,3,6,38,26,.250,,.560,6.1,1.2,1.4,0.0,0.1,0.1,"Sep 1, 1961",Chicago,Illinois ,US,NBA,1985-86
Russell Cross,1,1984,1984,45,354,64,112,0,0,38,91,35,82,22,12,7,19,58,166,.571,,.418,7.9,3.7,1.8,0.5,0.3,0.2,"Sep 5, 1961",Chicago,Illinois ,US,NBA,1983-84
Terry Cummings,18,1983,2000,1183,33898,8045,16628,44,149,3326,4711,3183,8630,2190,1255,650,2200,3836,19460,.484,.295,.706,28.7,16.4,7.3,1.9,1.1,0.5,"Mar 15, 1961",Chicago,Illinois ,US,NBA,1982-83
Fran Curran,2,1949,1950,123,,159,403,,,284,367,,,149,,,,231,602,.395,,.774,,4.9,,1.2,,,"Sep 9, 1922",Sterling,Illinois ,US,NBA,1948-49
Player,Yrs,0,To,G,MP,FG,FGA,3P,3PA,FT,FTA,ORB,TRB,AST,STL,BLK,TOV,PF,PTS,FG%,3P%,FT%,MP,PTS,TRB,AST,STL,BLK,Date,City,Illinois ,US,NBA,-1-
Eddy Curry,11,2002,2013,527,13109,2578,4734,2,2,1662,2588,947,2725,287,155,384,1174,1562,6820,.545,1.000,.642,24.9,12.9,5.2,0.5,0.3,0.7,"Dec 5, 1982",Harvey,Illinois ,US,NBA,2001-02
Ed Dahler,1,1952,1952,14,112,14,38,,,7,7,,22,5,,,,16,35,.368,,1.000,8.0,2.5,1.6,0.4,,,"Jan 31, 1926",Rosemond,Illinois ,US,NBA,1951-52
Anthony Davis,13,2013,2025,779,26880,7040,13455,370,1241,4374,5504,2075,8341,1976,1028,1798,1554,1824,18824,.523,.298,.795,34.5,24.2,10.7,2.5,1.3,2.3,"Mar 11, 1993",Chicago,Illinois ,US,NBA,2012-13
Jimmy Dawson,1,1968,1968,21,288,46,133,1,7,25,43,,21,32,,,16,16,118,.346,.143,.581,13.7,5.6,1.0,1.5,,,"Apr 18, 1945",Oak Park,Illinois ,US,NBA,1967-68
Todd Day,8,1993,2001,483,12214,2036,5017,568,1646,1277,1727,578,1649,713,532,291,717,1348,5917,.406,.345,.739,25.3,12.3,3.4,1.5,1.1,0.6,"Jan 7, 1970",Decatur,Illinois ,US,NBA,1992-93
RayJ Dennis,1,2025,2025,6,11,1,3,1,3,2,2,1,3,1,2,0,2,1,5,.333,.333,1.000,1.8,0.8,0.5,0.2,0.3,0.0,"Mar 30, 2001",Plainfield,Illinois ,US,NBA,2024-25
Justin Dentmon,2,2012,2013,8,95,10,30,2,14,4,6,0,8,10,2,0,7,10,26,.333,.143,.667,11.9,3.3,1.0,1.3,0.3,0.0,"Sep 5, 1985",Carbondale,Illinois ,US,NBA,2011-12
Earl Dodd,1,1950,1950,9,,6,27,,,3,5,,,6,,,,13,15,.222,,.600,,1.7,,0.7,,,"Nov 1, 1924",Wood River,Illinois ,US,NBA,1949-50
Ayo Dosunmu,4,2022,2025,278,7791,1135,2264,310,857,265,342,152,806,910,232,109,378,633,2845,.501,.362,.775,28.0,10.2,2.9,3.3,0.8,0.4,"Jan 17, 2000",Chicago,Illinois ,US,NBA,2021-22
Devon Dotson,3,2021,2023,28,188,23,54,4,20,5,9,9,24,30,10,0,8,23,55,.426,.200,.556,6.7,2.0,0.9,1.1,0.4,0.0,"Aug 2, 1999",Chicago,Illinois ,US,NBA,2020-21
Bruce Douglas,1,1987,1987,8,98,7,24,0,1,0,4,5,14,17,9,0,9,9,14,.292,.000,.000,12.3,1.8,1.8,2.1,1.1,0.0,"Apr 9, 1964",Quincy,Illinois ,US,NBA,1986-87
Milton Doyle,1,2018,2018,10,125,13,47,4,23,4,8,3,18,10,6,2,2,13,34,.277,.174,.500,12.5,3.4,1.8,1.0,0.6,0.2,"Oct 31, 1993",Chicago,Illinois ,US,NBA,2017-18
Nate Driggers,1,1997,1997,15,132,13,43,0,9,10,14,12,22,6,3,2,6,10,36,.302,.000,.714,8.8,2.4,1.5,0.4,0.2,0.1,"Oct 12, 1973",Chicago,Illinois ,US,NBA,1996-97
Kevin Duckworth,11,1987,1997,684,17462,3216,6870,5,24,1648,2239,1369,3945,598,329,316,1237,2195,8085,.468,.208,.736,25.5,11.8,5.8,0.9,0.5,0.5,"Apr 1, 1964",Harvey,Illinois ,US,NBA,1986-87
Tony Dumas,4,1995,1998,156,2222,409,1013,102,312,220,362,94,198,186,65,19,148,256,1140,.404,.327,.608,14.2,7.3,1.3,1.2,0.4,0.1,"Aug 25, 1972",Chicago,Illinois ,US,NBA,1994-95
Gene Dyker,1,1954,1954,11,91,6,26,,,4,8,,16,5,,,,21,16,.231,,.500,8.3,1.5,1.5,0.5,,,"Feb 17, 1930",Chicago,Illinois ,US,NBA,1953-54
Acie Earl,4,1994,1997,193,2512,361,896,0,9,258,387,190,517,61,63,126,170,351,980,.403,.000,.667,13.0,5.1,2.7,0.3,0.3,0.7,"Jun 23, 1970",Peoria,Illinois ,US,NBA,1993-94
Ed Earle,1,1954,1954,2,12,1,2,,,2,4,,2,0,,,,0,4,.500,,.500,6.0,2.0,1.0,0.0,,,"Apr 28, 1927",Chicago,Illinois ,US,NBA,1953-54
Dike Eddleman,4,1950,1953,267,3475,1241,3526,,,742,1178,,915,551,,,,957,3224,.352,,.630,25.7,12.1,4.5,2.1,,,"Dec 27, 1922",Centralia,Illinois ,US,NBA,1949-50
Bulbs Ehlers,2,1948,1949,99,,286,1000,,,228,369,,,177,,,,211,800,.286,,.618,,8.1,,1.8,,,"Mar 10, 1923",Joliet,Illinois ,US,NBA,1947-48
Player,Yrs,0,To,G,MP,FG,FGA,3P,3PA,FT,FTA,ORB,TRB,AST,STL,BLK,TOV,PF,PTS,FG%,3P%,FT%,MP,PTS,TRB,AST,STL,BLK,Date,City,Illinois ,US,NBA,-1-
Bo Ellis,3,1978,1980,168,1984,236,548,0,3,141,193,182,482,113,69,84,145,320,613,.431,,.731,11.8,3.6,2.9,0.7,0.4,0.5,"Aug 8, 1954",Chicago,Illinois ,US,NBA,1977-78
LaPhonso Ellis,11,1993,2003,624,17616,2895,6409,241,797,1379,1888,1320,4032,981,433,477,1001,1934,7410,.452,.302,.730,28.2,11.9,6.5,1.6,0.7,0.8,"May 5, 1970",East St. Louis,Illinois ,US,NBA,1992-93
Melvin Ely,9,2003,2014,375,6005,783,1702,0,3,426,682,448,1215,261,99,209,392,765,1992,.460,.000,.625,16.0,5.3,3.2,0.7,0.3,0.6,"May 2, 1978",Harvey,Illinois ,US,NBA,2002-03
Scott English,3,1973,1975,105,1560,249,602,1,10,94,122,133,423,107,50,20,97,162,593,.414,,.770,14.9,5.6,4.0,1.0,0.7,0.3,"Oct 20, 1950",Evanston,Illinois ,US,NBA,1972-73
Brian Evans,3,1997,1999,102,1097,144,378,37,108,50,61,56,164,77,35,18,42,115,375,.381,.343,.820,10.8,3.7,1.6,0.8,0.3,0.2,"Sep 13, 1973",Rockford,Illinois ,US,NBA,1996-97
Jake Fendley,2,1952,1953,103,1031,86,250,,,115,155,,126,94,,,,200,287,.344,,.742,10.0,2.8,1.2,0.9,,,"Jun 12, 1929",Danville,Illinois ,US,NBA,1951-52
Bobby Fields,1,1972,1972,22,124,22,48,2,7,8,13,16,30,20,,,21,33,54,.458,.286,.615,5.6,2.5,1.4,0.9,,,"Oct 20, 1949",Chicago,Illinois ,US,NBA,1971-72
Michael Finley,15,1996,2010,1103,37996,6696,15095,1454,3880,2460,3032,1121,4804,3245,996,323,1629,1812,17306,.444,.375,.811,34.4,15.7,4.4,2.9,0.9,0.3,"Mar 6, 1973",Melrose Park,Illinois ,US,NBA,1995-96
Al Fleming,1,1978,1978,20,97,15,31,,,10,17,13,30,7,0,5,16,16,40,.484,,.588,4.9,2.0,1.5,0.4,0.0,0.3,"Apr 5, 1954",Chicago,Illinois ,US,NBA,1977-78
Donnie Freeman,9,1968,1976,648,21026,4566,10004,11,73,3090,3861,874,2292,2292,170,48,1379,1764,12233,.456,,.800,32.4,18.9,3.5,3.5,0.8,0.2,"Jul 18, 1944",Madison,Illinois ,US,NBA,1967-68
Javon Freeman-Liberty,1,2024,2024,22,403,55,124,10,42,33,36,16,70,40,10,4,25,28,153,.444,.238,.917,18.3,7.0,3.2,1.8,0.5,0.2,"Oct 20, 1999",Chicago,Illinois ,US,NBA,2023-24
Larry Friend,1,1958,1958,44,569,74,226,,,27,41,,106,47,,,,54,175,.327,,.659,12.9,4.0,2.4,1.1,,,"Apr 14, 1935",Chicago,Illinois ,US,NBA,1957-58
Elmer Gainer,2,1948,1950,20,,10,44,,,9,14,,,10,,,,36,29,.227,,.643,,1.5,,0.5,,,"Nov 22, 1918",Chicago,Illinois ,US,NBA,1947-48
Chad Gallagher,1,1994,1994,2,3,3,3,0,0,0,0,0,0,0,0,0,0,2,6,1.000,,,1.5,3.0,0.0,0.0,0.0,0.0,"May 30, 1969",Rockford,Illinois ,US,NBA,1993-94
Harry Gallatin*,10,1949,1958,682,15813,2810,7057,,,3223,4167,,6684,1208,,,,2086,8843,.398,,.773,31.9,13.0,11.9,1.8,,,"Apr 26, 1927",Roxana,Illinois ,US,NBA,1948-49
Kevin Gamble,10,1988,1997,649,14508,2562,5106,228,634,802,990,370,1457,1300,470,176,587,1228,6154,.502,.360,.810,22.4,9.5,2.2,2.0,0.7,0.3,"Nov 13, 1965",Springfield,Illinois ,US,NBA,1987-88
Bill Garner,1,1968,1968,53,514,28,103,0,1,25,50,,119,24,,,47,101,81,.272,.000,.500,9.7,1.5,2.2,0.5,,,"Jun 17, 1940",East St. Louis,Illinois ,US,NBA,1967-68
Billy Garrett,1,2019,2019,4,63,11,27,0,8,4,4,0,3,7,1,1,2,3,26,.407,.000,1.000,15.8,6.5,0.8,1.8,0.3,0.3,"Oct 16, 1994",Chicago,Illinois ,US,NBA,2018-19
Kiwane Lemorris Garris,2,1998,2000,31,248,24,75,5,15,19,25,3,20,30,7,1,16,22,72,.320,.333,.760,8.0,2.3,0.6,1.0,0.2,0.0,"Sep 24, 1974",Chicago,Illinois ,US,NBA,1997-98
Kendall Gill,15,1991,2005,966,29481,5068,11672,315,1051,2463,3267,1274,4002,2945,1519,432,1734,2515,12914,.434,.300,.754,30.5,13.4,4.1,3.0,1.6,0.4,"May 25, 1968",Chicago,Illinois ,US,NBA,1990-91
Player,Yrs,0,To,G,MP,FG,FGA,3P,3PA,FT,FTA,ORB,TRB,AST,STL,BLK,TOV,PF,PTS,FG%,3P%,FT%,MP,PTS,TRB,AST,STL,BLK,Date,City,Illinois ,US,NBA,-1-
Jordan Goodwin,4,2022,2025,126,2262,314,764,84,270,98,129,153,481,328,111,45,116,181,810,.411,.311,.760,18.0,6.4,3.8,2.6,0.9,0.4,"Oct 23, 1998",Centreville,Illinois ,US,NBA,2021-22
Bato Govedarica,1,1954,1954,23,258,25,79,,,25,37,,18,24,,,,44,75,.316,,.676,11.2,3.3,0.8,1.0,,,"Apr 17, 1928",Chicago,Illinois ,US,NBA,1953-54
Joe Graboski,13,1949,1962,845,22665,3433,9763,,,2414,3447,,5999,1502,,,,2591,9280,.352,,.700,30.5,11.0,8.1,1.8,,,"Jan 15, 1930",Chicago,Illinois ,US,NBA,1948-49
Rickey Green,14,1978,1992,946,23271,3594,7669,39,188,1643,2035,474,1819,5221,1348,51,1583,1452,8870,.469,,.807,24.6,9.4,1.9,5.5,1.4,0.1,"Aug 18, 1954",Chicago,Illinois ,US,NBA,1977-78
Derek Grimm,1,1998,1998,9,34,4,14,4,12,2,2,0,4,0,3,1,3,6,14,.286,.333,1.000,3.8,1.6,0.4,0.0,0.3,0.1,"Aug 3, 1974",Peoria,Illinois ,US,NBA,1997-98
A.J. Guyton,3,2001,2003,80,1246,166,440,73,193,37,45,22,80,147,20,12,62,58,442,.377,.378,.822,15.6,5.5,1.0,1.8,0.3,0.2,"Feb 12, 1978",Peoria,Illinois ,US,NBA,2000-01
Mike Hall,1,2007,2007,2,13,1,4,0,0,0,0,1,2,1,0,0,0,1,2,.250,,,6.5,1.0,1.0,0.5,0.0,0.0,"Jun 5, 1984",Chicago,Illinois ,US,NBA,2006-07
Tyler Hall,1,2022,2022,1,2,0,0,0,0,0,0,0,0,0,0,0,0,0,0,,,,2.0,0.0,0.0,0.0,0.0,0.0,"Mar 25, 1997",Rock Island,Illinois ,US,NBA,2021-22
Thomas Hamilton,2,1996,2000,33,343,44,110,0,0,19,41,41,112,16,4,23,37,37,107,.400,,.463,10.4,3.2,3.4,0.5,0.1,0.7,"Apr 3, 1975",Chicago,Illinois ,US,NBA,1995-96
Julian Hammond,5,1968,1972,329,8039,1383,2693,0,1,781,1130,756,2036,421,,,618,744,3547,.514,.000,.691,24.4,10.8,6.2,1.3,,,"May 27, 1943",Chicago,Illinois ,US,NBA,1967-68
Don Hanrahan,1,1953,1953,18,121,11,32,,,11,15,,30,11,,,,24,33,.344,,.733,6.7,1.8,1.7,0.6,,,"Feb 6, 1929",Chicago,Illinois ,US,NBA,1952-53
Luke Harangody,2,2011,2012,70,871,102,271,21,87,28,38,60,196,36,21,20,20,97,253,.376,.241,.737,12.4,3.6,2.8,0.5,0.3,0.3,"Jan 2, 1988",Decatur,Illinois ,US,NBA,2010-11
Tim Hardaway*,13,1990,2003,867,30626,5640,13076,1542,4345,2551,3263,544,2855,7095,1428,129,2481,2027,15373,.431,.355,.782,35.3,17.7,3.3,8.2,1.6,0.1,"Sep 1, 1966",Chicago,Illinois ,US,NBA,1989-90
Mike Harper,2,1981,1982,123,1894,240,506,0,4,133,238,155,432,71,78,102,124,302,613,.474,.000,.559,15.4,5.0,3.5,0.6,0.6,0.8,"Dec 9, 1957",Chicago,Illinois ,US,NBA,1980-81
Billy Harris,1,1975,1975,76,1221,264,664,16,73,65,96,58,122,111,55,6,79,166,609,.398,.219,.677,16.1,8.0,1.6,1.5,0.7,0.1,"Nov 12, 1951",Chicago,Illinois ,US,NBA,1974-75
Hersey Hawkins,13,1989,2001,983,32034,4889,10612,1226,3108,3466,3985,825,3554,2860,1622,302,1828,2043,14470,.461,.394,.870,32.6,14.7,3.6,2.9,1.7,0.3,"Sep 29, 1966",Chicago,Illinois ,US,NBA,1988-89
Tom Hawkins,10,1960,1969,764,18465,2761,6171,,,1150,2016,,4607,871,,,,2214,6672,.447,,.570,24.2,8.7,6.0,1.1,,,"Dec 22, 1936",Chicago,Illinois ,US,NBA,1959-60
Nate Hawthorne,3,1974,1976,162,1991,338,803,,,206,312,136,333,108,72,42,,274,882,.421,,.660,12.3,5.4,2.1,0.7,0.4,0.3,"Jan 15, 1950",Mt. Vernon,Illinois ,US,NBA,1973-74
John Hazen,1,1949,1949,6,,6,17,,,6,7,,,3,,,,10,18,.353,,.857,,3.0,,0.5,,,"Mar 2, 1927",Chicago,Illinois ,US,NBA,1948-49
Luther Head,6,2006,2011,348,7797,1025,2426,451,1162,341,441,110,845,747,254,43,437,510,2842,.423,.388,.773,22.4,8.2,2.4,2.1,0.7,0.1,"Nov 26, 1982",Chicago,Illinois ,US,NBA,2005-06
Player,Yrs,0,To,G,MP,FG,FGA,3P,3PA,FT,FTA,ORB,TRB,AST,STL,BLK,TOV,PF,PTS,FG%,3P%,FT%,MP,PTS,TRB,AST,STL,BLK,Date,City,Illinois ,US,NBA,-1-
Don Henriksen,2,1953,1955,138,3927,338,881,,,313,476,,990,240,,,,432,989,.384,,.658,28.5,7.2,7.2,1.7,,,"Oct 10, 1929",,Illinois ,US,NBA,1952-53
Myke Henry,1,2018,2018,20,378,41,109,19,58,6,10,10,38,22,31,6,19,28,107,.376,.328,.600,18.9,5.4,1.9,1.1,1.6,0.3,"Dec 23, 1992",Chicago,Illinois ,US,NBA,2017-18
Dan Hester,1,1971,1971,42,555,97,245,5,12,49,60,83,234,35,,,44,82,248,.396,.417,.817,13.2,5.9,5.6,0.8,,,"Nov 8, 1948",Mount Vernon,Illinois ,US,NBA,1970-71
Phil Hicks,2,1977,1979,57,390,59,132,,,14,18,39,94,32,13,0,13,57,132,.447,,.778,6.8,2.3,1.6,0.6,0.2,0.0,"Jan 31, 1953",Chicago,Illinois ,US,NBA,1976-77
Lew Hitch,6,1952,1957,414,8364,759,2021,,,557,827,,2183,499,,,,685,2075,.376,,.674,20.2,5.0,5.3,1.2,,,"Jul 16, 1929",Griggsville,Illinois ,US,NBA,1951-52
Craig Hodges,10,1983,1992,695,15077,2363,5129,563,1408,651,786,306,937,1769,553,26,815,1368,5940,.461,.400,.828,21.7,8.5,1.3,2.5,0.8,0.0,"Jun 27, 1960",Park Forest,Illinois ,US,NBA,1982-83
Randy Holcomb,1,2006,2006,4,11,1,1,0,0,0,0,1,1,0,0,0,0,2,2,1.000,,,2.8,0.5,0.3,0.0,0.0,0.0,"Aug 8, 1979",Chicago,Illinois ,US,NBA,2005-06
Richaun Holmes,10,2016,2025,477,9144,1673,2768,49,182,657,881,824,2529,458,236,441,399,1183,4052,.604,.269,.746,19.2,8.5,5.3,1.0,0.5,0.9,"Oct 15, 1993",Lockport,Illinois ,US,NBA,2015-16
Jeff Hornacek,14,1987,2000,1077,33964,5929,11957,828,2055,2973,3390,919,3646,5281,1536,226,1971,2364,15659,.496,.403,.877,31.5,14.5,3.4,4.9,1.4,0.2,"May 3, 1963",Elmhurst,Illinois ,US,NBA,1986-87
Ed Horton,1,1990,1990,45,374,80,162,0,4,42,69,59,108,19,9,5,39,63,202,.494,.000,.609,8.3,4.5,2.4,0.4,0.2,0.1,"Dec 17, 1967",Springfield,Illinois ,US,NBA,1989-90
Talen Horton-Tucker,6,2020,2025,288,5687,988,2324,239,794,453,586,140,770,822,231,107,410,527,2668,.425,.301,.773,19.7,9.3,2.7,2.9,0.8,0.4,"Nov 25, 2000",Chicago,Illinois ,US,NBA,2019-20
Jett Howard,2,2024,2025,65,596,84,230,53,170,17,24,20,65,43,11,10,26,52,238,.365,.312,.708,9.2,3.7,1.0,0.7,0.2,0.2,"Sep 14, 2003",Chicago,Illinois ,US,NBA,2023-24
Juwan Howard,19,1995,2013,1208,36654,6543,13950,6,50,3067,4014,2348,7428,2663,818,312,2469,3493,16159,.469,.120,.764,30.3,13.4,6.1,2.2,0.7,0.3,"Feb 7, 1973",Chicago,Illinois ,US,NBA,1994-95
Troy Hudson,11,1998,2008,517,11280,1714,4278,452,1333,757,882,193,877,1748,273,30,818,690,4637,.401,.339,.858,21.8,9.0,1.7,3.4,0.5,0.1,"Mar 13, 1976",Carbondale,Illinois ,US,NBA,1997-98
Alfredrick Hughes,1,1986,1986,68,866,152,372,3,17,49,84,49,113,61,26,5,63,79,356,.409,.176,.583,12.7,5.2,1.7,0.9,0.4,0.1,"Jul 19, 1962",Chicago,Illinois ,US,NBA,1985-86
Kim Hughes,6,1976,1981,425,7881,735,1534,0,0,154,388,910,2367,374,419,502,331,1268,1624,.479,,.397,18.5,3.8,5.6,0.9,1.0,1.2,"Jun 4, 1952",Freeport,Illinois ,US,NBA,1975-76
Steven Hunter,8,2002,2010,400,5993,735,1313,0,1,347,715,482,1264,79,49,422,249,656,1817,.560,.000,.485,15.0,4.5,3.2,0.2,0.1,1.1,"Oct 31, 1981",Chicago,Illinois ,US,NBA,2001-02
Andre Iguodala,19,2005,2023,1231,39507,5028,10870,1081,3278,2831,3994,1118,6047,5147,1765,633,2240,2180,13968,.463,.330,.709,32.1,11.3,4.9,4.2,1.4,0.5,"Jan 28, 1984",Springfield,Illinois ,US,NBA,2004-05
Byron Irvin,3,1990,1993,87,849,165,350,7,20,114,158,56,123,73,44,3,59,77,451,.471,.350,.722,9.8,5.2,1.4,0.8,0.5,0.0,"Dec 2, 1966",LaGrange,Illinois ,US,NBA,1989-90
Dan Issel*,15,1971,1985,1218,41784,10431,20904,29,142,6591,8315,3696,11133,2907,943,532,2490,3504,27482,.499,,.793,34.3,22.6,9.1,2.4,1.0,0.5,"Oct 25, 1948",Batavia,Illinois ,US,NBA,1970-71
Player,Yrs,0,To,G,MP,FG,FGA,3P,3PA,FT,FTA,ORB,TRB,AST,STL,BLK,TOV,PF,PTS,FG%,3P%,FT%,MP,PTS,TRB,AST,STL,BLK,Date,City,Illinois ,US,NBA,-1-
Fred Jacobs,1,1947,1947,18,,19,69,,,12,25,,,5,,,,25,50,.275,,.480,,2.8,,0.3,,,"Dec 2, 1922",Joliet,Illinois ,US,NBA,1946-47
Othyus Jeffers,3,2010,2014,37,442,46,100,1,6,46,69,34,95,22,21,0,21,45,139,.460,.167,.667,11.9,3.8,2.6,0.6,0.6,0.0,"Aug 5, 1985",Chicago,Illinois ,US,NBA,2009-10
Armon Johnson,2,2011,2012,47,401,66,144,6,15,19,28,12,49,56,10,1,44,40,157,.458,.400,.679,8.5,3.3,1.0,1.2,0.2,0.0,"Feb 23, 1989",Chicago,Illinois ,US,NBA,2010-11
Eddie Johnson,17,1982,1999,1199,32604,7727,16361,562,1679,3186,3792,1786,4832,2550,739,180,2076,2962,19202,.472,.335,.840,27.2,16.0,4.0,2.1,0.6,0.2,"May 1, 1959",Chicago,Illinois ,US,NBA,1981-82
Linton Johnson,6,2004,2009,151,2111,239,574,32,105,72,103,159,493,65,84,63,100,271,582,.416,.305,.699,14.0,3.9,3.3,0.4,0.6,0.4,"Jun 13, 1980",Chicago,Illinois ,US,NBA,2003-04
Mickey Johnson,12,1975,1986,904,25005,4733,10544,29,176,3253,4066,2201,6465,2677,1025,632,2050,3101,12748,.449,,.800,27.7,14.1,7.2,3.0,1.1,0.7,"Aug 31, 1952",Chicago,Illinois ,US,NBA,1974-75
Reggie Jordan,6,1994,2000,186,1662,182,420,2,6,134,229,180,343,190,92,31,104,201,500,.433,.333,.585,8.9,2.7,1.8,1.0,0.5,0.2,"Jan 26, 1968",Chicago,Illinois ,US,NBA,1993-94
Johnny Jorgensen,2,1948,1949,51,,45,123,,,25,34,,,33,,,,70,115,.366,,.735,,2.3,,0.6,,,"Dec 28, 1921",Chicago,Illinois ,US,NBA,1947-48
Whitey Kachan,1,1949,1949,52,,38,142,,,36,56,,,37,,,,81,112,.268,,.643,,2.2,,0.7,,,"Sep 15, 1925",Chicago,Illinois ,US,NBA,1948-49
Frank Kaminsky,8,2016,2023,413,8160,1306,3034,428,1226,590,791,300,1579,651,174,146,314,609,3630,.430,.349,.746,19.8,8.8,3.8,1.6,0.4,0.4,"Apr 4, 1993",Lisle,Illinois ,US,NBA,2015-16
Wilbert Kautz,1,1947,1947,50,,107,420,,,39,73,,,37,,,,114,253,.255,,.534,,5.1,,0.7,,,"Sep 7, 1915",Chicago,Illinois ,US,NBA,1946-47
Red Kerr,12,1955,1966,905,27784,4909,11751,,,2662,3682,,10092,2004,,,,2287,12480,.418,,.723,30.7,13.8,11.2,2.2,,,"Jul 17, 1932",Chicago,Illinois ,US,NBA,1954-55
Jack Kerris,4,1950,1953,271,3572,691,1906,,,675,1020,,1286,667,,,,858,2057,.363,,.662,26.5,7.6,6.3,2.5,,,"Jan 30, 1925",Chicago,Illinois ,US,NBA,1949-50
Walt Kirk,3,1949,1952,118,396,265,868,,,377,525,,44,249,,,,329,907,.305,,.718,36.0,7.7,4.0,2.1,,,"Sep 3, 1924",Mount Vernon,Illinois ,US,NBA,1948-49
John Konchar,6,2020,2025,291,5094,482,1031,191,535,107,148,302,1176,417,224,121,147,350,1262,.468,.357,.723,17.5,4.3,4.0,1.4,0.8,0.4,"Mar 22, 1996",Chicago,Illinois ,US,NBA,2019-20
Tom Kondla,1,1969,1969,42,353,58,145,0,1,22,46,45,125,13,,,23,56,138,.400,.000,.478,8.4,3.3,3.0,0.3,,,"Nov 30, 1946",Brookfield,Illinois ,US,NBA,1968-69
Ron Kozlicki,1,1968,1968,37,354,41,121,6,29,21,34,,69,14,,,19,31,109,.339,.207,.618,9.6,2.9,1.9,0.4,,,"Dec 12, 1944",Chicago,Illinois ,US,NBA,1967-68
Steve Kuberski,9,1970,1978,568,7897,1254,3005,,,606,790,315,2146,338,38,28,2,915,3114,.417,,.767,13.9,5.5,3.8,0.6,0.1,0.1,"Nov 6, 1947",Moline,Illinois ,US,NBA,1969-70
C.J. Kupec,3,1976,1978,147,1589,247,579,,,112,145,107,313,108,31,7,24,174,606,.427,,.772,10.8,4.1,2.1,0.7,0.2,0.0,"Jan 26, 1953",Oak Lawn,Illinois ,US,NBA,1975-76
Bob Lackey,2,1973,1974,71,1200,156,362,2,5,99,167,63,164,137,1,0,121,172,413,.431,.400,.593,16.9,5.8,2.3,1.9,0.3,0.0,"Apr 4, 1949",Evanston,Illinois ,US,NBA,1972-73
Player,Yrs,0,To,G,MP,FG,FGA,3P,3PA,FT,FTA,ORB,TRB,AST,STL,BLK,TOV,PF,PTS,FG%,3P%,FT%,MP,PTS,TRB,AST,STL,BLK,Date,City,Illinois ,US,NBA,-1-
Sean Lampley,2,2003,2004,45,550,69,149,0,4,65,94,28,94,33,7,4,28,45,203,.463,.000,.691,12.2,4.5,2.1,0.7,0.2,0.1,"Sep 3, 1979",Harvey,Illinois ,US,NBA,2002-03
Dan Langhi,4,2001,2004,133,1253,172,440,11,38,38,62,54,199,39,30,12,35,106,393,.391,.289,.613,9.4,3.0,1.5,0.3,0.2,0.1,"Nov 28, 1977",Chicago,Illinois ,US,NBA,2000-01
Priest Lauderdale,2,1997,1998,74,525,102,216,0,1,51,92,43,143,33,8,26,83,102,255,.472,.000,.554,7.1,3.4,1.9,0.4,0.1,0.4,"Aug 31, 1973",Chicago,Illinois ,US,NBA,1996-97
Bob Lavoy,4,1951,1954,264,5433,821,2139,,,514,727,,1634,391,,,,889,2156,.384,,.707,27.0,8.2,6.2,1.5,,,"Jun 29, 1926",Aurora,Illinois ,US,NBA,1950-51
Vic Law,1,2020,2020,8,62,6,18,1,7,2,6,2,11,3,2,0,2,6,15,.333,.143,.333,7.8,1.9,1.4,0.4,0.3,0.0,"Dec 19, 1995",South Holland,Illinois ,US,NBA,2019-20
Doug Lee,3,1992,1995,73,415,61,148,18,58,28,40,17,42,32,17,5,20,64,168,.412,.310,.700,5.7,2.3,0.6,0.4,0.2,0.1,"Oct 24, 1964",Washington,Illinois ,US,NBA,1991-92
Walt Lemon Jr.,2,2018,2019,11,202,45,103,3,6,10,14,4,29,35,11,2,14,19,103,.437,.500,.714,18.4,9.4,2.6,3.2,1.0,0.2,"Jul 26, 1992",Chicago,Illinois ,US,NBA,2017-18
Gary Leonard,3,1990,1992,31,149,17,37,0,1,10,20,13,34,2,4,10,9,31,44,.459,.000,.500,4.8,1.4,1.1,0.1,0.1,0.3,"Feb 16, 1967",Belleville,Illinois ,US,NBA,1989-90
Meyers Leonard,10,2013,2023,456,7272,972,2016,334,856,267,329,333,1771,396,85,127,315,981,2545,.482,.390,.812,15.9,5.6,3.9,0.9,0.2,0.3,"Feb 27, 1992",Robinson,Illinois ,US,NBA,2012-13
Jim Les,7,1989,1995,321,4222,372,938,196,495,270,330,86,396,930,169,20,295,421,1210,.397,.396,.818,13.2,3.8,1.2,2.9,0.5,0.1,"Aug 18, 1963",Niles,Illinois ,US,NBA,1988-89
Marcus Liberty,4,1991,1994,267,4568,783,1877,66,194,310,467,418,925,244,189,73,264,495,1942,.417,.340,.664,17.1,7.3,3.5,0.9,0.7,0.3,"Oct 27, 1968",Chicago,Illinois ,US,NBA,1990-91
E.J. Liddell,2,2024,2025,14,54,6,14,3,11,4,4,1,10,4,3,3,4,10,19,.429,.273,1.000,3.9,1.4,0.7,0.3,0.2,0.2,"Dec 18, 2000",Belleville,Illinois ,US,NBA,2023-24
DeAndre Liggins,5,2012,2018,177,1907,129,321,43,122,45,82,47,252,122,108,31,86,201,346,.402,.352,.549,10.8,2.0,1.4,0.7,0.6,0.2,"Mar 31, 1988",Chicago,Illinois ,US,NBA,2011-12
Shaun Livingston,14,2005,2019,833,17188,2149,4419,13,73,920,1159,491,1989,2483,586,311,1034,1498,5231,.486,.178,.794,20.6,6.3,2.4,3.0,0.7,0.4,"Sep 11, 1985",Peoria,Illinois ,US,NBA,2004-05
Scott Lloyd,6,1977,1983,372,5638,647,1521,2,7,398,554,422,1114,356,100,73,304,823,1694,.425,,.718,15.2,4.6,3.0,1.0,0.3,0.2,"Dec 19, 1952",Chicago,Illinois ,US,NBA,1976-77
Lonnie Lynn,1,1970,1970,52,779,112,275,0,3,36,74,83,258,43,,,68,120,260,.407,.000,.486,15.0,5.0,5.0,0.8,,,"May 24, 1943",Chicago,Illinois ,US,NBA,1969-70
Sam Mack,7,1993,2002,259,5028,713,1781,329,879,256,308,109,533,336,164,37,220,459,2011,.400,.374,.831,19.4,7.8,2.1,1.3,0.6,0.1,"May 26, 1970",Chicago,Illinois ,US,NBA,1992-93
Corey Maggette,14,2000,2013,827,23358,4065,8969,463,1431,4605,5599,915,4022,1696,590,139,1874,2338,13198,.453,.324,.822,28.2,16.0,4.9,2.1,0.7,0.2,"Nov 12, 1979",Melrose Park,Illinois ,US,NBA,1999-00
Renaldo Major,1,2007,2007,1,27,2,10,0,0,1,2,0,2,0,2,0,1,4,5,.200,,.500,27.0,5.0,2.0,0.0,2.0,0.0,"May 7, 1982",Chicago,Illinois ,US,NBA,2006-07
Shawn Marion,16,2000,2015,1163,40097,7289,15056,791,2390,2331,2877,2732,10101,2198,1759,1233,1750,2535,17700,.484,.331,.810,34.5,15.2,8.7,1.9,1.5,1.1,"May 7, 1978",Waukegan,Illinois ,US,NBA,1999-00
Player,Yrs,0,To,G,MP,FG,FGA,3P,3PA,FT,FTA,ORB,TRB,AST,STL,BLK,TOV,PF,PTS,FG%,3P%,FT%,MP,PTS,TRB,AST,STL,BLK,Date,City,Illinois ,US,NBA,-1-
LaRue Martin,4,1973,1976,271,3795,591,1422,,,248,362,278,1258,203,46,98,,617,1430,.416,,.685,14.0,5.3,4.6,0.7,0.2,0.5,"Mar 30, 1950",Chicago,Illinois ,US,NBA,1972-73
Marlon Maxey,2,1993,1994,98,1146,182,336,0,3,115,168,141,363,22,27,51,78,188,479,.542,.000,.685,11.7,4.9,3.7,0.2,0.3,0.5,"Feb 19, 1969",Chicago,Illinois ,US,NBA,1992-93
Jason Maxiell,10,2006,2015,618,11379,1398,2823,0,5,685,1214,1048,2576,266,230,490,487,1197,3481,.495,.000,.564,18.4,5.6,4.2,0.4,0.4,0.8,"Feb 18, 1983",Chicago,Illinois ,US,NBA,2005-06
Sean May,4,2006,2010,119,1868,324,708,3,13,170,228,155,481,115,53,47,134,236,821,.458,.231,.746,15.7,6.9,4.0,1.0,0.4,0.4,"Apr 4, 1984",Chicago,Illinois ,US,NBA,2005-06
Ken Mayfield,1,1976,1976,13,64,17,46,,,3,3,1,8,4,0,0,,18,37,.370,,1.000,4.9,2.8,0.6,0.3,0.0,0.0,"May 11, 1948",Chicago,Illinois ,US,NBA,1975-76
Ken McBride,1,1955,1955,12,249,48,147,,,21,29,,31,14,,,,31,117,.327,,.724,20.8,9.8,2.6,1.2,,,"May 23, 1929",Centralia,Illinois ,US,NBA,1954-55
Mel McCants,1,1990,1990,13,65,8,26,0,0,6,8,1,6,2,3,1,1,11,22,.308,,.750,5.0,1.7,0.5,0.2,0.2,0.1,"Aug 19, 1967",Chicago,Illinois ,US,NBA,1989-90
Kelly McCarty,1,1999,1999,2,4,2,3,0,0,0,0,2,3,0,0,0,2,0,4,.667,,,2.0,2.0,1.5,0.0,0.0,0.0,"Aug 24, 1975",Chicago,Illinois ,US,NBA,1998-99
Amal McCaskill,4,1997,2004,114,968,81,215,0,3,42,69,75,213,36,24,36,52,132,204,.377,.000,.609,8.5,1.8,1.9,0.3,0.2,0.3,"Oct 28, 1973",Maywood,Illinois ,US,NBA,1996-97
Glenn McDonald,3,1975,1977,146,1493,269,672,,,71,97,84,215,99,51,25,,192,609,.400,,.732,10.2,4.2,1.5,0.7,0.3,0.2,"Mar 18, 1952",Kewanee,Illinois ,US,NBA,1974-75
Billy McKinney,7,1979,1986,476,9189,1554,3154,3,48,712,868,134,677,1661,353,40,637,860,3823,.493,,.820,19.3,8.0,1.4,3.5,0.7,0.1,"Jun 5, 1955",Waukegan,Illinois ,US,NBA,1978-79
Alfonzo McKinnie,5,2018,2022,182,2113,287,615,84,258,63,108,154,454,57,51,27,71,266,721,.467,.326,.583,11.6,4.0,2.5,0.3,0.3,0.1,"Sep 17, 1992",Chicago,Illinois ,US,NBA,2017-18
Jerel McNeal,1,2015,2015,6,36,3,11,1,2,2,2,0,3,2,3,1,5,5,9,.273,.500,1.000,6.0,1.5,0.5,0.3,0.5,0.2,"Jun 1, 1987",Chicago,Illinois ,US,NBA,2014-15
Paul McPherson,1,2001,2001,55,595,109,216,2,12,42,58,40,79,38,25,4,47,80,262,.505,.167,.724,10.8,4.8,1.4,0.7,0.5,0.1,"Jul 3, 1978",Chicago,Illinois ,US,NBA,2000-01
Scott Meents,2,1990,1991,39,201,26,72,1,1,19,27,10,40,15,11,7,15,17,72,.361,1.000,.704,5.2,1.8,1.0,0.4,0.3,0.2,"Jan 4, 1964",Kankakee,Illinois ,US,NBA,1989-90
Ken Menke,1,1950,1950,6,,6,17,,,3,8,,,7,,,,7,15,.353,,.375,,2.5,,1.2,,,"Oct 2, 1922",East Dundee,Illinois ,US,NBA,1949-50
Ed Mikan,6,1949,1954,323,2779,799,2493,,,565,747,,1093,296,,,,919,2163,.320,,.756,20.3,6.7,5.5,0.9,,,"Oct 20, 1925",Joliet,Illinois ,US,NBA,1948-49
George Mikan*,7,1949,1956,439,8350,3544,8783,,,3068,3924,,4167,1245,,,,1862,10156,.404,,.782,34.4,23.1,13.4,2.8,,,"Jun 18, 1924",Joliet,Illinois ,US,NBA,1948-49
Al Miksis,1,1950,1950,8,,5,21,,,17,21,,,4,,,,22,27,.238,,.810,,3.4,,0.5,,,"Feb 2, 1928",Chicago,Illinois ,US,NBA,1949-50
Darius Miles,7,2001,2009,446,11730,1874,3973,22,131,737,1250,575,2190,840,384,495,892,1023,4507,.472,.168,.590,26.3,10.1,4.9,1.9,0.9,1.1,"Oct 9, 1981",Belleville,Illinois ,US,NBA,2000-01
Player,Yrs,0,To,G,MP,FG,FGA,3P,3PA,FT,FTA,ORB,TRB,AST,STL,BLK,TOV,PF,PTS,FG%,3P%,FT%,MP,PTS,TRB,AST,STL,BLK,Date,City,Illinois ,US,NBA,-1-
Quincy Miller,3,2013,2015,69,934,107,306,33,113,48,68,41,169,37,30,37,54,82,295,.350,.292,.706,13.5,4.3,2.4,0.5,0.4,0.5,"Nov 18, 1992",Chicago,Illinois ,US,NBA,2012-13
Nazr Mohammed,18,1999,2016,1005,15891,2402,4939,0,8,1023,1599,1808,4708,375,432,639,919,2156,5827,.486,.000,.640,15.8,5.8,4.7,0.4,0.4,0.6,"Sep 5, 1977",Chicago,Illinois ,US,NBA,1998-99
Wayne Molis,2,1967,1968,59,610,115,276,2,3,48,74,,192,41,,,26,58,280,.417,,.649,10.3,4.7,3.3,0.7,,,"Apr 17, 1943",Chicago,Illinois ,US,NBA,1966-67
Matt Mooney,2,2020,2022,5,21,1,5,0,3,0,0,0,3,1,3,1,1,1,2,.200,.000,,4.2,0.4,0.6,0.2,0.6,0.2,"Feb 7, 1996",Mundelein,Illinois ,US,NBA,2019-20
Andre Moore,1,1988,1988,10,50,9,27,0,0,6,8,6,14,6,2,1,4,6,24,.333,,.750,5.0,2.4,1.4,0.6,0.2,0.1,"Jul 2, 1964",Chicago,Illinois ,US,NBA,1987-88
Ben Moore,1,2018,2018,2,9,0,0,0,0,0,0,0,1,1,0,0,0,4,0,,,,4.5,0.0,0.5,0.5,0.0,0.0,"May 13, 1995",Bolingbrook,Illinois ,US,NBA,2017-18
Rex Morgan,2,1971,1972,62,416,57,152,,,58,85,,91,39,,,,92,172,.375,,.682,6.7,2.8,1.5,0.6,,,"Oct 27, 1948",Charleston,Illinois ,US,NBA,1970-71
Max Morris,1,1950,1950,62,,252,694,,,277,415,,,194,,,,172,781,.363,,.667,,12.6,,3.1,,,"Mar 14, 1925",Norris City,Illinois ,US,NBA,1949-50
George Munroe,2,1947,1948,80,,191,714,,,103,159,,,20,,,,111,485,.268,,.648,,6.1,,0.3,,,"Jan 5, 1922",Joliet,Illinois ,US,NBA,1946-47
Jerry Nagel,1,1950,1950,14,,6,28,,,1,4,,,18,,,,11,13,.214,,.250,,0.9,,1.3,,,"May 18, 1928",Chicago,Illinois ,US,NBA,1949-50
Howard Nathan,1,1996,1996,5,15,5,9,0,1,3,4,0,0,2,3,0,8,2,13,.556,.000,.750,3.0,2.6,0.0,0.4,0.6,0.0,"Jan 21, 1972",Peoria,Illinois ,US,NBA,1995-96
Tyrone Nesby,4,1999,2002,255,6659,918,2271,191,604,404,523,295,941,370,264,93,269,667,2431,.404,.316,.772,26.1,9.5,3.7,1.5,1.0,0.4,"Jan 31, 1976",Cairo,Illinois ,US,NBA,1998-99
Carl Nicks,3,1981,1983,156,2579,450,973,0,10,167,293,112,297,249,132,7,228,342,1067,.462,.000,.570,16.5,6.8,1.9,1.6,0.8,0.0,"Oct 6, 1958",Chicago,Illinois ,US,NBA,1980-81
Richie Niemiera,2,1949,1950,115,,225,681,,,236,304,,,212,,,,192,686,.330,,.776,,6.0,,1.8,,,"May 26, 1921",Chicago,Illinois ,US,NBA,1948-49
Ken Norman,10,1988,1997,646,18992,3737,7695,231,741,1012,1786,1352,3949,1355,517,431,1173,1483,8717,.486,.312,.567,29.4,13.5,6.1,2.1,0.8,0.7,"Sep 5, 1964",Chicago,Illinois ,US,NBA,1987-88
Zach Norvell,1,2020,2020,5,41,3,12,3,8,1,1,0,6,3,2,0,3,4,10,.250,.375,1.000,8.2,2.0,1.2,0.6,0.4,0.0,"Dec 9, 1997",Chicago,Illinois ,US,NBA,2019-20
Mike Novak,3,1949,1954,125,24,161,519,,,98,173,,2,175,,,,336,420,.310,,.566,4.8,3.4,0.4,1.4,,,"Apr 23, 1915",Chicago,Illinois ,US,NBA,1948-49
Steve Novak,11,2007,2017,467,5657,751,1717,575,1337,100,114,68,591,132,91,38,81,371,2177,.437,.430,.877,12.1,4.7,1.3,0.3,0.2,0.1,"Jun 13, 1983",Libertyville,Illinois ,US,NBA,2006-07
Kendrick Nunn,3,2020,2023,193,4576,911,2022,338,934,176,201,57,468,458,136,36,260,326,2336,.451,.362,.876,23.7,12.1,2.4,2.4,0.7,0.2,"Aug 3, 1995",Chicago,Illinois ,US,NBA,2019-20
Don Ohl,10,1961,1970,727,22413,4685,10806,,,2179,2975,,2163,2243,,,,2014,11549,.434,,.732,30.8,15.9,3.0,3.1,,,"Apr 18, 1936",Murphysboro,Illinois ,US,NBA,1960-61
Player,Yrs,0,To,G,MP,FG,FGA,3P,3PA,FT,FTA,ORB,TRB,AST,STL,BLK,TOV,PF,PTS,FG%,3P%,FT%,MP,PTS,TRB,AST,STL,BLK,Date,City,Illinois ,US,NBA,-1-
Jahlil Okafor,7,2016,2025,248,4830,1092,2016,6,27,376,556,377,1170,226,73,195,347,515,2566,.542,.222,.676,19.5,10.3,4.7,0.9,0.3,0.8,"Dec 15, 1995",Chicago,Illinois ,US,NBA,2015-16
Jawann Oldham,10,1981,1991,329,5241,608,1269,0,3,239,394,431,1353,162,97,546,362,820,1455,.479,.000,.607,15.9,4.4,4.1,0.5,0.3,1.7,"Jul 4, 1957",Chicago,Illinois ,US,NBA,1980-81
Brian Oliver,4,1991,1998,118,1182,155,400,5,22,74,105,31,123,114,45,6,78,121,389,.388,.227,.705,10.0,3.3,1.0,1.0,0.4,0.1,"Jun 1, 1968",Chicago,Illinois ,US,NBA,1990-91
Dean Oliver,2,2002,2003,35,232,24,75,3,19,13,17,8,24,44,10,0,21,25,64,.320,.158,.765,6.6,1.8,0.7,1.3,0.3,0.0,"Nov 5, 1978",Quincy,Illinois ,US,NBA,2001-02
Wally Osterkorn,4,1952,1955,204,5187,453,1358,,,530,896,,1218,346,,,,596,1436,.334,,.592,25.4,7.0,6.0,1.7,,,"Jul 6, 1928",Chicago,Illinois ,US,NBA,1951-52
Jannero Pargo,11,2003,2015,499,7449,1228,3140,400,1124,319,369,112,701,986,250,28,560,648,3175,.391,.356,.864,14.9,6.4,1.4,2.0,0.5,0.1,"Oct 22, 1979",Chicago,Illinois ,US,NBA,2002-03
Jeremy Pargo,3,2012,2020,86,1123,160,422,38,119,58,90,21,89,155,29,2,100,100,416,.379,.319,.644,13.1,4.8,1.0,1.8,0.3,0.0,"Mar 17, 1986",Chicago,Illinois ,US,NBA,2011-12
Anthony Parker,9,1998,2012,494,13752,1661,3744,596,1474,560,705,241,1574,1129,439,85,495,792,4478,.444,.404,.794,27.8,9.1,3.2,2.3,0.9,0.2,"Jun 19, 1975",Naperville,Illinois ,US,NBA,1997-98
Jabari Parker,8,2015,2022,310,8535,1767,3579,212,651,634,853,449,1703,610,271,118,534,627,4380,.494,.326,.743,27.5,14.1,5.5,2.0,0.9,0.4,"Mar 15, 1995",Chicago,Illinois ,US,NBA,2014-15
Sonny Parker,6,1977,1982,452,10916,1862,3715,0,2,747,989,756,1841,954,611,151,619,858,4471,.501,,.755,24.2,9.9,4.1,2.1,1.4,0.3,"Mar 22, 1955",Chicago,Illinois ,US,NBA,1976-77
Stan Patrick,1,1950,1950,53,,116,294,,,89,147,,,74,,,,76,321,.395,,.605,,6.1,,1.4,,,"May 5, 1922",Chicago,Illinois ,US,NBA,1949-50
Brandon Paul,1,2018,2018,64,576,55,127,15,54,22,43,6,68,37,25,7,29,58,147,.433,.278,.512,9.0,2.3,1.1,0.6,0.4,0.1,"Apr 30, 1991",Gurnee,Illinois ,US,NBA,2017-18
Alec Peters,1,2018,2018,20,225,28,74,18,58,8,10,8,37,12,2,2,4,13,82,.378,.310,.800,11.3,4.1,1.9,0.6,0.1,0.1,"Apr 13, 1995",Washington,Illinois ,US,NBA,2017-18
Drew Peterson,2,2024,2025,17,150,16,31,11,24,6,7,5,28,12,4,2,6,13,49,.516,.458,.857,8.8,2.9,1.6,0.7,0.2,0.1,"Nov 9, 1999",Libertyville,Illinois ,US,NBA,2023-24
Roger Phegley,6,1979,1984,345,5803,1216,2585,22,87,557,668,272,702,486,171,40,422,696,3011,.470,,.834,16.8,8.7,2.0,1.4,0.5,0.1,"Oct 16, 1956",East Peoria,Illinois ,US,NBA,1978-79
Jack Phelan,1,1950,1950,55,,87,268,,,52,90,,,57,,,,151,226,.325,,.578,,4.1,,1.0,,,"Nov 6, 1925",Chicago,Illinois ,US,NBA,1949-50
Andy Phillip*,11,1948,1958,701,15378,2323,6318,,,1738,2499,,2395,3759,,,,1925,6384,.368,,.695,32.2,9.1,4.4,5.4,,,"Mar 7, 1922",Granite City,Illinois ,US,NBA,1947-48
Gary Phillips,5,1962,1966,348,6932,926,2500,,,467,742,,903,665,,,,820,2319,.370,,.629,19.9,6.7,2.6,1.9,,,"Dec 7, 1939",Quincy,Illinois ,US,NBA,1961-62
Kevin Porter,10,1973,1983,659,19107,3194,6617,3,16,1254,1701,353,1179,5314,830,72,1133,2251,7645,.483,,.737,29.0,11.6,1.8,8.1,1.4,0.1,"Apr 17, 1950",Chicago,Illinois ,US,NBA,1972-73
Roger Powell,1,2007,2007,3,13,0,3,0,1,2,2,3,3,0,0,0,3,2,2,.000,.000,1.000,4.3,0.7,1.0,0.0,0.0,0.0,"Jan 15, 1983",Joliet,Illinois ,US,NBA,2006-07
Player,Yrs,0,To,G,MP,FG,FGA,3P,3PA,FT,FTA,ORB,TRB,AST,STL,BLK,TOV,PF,PTS,FG%,3P%,FT%,MP,PTS,TRB,AST,STL,BLK,Date,City,Illinois ,US,NBA,-1-
Mal Pradd,2,1968,1969,79,448,108,246,3,13,113,146,34,76,26,,,52,82,332,.439,.231,.774,5.7,4.2,1.0,0.3,,,"Nov 17, 1944",Chicago,Illinois ,US,NBA,1967-68
Jacob Pullen,1,2018,2018,3,6,1,2,0,1,0,0,0,0,0,0,0,1,0,2,.500,.000,,2.0,0.7,0.0,0.0,0.0,0.0,"Nov 10, 1989",Maywood,Illinois ,US,NBA,2017-18
Ray Ramsey,1,1949,1949,2,,0,1,,,2,2,,,0,,,,0,2,.000,,1.000,,1.0,,0.0,,,"Jul 18, 1921",Springfield,Illinois ,US,NBA,1948-49
Chasson Randle,4,2017,2021,119,1919,223,556,106,294,127,159,23,172,210,58,10,108,197,679,.401,.361,.799,16.1,5.7,1.4,1.8,0.5,0.1,"Feb 5, 1993",Rock Island,Illinois ,US,NBA,2016-17
George Ratkovicz,6,1950,1955,343,5863,999,2687,,,1143,1698,,1937,791,,,,1249,3141,.372,,.673,27.3,9.2,6.9,2.3,,,"Nov 13, 1922",Chicago,Illinois ,US,NBA,1949-50
Antonio Reeves,1,2025,2025,26,261,40,99,16,52,7,8,9,28,19,9,1,9,11,103,.404,.308,.875,10.0,4.0,1.1,0.7,0.3,0.0,"Nov 20, 2000",Chicago,Illinois ,US,NBA,2024-25
Don Rehfeldt,2,1951,1952,98,788,263,711,,,166,219,,494,118,,,,248,692,.370,,.758,20.2,7.1,5.0,1.2,,,"Jan 7, 1927",Chicago,Illinois ,US,NBA,1950-51
John Rennicke,1,1952,1952,6,54,4,18,,,3,9,,9,1,,,,7,11,.222,,.333,9.0,1.8,1.5,0.2,,,"Aug 11, 1929",Aurora,Illinois ,US,NBA,1951-52
Kendall Rhine,2,1968,1969,125,2668,305,787,0,2,176,321,307,1039,181,,,155,441,786,.388,.000,.548,21.3,6.3,8.3,1.4,,,"Feb 13, 1943",Eldorado,Illinois ,US,NBA,1967-68
Quentin Richardson,13,2001,2013,783,20785,2923,7360,1167,3288,1019,1420,933,3666,1138,607,148,868,1529,8032,.397,.355,.718,26.5,10.3,4.7,1.5,0.8,0.2,"Apr 13, 1980",Chicago,Illinois ,US,NBA,2000-01
Doc Rivers,13,1984,1996,864,23567,3295,7416,361,1101,2426,3093,634,2625,4889,1563,351,1651,2660,9377,.444,.328,.784,27.3,10.9,3.0,5.7,1.8,0.4,"Oct 13, 1961",Chicago,Illinois ,US,NBA,1983-84
Flynn Robinson,8,1967,1974,543,12348,2960,6487,8,30,1649,1949,28,1372,1628,23,2,50,1339,7577,.456,,.846,22.7,14.0,2.5,3.0,0.5,0.0,"Apr 28, 1941",Elgin,Illinois ,US,NBA,1966-67
Bill Robinzine,7,1976,1982,529,11432,2185,4533,2,8,1169,1561,1091,3209,560,563,84,769,1963,5541,.482,,.749,21.6,10.5,6.1,1.1,1.1,0.2,"Jan 20, 1953",Chicago,Illinois ,US,NBA,1975-76
Isaiah Roby,4,2020,2023,151,2858,440,908,94,268,185,274,185,667,216,106,78,188,325,1159,.485,.351,.675,18.9,7.7,4.4,1.4,0.7,0.5,"Feb 3, 1998",Dixon,Illinois ,US,NBA,2019-20
Derrick Rose,15,2009,2024,723,22054,4921,10798,590,1866,2141,2575,553,2324,3770,536,242,1746,887,12573,.456,.316,.831,30.5,17.4,3.2,5.2,0.7,0.3,"Oct 4, 1988",Chicago,Illinois ,US,NBA,2008-09
Mickey Rottner,2,1947,1948,100,,243,839,,,54,113,,,139,,,,158,540,.290,,.478,,5.4,,1.4,,,"Mar 23, 1919",Chicago,Illinois ,US,NBA,1946-47
Joe Ruklick,3,1960,1962,114,909,176,481,,,46,75,,286,48,,,,164,398,.366,,.613,8.0,3.5,2.5,0.4,,,"Aug 3, 1938",Princeton,Illinois ,US,NBA,1959-60
Cazzie Russell,12,1967,1978,817,22213,5172,11154,,,2033,2459,343,3068,1838,239,33,35,1693,12377,.464,,.827,27.2,15.1,3.8,2.2,0.8,0.1,"Jun 7, 1944",Chicago,Illinois ,US,NBA,1966-67
Russ Schoene,4,1983,1989,290,3548,621,1428,62,185,187,249,284,735,175,121,71,228,573,1491,.435,.335,.751,12.2,5.1,2.5,0.6,0.4,0.2,"Apr 16, 1960",Trenton,Illinois ,US,NBA,1982-83
Lee Shaffer,3,1962,1964,196,5488,1328,3160,,,635,818,,1240,232,,,,631,3291,.420,,.776,28.0,16.8,6.3,1.2,,,"Feb 23, 1939",Chicago,Illinois ,US,NBA,1961-62
Player,Yrs,0,To,G,MP,FG,FGA,3P,3PA,FT,FTA,ORB,TRB,AST,STL,BLK,TOV,PF,PTS,FG%,3P%,FT%,MP,PTS,TRB,AST,STL,BLK,Date,City,Illinois ,US,NBA,-1-
Terrence Shannon Jr.,1,2025,2025,18,167,26,57,4,17,7,9,5,19,19,5,2,8,9,63,.456,.235,.778,9.3,3.5,1.1,1.1,0.3,0.1,"Jul 30, 2000",Chicago,Illinois ,US,NBA,2024-25
Iman Shumpert,10,2012,2021,461,11470,1225,3130,489,1450,381,499,324,1534,845,514,120,530,1058,3320,.391,.337,.764,24.9,7.2,3.3,1.8,1.1,0.3,"Jun 26, 1990",Oak Park,Illinois ,US,NBA,2011-12
Jack Sikma*,14,1978,1991,1107,36943,6396,13792,203,618,4292,5053,2542,10816,3488,1162,1048,2586,3879,17287,.464,,.849,33.4,15.6,9.8,3.2,1.0,0.9,"Nov 14, 1955",Kankakee,Illinois ,US,NBA,1977-78
Bobby Simmons,10,2002,2012,466,11513,1551,3552,378,955,709,862,559,1791,710,396,83,522,1153,4189,.437,.396,.823,24.7,9.0,3.8,1.5,0.8,0.2,"Jun 2, 1980",Chicago,Illinois ,US,NBA,2001-02
James Singleton,5,2006,2012,243,3252,362,783,35,120,195,234,321,910,109,97,117,140,390,954,.462,.292,.833,13.4,3.9,3.7,0.4,0.4,0.5,"Jul 20, 1981",Chicago,Illinois ,US,NBA,2005-06
Jeff Slade,1,1963,1963,3,20,2,5,,,0,1,,7,0,,,,3,4,.400,,.000,6.7,1.3,2.3,0.0,,,"Mar 1, 1941",Chicago Heights,Illinois ,US,NBA,1962-63
Jerry Sloan*,11,1966,1976,755,25750,4116,9646,,,2339,3239,367,5615,1925,381,32,,2700,10571,.427,,.722,34.1,14.0,7.4,2.5,2.2,0.2,"Mar 28, 1942",McLeansboro,Illinois ,US,NBA,1965-66
Jack Smiley,2,1949,1950,118,,239,935,,,248,365,,,299,,,,395,726,.256,,.679,,6.2,,2.5,,,"Dec 22, 1922",Sandwich,Illinois ,US,NBA,1948-49
Al Smith,5,1972,1976,337,8971,1185,2908,111,380,817,1057,261,865,1793,169,12,927,1071,3298,.407,.292,.773,26.6,9.8,2.6,5.3,1.0,0.1,"Jan 15, 1947",Peoria,Illinois ,US,NBA,1971-72
Leon Smith,2,2002,2004,15,104,11,28,0,0,11,17,11,33,3,5,1,3,13,33,.393,,.647,6.9,2.2,2.2,0.2,0.3,0.1,"Nov 2, 1980",Chicago,Illinois ,US,NBA,2001-02
Ron Sobie,4,1957,1960,192,3868,564,1489,,,491,608,,791,353,,,,421,1619,.379,,.808,20.1,8.4,4.1,1.8,,,"Sep 21, 1934",Chicago,Illinois ,US,NBA,1956-57
Everette Stephens,2,1989,1991,38,215,25,75,2,10,19,24,11,23,39,9,4,29,22,71,.333,.200,.792,5.7,1.9,0.6,1.0,0.2,0.1,"Oct 21, 1966",Evanston,Illinois ,US,NBA,1988-89
Awvee Storey,3,2005,2008,60,407,58,140,4,16,23,45,43,81,21,10,2,15,66,143,.414,.250,.511,6.8,2.4,1.4,0.4,0.2,0.0,"Apr 18, 1977",Chicago,Illinois ,US,NBA,2004-05
Max Strus,6,2020,2025,287,7309,1048,2476,656,1797,225,277,169,961,659,162,69,275,554,2977,.423,.365,.812,25.5,10.4,3.3,2.3,0.6,0.2,"Mar 28, 1996",Hickory Hills,Illinois ,US,NBA,2019-20
Gene Stump,3,1948,1950,148,,315,1040,,,153,221,,,118,,,,227,783,.303,,.692,,5.3,,0.8,,,"Aug 9, 1925",Blue Island,Illinois ,US,NBA,1947-48
Barry Sumpter,1,1989,1989,1,1,0,1,0,0,0,0,0,0,0,0,0,0,0,0,.000,,,1.0,0.0,0.0,0.0,0.0,0.0,"Nov 11, 1965",Brooklyn,Illinois ,US,NBA,1988-89
Don Sunderlage,2,1954,1955,113,2636,287,881,,,300,410,,281,224,,,,320,874,.326,,.732,23.3,7.7,2.5,2.0,,,"Dec 20, 1929",Roselle,Illinois ,US,NBA,1953-54
Norm Swanson,1,1954,1954,63,611,31,137,,,38,64,,110,33,,,,91,100,.226,,.594,9.7,1.6,1.7,0.5,,,"Oct 4, 1930",Chicago,Illinois ,US,NBA,1953-54
Keifer Sykes,1,2022,2022,32,566,69,190,27,90,15,17,8,45,62,12,4,33,51,180,.363,.300,.882,17.7,5.6,1.4,1.9,0.4,0.1,"Dec 30, 1993",Chicago,Illinois ,US,NBA,2021-22
Jay Taylor,1,1990,1990,17,114,21,52,3,13,6,9,5,11,5,5,3,10,9,51,.404,.231,.667,6.7,3.0,0.6,0.3,0.3,0.2,"Oct 3, 1967",Aurora,Illinois ,US,NBA,1989-90
Player,Yrs,0,To,G,MP,FG,FGA,3P,3PA,FT,FTA,ORB,TRB,AST,STL,BLK,TOV,PF,PTS,FG%,3P%,FT%,MP,PTS,TRB,AST,STL,BLK,Date,City,Illinois ,US,NBA,-1-
Mike Taylor,1,2009,2009,51,771,110,267,13,40,56,81,22,87,106,36,0,73,84,289,.412,.325,.691,15.1,5.7,1.7,2.1,0.7,0.0,"Jan 21, 1986",Chicago,Illinois ,US,NBA,2008-09
Brodric Thomas,2,2021,2022,44,459,47,126,18,68,34,51,10,63,41,16,11,28,47,146,.373,.265,.667,10.4,3.3,1.4,0.9,0.4,0.3,"Jan 28, 1997",Bolingbrook,Illinois ,US,NBA,2020-21
Isiah Thomas*,13,1982,1994,979,35516,7194,15904,398,1373,4036,5316,951,3478,9061,1861,249,3682,2971,18822,.452,.290,.759,36.3,19.2,3.6,9.3,1.9,0.3,"Apr 30, 1961",Chicago,Illinois ,US,NBA,1981-82
Matt Thomas,3,2020,2022,126,1225,178,411,109,270,37,46,19,155,61,22,4,38,74,502,.433,.404,.804,9.7,4.0,1.2,0.5,0.2,0.0,"Aug 4, 1994",Decatur,Illinois ,US,NBA,2019-20
Skip Thoren,3,1968,1970,170,4868,902,1939,0,5,435,711,500,1875,329,,,348,560,2239,.465,.000,.612,28.6,13.2,11.0,1.9,,,"Apr 5, 1943",Rockford,Illinois ,US,NBA,1967-68
Mike Todorovich,2,1950,1951,131,,484,1567,,,477,671,,455,386,,,,427,1445,.309,,.711,,11.0,6.9,2.9,,,"Jun 11, 1923",Zeigler,Illinois ,US,NBA,1949-50
Andy Toolson,2,1991,1996,60,523,58,146,15,44,28,37,32,73,32,14,2,26,70,159,.397,.341,.757,8.7,2.7,1.2,0.5,0.2,0.0,"Jan 19, 1966",Chicago,Illinois ,US,NBA,1990-91
Dick Triptow,2,1949,1950,59,,116,422,,,104,143,,,97,,,,112,336,.275,,.727,,5.7,,1.6,,,"Nov 3, 1922",Chicago,Illinois ,US,NBA,1948-49
Alando Tucker,3,2008,2010,51,426,77,182,10,34,47,60,29,49,16,5,2,19,22,211,.423,.294,.783,8.4,4.1,1.0,0.3,0.1,0.0,"Feb 11, 1984",Lockport,Illinois ,US,NBA,2007-08
Evan Turner,10,2011,2020,705,18938,2748,6331,270,917,1058,1353,388,3278,2462,532,184,1267,1380,6824,.434,.294,.782,26.9,9.7,4.6,3.5,0.8,0.3,"Oct 27, 1988",Chicago,Illinois ,US,NBA,2010-11
Kelvin Upshaw,3,1989,1991,120,1518,267,589,14,59,101,127,39,145,257,81,9,121,210,649,.453,.237,.795,12.7,5.4,1.2,2.1,0.7,0.1,"Jan 24, 1963",Chicago,Illinois ,US,NBA,1988-89
Darnell Valentine,9,1982,1991,620,14395,1993,4560,41,157,1373,1744,351,1318,3080,910,58,1240,1358,5400,.437,.261,.787,23.2,8.7,2.1,5.0,1.5,0.1,"Feb 3, 1959",Chicago,Illinois ,US,NBA,1981-82
Gene Vance,5,1948,1952,175,118,548,1739,,,349,508,,109,403,,,,671,1445,.315,,.687,16.9,8.3,3.0,2.3,,,"Feb 25, 1923",Peru,Illinois ,US,NBA,1947-48
Fred VanVleet,9,2017,2025,535,16678,2703,6713,1347,3619,1265,1463,237,1838,3049,735,248,893,1175,8018,.403,.372,.865,31.2,15.0,3.4,5.7,1.4,0.5,"Feb 25, 1994",Rockford,Illinois ,US,NBA,2016-17
Dwyane Wade*,16,2004,2019,1054,35773,8454,17617,549,1874,5708,7463,1258,4933,5701,1620,885,3326,2328,23165,.480,.293,.765,33.9,22.0,4.7,5.4,1.5,0.8,"Jan 17, 1982",Chicago,Illinois ,US,NBA,2003-04
Andre Wakefield,2,1979,1980,81,633,68,192,0,0,51,72,25,80,73,20,2,81,83,187,.354,,.708,7.8,2.3,1.0,0.9,0.2,0.0,"Jan 11, 1955",Chicago,Illinois ,US,NBA,1978-79
Antoine Walker,12,1997,2008,893,31531,6085,14710,1386,4264,2091,3303,1894,6891,3170,1085,469,2504,2516,15647,.414,.325,.633,35.3,17.5,7.7,3.5,1.2,0.5,"Aug 12, 1976",Chicago,Illinois ,US,NBA,1996-97
Darrell Walker,10,1984,1993,720,18601,2469,5682,6,102,1445,2027,1057,3134,3276,1090,225,1461,1827,6389,.435,.059,.713,25.8,8.9,4.4,4.6,1.5,0.3,"Mar 9, 1961",Chicago,Illinois ,US,NBA,1983-84
Lloyd Walton,5,1977,1981,341,5387,599,1319,1,4,243,342,121,370,1243,264,28,422,362,1442,.454,,.711,15.8,4.2,1.1,3.6,0.8,0.1,"Nov 23, 1953",Chicago,Illinois ,US,NBA,1976-77
Jerome Whitehead,11,1979,1989,679,11828,1810,3642,0,2,803,1118,1141,3268,374,251,200,696,1833,4423,.497,,.718,17.4,6.5,4.8,0.6,0.4,0.3,"Sep 30, 1956",Waukegan,Illinois ,US,NBA,1978-79
Player,Yrs,0,To,G,MP,FG,FGA,3P,3PA,FT,FTA,ORB,TRB,AST,STL,BLK,TOV,PF,PTS,FG%,3P%,FT%,MP,PTS,TRB,AST,STL,BLK,Date,City,Illinois ,US,NBA,-1-
Donald Whiteside,2,1997,1998,30,275,19,57,12,37,11,17,2,13,37,11,0,18,23,61,.333,.324,.647,9.2,2.0,0.4,1.2,0.4,0.0,"Apr 25, 1969",Chicago,Illinois ,US,NBA,1996-97
Jeff Wilkins,6,1981,1986,454,10004,1501,3270,0,10,573,771,597,2574,462,178,246,631,1203,3575,.459,.000,.743,22.0,7.9,5.7,1.0,0.4,0.5,"Mar 9, 1955",Chicago,Illinois ,US,NBA,1980-81
Aaron Williams,14,1994,2008,715,12000,1572,3190,1,16,975,1318,1016,2790,485,282,539,663,1750,4120,.493,.063,.740,16.8,5.8,3.9,0.7,0.4,0.8,"Oct 2, 1971",Evanston,Illinois ,US,NBA,1993-94
Frank Williams,3,2003,2005,86,952,92,261,24,80,45,54,13,77,166,34,11,83,87,253,.352,.300,.833,11.1,2.9,0.9,1.9,0.4,0.1,"Feb 25, 1980",Peoria,Illinois ,US,NBA,2002-03
Justin Williams,2,2007,2008,49,456,67,117,0,1,31,89,71,164,2,10,21,19,68,165,.573,.000,.348,9.3,3.4,3.3,0.0,0.2,0.4,"May 12, 1984",Chicago,Illinois ,US,NBA,2006-07
Mike Williams,1,1990,1990,21,102,6,18,0,1,3,6,5,23,2,3,7,3,30,15,.333,.000,.500,4.9,0.7,1.1,0.1,0.1,0.3,"Aug 14, 1963",Chicago,Illinois ,US,NBA,1989-90
Voise Winters,1,1986,1986,4,17,3,13,0,1,0,0,1,3,0,1,0,2,1,6,.231,.000,,4.3,1.5,0.8,0.0,0.3,0.0,"Oct 12, 1962",Chicago,Illinois ,US,NBA,1985-86
Julian Wright,4,2008,2011,231,3049,397,795,16,61,97,166,184,531,182,132,69,164,182,907,.499,.262,.584,13.2,3.9,2.3,0.8,0.6,0.3,"May 20, 1987",Chicago,Illinois ,US,NBA,2007-08
Tom Abernethy,5,1977,1981,319,5434,724,1472,0,2,331,443,374,1011,384,185,60,129,525,1779,.492,,.747,17.0,5.6,3.2,1.2,0.6,0.2,"May 6, 1954",South Bend,Indiana ,US,NBA,1976-77
Steve Alford,4,1988,1991,169,1641,291,634,35,108,127,146,25,144,176,85,10,89,113,744,.459,.324,.870,9.7,4.4,0.9,1.0,0.5,0.1,"Nov 23, 1964",Franklin,Indiana ,US,NBA,1987-88
Curly Armstrong,3,1949,1951,153,,347,1176,,,346,500,,89,358,,,,466,1040,.295,,.692,,6.8,2.3,2.3,,,"Nov 1, 1918",Fort Wayne,Indiana ,US,NBA,1948-49
Dick Atha,2,1956,1958,43,448,53,135,,,31,39,,66,51,,,,63,137,.393,,.795,10.4,3.2,1.5,1.2,,,"Sep 21, 1931",Otterbein,Indiana ,US,NBA,1955-56
Chet Aubuchon,1,1947,1947,30,,23,91,,,19,35,,,20,,,,46,65,.253,,.543,,2.2,,0.7,,,"May 18, 1916",Gary,Indiana ,US,NBA,1946-47
Desmond Bane,5,2021,2025,290,8484,1862,3950,750,1826,605,691,196,1287,1058,286,109,525,702,5079,.471,.411,.876,29.3,17.5,4.4,3.6,1.0,0.4,"Jun 25, 1998",Richmond,Indiana ,US,NBA,2020-21
Cliff Barker,3,1950,1952,149,494,201,637,,,155,234,,181,294,,,,253,557,.316,,.662,11.2,3.7,1.8,2.0,,,"Jan 15, 1921",Yorktown,Indiana ,US,NBA,1949-50
Dick Barnett*,14,1960,1974,971,28937,6034,13227,,,3290,4324,1,2812,2729,1,0,,2514,15358,.456,,.761,29.8,15.8,2.9,2.8,0.2,0.0,"Oct 2, 1936",Gary,Indiana ,US,NBA,1959-60
Leo Barnhorst,5,1950,1954,344,7279,1356,3689,,,520,782,,1506,1116,,,,1033,3232,.368,,.665,34.8,9.4,5.4,3.2,,,"May 11, 1924",Indianapolis,Indiana ,US,NBA,1949-50
Kent Benson,11,1978,1988,680,15719,2578,5224,7,34,1005,1327,1216,3881,1203,605,586,1069,1935,6168,.493,,.757,23.1,9.1,5.7,1.8,0.9,0.9,"Dec 27, 1954",New Castle,Indiana ,US,NBA,1977-78
Larry Bird*,13,1980,1992,897,34443,8591,17334,649,1727,3960,4471,1757,8974,5695,1556,755,2816,2279,21791,.496,.376,.886,38.4,24.3,10.0,6.3,1.7,0.8,"Dec 7, 1956",West Baden,Indiana ,US,NBA,1979-80
Ron Bonham,3,1965,1968,118,1107,247,637,0,2,229,278,,170,44,,,32,98,723,.388,,.824,9.4,6.1,1.4,0.4,,,"May 31, 1942",Muncie,Indiana ,US,NBA,1964-65
Vince Boryla,5,1950,1954,285,5162,1187,3200,,,813,996,,831,610,,,,922,3187,.371,,.816,32.3,11.2,3.7,2.1,,,"Mar 11, 1927",East Chicago,Indiana ,US,NBA,1949-50
Jim Bradley,3,1974,1976,98,1913,289,674,0,6,109,150,172,528,128,69,62,133,244,687,.429,.000,.727,19.5,7.0,5.4,1.3,0.7,0.6,"Mar 16, 1952",East Chicago,Indiana ,US,NBA,1973-74
Junior Bridgeman,12,1976,1987,849,21257,4801,10099,40,164,1875,2216,910,2995,2066,685,220,1169,1969,11517,.475,,.846,25.0,13.6,3.5,2.4,0.8,0.3,"Sep 17, 1953",East Chicago,Indiana ,US,NBA,1975-76
Keion Brooks Jr.,1,2025,2025,2,10,1,2,0,1,2,4,1,3,1,0,0,0,1,4,.500,.000,.500,5.0,2.0,1.5,0.5,0.0,0.0,"Aug 7, 2000",Fort Wayne,Indiana ,US,NBA,2024-25
Harold Brown,1,1947,1947,54,,95,383,,,74,117,,,39,,,,122,264,.248,,.632,,4.9,,0.7,,,"Oct 2, 1923",,Indiana ,US,NBA,1946-47
Roger Burkman,1,1982,1982,6,30,0,4,0,1,5,6,2,6,5,6,2,3,6,5,.000,.000,.833,5.0,0.8,1.0,0.8,1.0,0.3,"May 22, 1958",Indianapolis,Indiana ,US,NBA,1981-82
Don Buse,13,1973,1985,966,26180,2778,6313,320,969,1014,1302,728,2565,4425,1818,163,996,1562,6890,.440,,.779,27.1,7.1,2.7,4.6,2.0,0.2,"Aug 10, 1950",Huntingburg,Indiana ,US,NBA,1972-73
Devin Cannady,2,2021,2022,13,219,26,72,21,53,11,14,1,11,11,10,4,7,18,84,.361,.396,.786,16.8,6.5,0.8,0.8,0.8,0.3,"May 21, 1996",Mishawaka,Indiana ,US,NBA,2020-21
Player,Yrs,0,To,G,MP,FG,FGA,3P,3PA,FT,FTA,ORB,TRB,AST,STL,BLK,TOV,PF,PTS,FG%,3P%,FT%,MP,PTS,TRB,AST,STL,BLK,Date,City,Indiana ,US,NBA,-1-
Calbert Cheaney,13,1994,2006,825,22007,3366,7227,204,684,890,1288,732,2610,1398,659,198,994,2074,7826,.466,.298,.691,26.7,9.5,3.2,1.7,0.8,0.2,"Jul 17, 1971",Evansville,Indiana ,US,NBA,1993-94
Robert Churchwell,1,1996,1996,4,20,3,8,0,0,0,0,0,3,1,0,0,2,1,6,.375,,,5.0,1.5,0.8,0.3,0.0,0.0,"Feb 20, 1972",South Bend,Indiana ,US,NBA,1995-96
Louie Dampier*,12,1968,1979,960,32201,5982,13465,794,2217,2521,3075,514,2543,4687,407,153,1989,1852,15279,.444,,.820,33.5,15.9,2.6,4.9,0.8,0.3,"Nov 20, 1944",Indianapolis,Indiana ,US,NBA,1967-68
Jim Davis,8,1968,1975,597,10027,1518,3291,,,961,1425,198,3109,739,89,66,,1463,3997,.461,,.674,16.8,6.7,5.2,1.2,0.6,0.4,"Dec 18, 1941",Muncie,Indiana ,US,NBA,1967-68
Branden Dawson,1,2016,2016,6,29,2,5,0,0,1,1,2,4,0,0,1,0,2,5,.400,,1.000,4.8,0.8,0.7,0.0,0.0,0.2,"Feb 1, 1993",Gary,Indiana ,US,NBA,2015-16
Larry Demic,3,1980,1982,206,3192,397,865,0,3,182,314,338,805,106,72,49,252,524,976,.459,.000,.580,15.5,4.7,3.9,0.5,0.3,0.2,"Jun 27, 1957",Gary,Indiana ,US,NBA,1979-80
Clyde Dickey,1,1975,1975,58,472,71,203,2,15,16,21,12,61,47,14,0,45,46,160,.350,.133,.762,8.1,2.8,1.1,0.8,0.2,0.0,"Dec 14, 1951",Fort Wayne,Indiana ,US,NBA,1974-75
Dick Dickey,1,1952,1952,45,440,40,136,,,47,69,,81,50,,,,79,127,.294,,.681,9.8,2.8,1.8,1.1,,,"Oct 26, 1926",Grant County,Indiana ,US,NBA,1951-52
Bob Dille,1,1947,1947,57,,111,563,,,74,111,,,40,,,,92,296,.197,,.667,,5.2,,0.7,,,"Jul 2, 1917",Chesterton,Indiana ,US,NBA,1946-47
Terry Dischinger,9,1963,1973,652,17841,3457,6836,,,2098,2768,,3646,1151,,,,2055,9012,.506,,.758,27.4,13.8,5.6,1.8,,,"Nov 21, 1940",Terre Haute,Indiana ,US,NBA,1962-63
Bob Donham,4,1951,1954,273,4866,662,1379,,,494,975,,1071,706,,,,850,1818,.480,,.507,23.7,6.7,3.9,2.6,,,"Oct 11, 1926",Hammond,Indiana ,US,NBA,1950-51
Steve Downing,2,1974,1975,27,146,21,66,,,22,40,14,41,11,5,0,,33,64,.318,,.550,5.4,2.4,1.5,0.4,0.2,0.0,"Sep 9, 1950",Indianapolis,Indiana ,US,NBA,1973-74
Bobby Edmonds,2,1968,1970,75,1350,214,493,1,6,151,232,2,378,29,,,123,184,580,.434,.167,.651,18.0,7.7,5.0,0.4,,,"Mar 8, 1941",Indianapolis,Indiana ,US,NBA,1967-68
Jay Edwards,1,1990,1990,4,26,3,7,0,2,1,3,1,2,4,1,0,1,4,7,.429,.000,.333,6.5,1.8,0.5,1.0,0.3,0.0,"Jan 3, 1969",Muncie,Indiana ,US,NBA,1989-90
Darrell Elston,2,1975,1977,77,1909,252,627,3,18,94,125,49,169,204,83,9,126,172,601,.402,,.752,24.8,7.8,2.2,2.6,1.1,0.1,"Aug 15, 1952",Tipton,Indiana ,US,NBA,1974-75
Bob Evans,1,1950,1950,47,,56,200,,,30,44,,,55,,,,99,142,.280,,.682,,3.0,,1.2,,,"May 31, 1925",Indianapolis,Indiana ,US,NBA,1949-50
Yogi Ferrell,5,2017,2021,259,5212,723,1721,289,791,259,310,70,537,601,167,29,219,356,1994,.420,.365,.835,20.1,7.7,2.1,2.3,0.6,0.1,"May 9, 1993",Indianapolis,Indiana ,US,NBA,2016-17
Bob Ford,1,1973,1973,9,74,5,17,0,0,4,5,2,12,4,,,4,8,14,.294,,.800,8.2,1.6,1.3,0.4,,,"Jan 26, 1950",Evansville,Indiana ,US,NBA,1972-73
Tellis Frank,5,1988,1994,264,4703,639,1456,0,4,432,583,363,1022,276,158,95,326,795,1710,.439,.000,.741,17.8,6.5,3.9,1.0,0.6,0.4,"Apr 26, 1965",Gary,Indiana ,US,NBA,1987-88
Earl Gardner,1,1949,1949,50,,38,101,,,13,28,,,19,,,,50,89,.376,,.464,,1.8,,0.4,,,"Sep 18, 1923",Lagoda,Indiana ,US,NBA,1948-49
Player,Yrs,0,To,G,MP,FG,FGA,3P,3PA,FT,FTA,ORB,TRB,AST,STL,BLK,TOV,PF,PTS,FG%,3P%,FT%,MP,PTS,TRB,AST,STL,BLK,Date,City,Indiana ,US,NBA,-1-
Darius Garland,6,2020,2025,361,12017,2493,5479,844,2158,982,1135,178,938,2413,419,43,1072,670,6812,.455,.391,.865,33.3,18.9,2.6,6.7,1.2,0.1,"Jan 26, 2000",Gary,Indiana ,US,NBA,2019-20
Winston Garland,7,1988,1995,511,13391,1912,4444,73,260,902,1087,413,1433,2421,674,80,975,1251,4799,.430,.281,.830,26.2,9.4,2.8,4.7,1.3,0.2,"Dec 19, 1964",Gary,Indiana ,US,NBA,1987-88
Dan Godfread,2,1991,1992,11,22,5,12,0,1,3,4,0,2,0,1,4,0,5,13,.417,.000,.750,2.0,1.2,0.2,0.0,0.1,0.4,"Jun 14, 1967",Fort Wayne,Indiana ,US,NBA,1990-91
Eric Gordon,17,2009,2025,925,28883,4821,11214,2084,5602,2408,2974,338,2113,2508,776,325,1676,1610,14134,.430,.372,.810,31.2,15.3,2.3,2.7,0.8,0.4,"Dec 25, 1988",Indianapolis,Indiana ,US,NBA,2008-09
Greg Graham,5,1994,1998,207,2530,331,813,49,169,227,293,59,219,201,128,12,179,213,938,.407,.290,.775,12.2,4.5,1.1,1.0,0.6,0.1,"Nov 26, 1970",Indianapolis,Indiana ,US,NBA,1993-94
Jim Grandholm,1,1991,1991,26,168,30,58,9,17,10,21,20,50,8,2,8,11,33,79,.517,.529,.476,6.5,3.0,1.9,0.3,0.1,0.3,"Oct 4, 1960",Elkhart,Indiana ,US,NBA,1990-91
Kyle Guy,3,2020,2022,53,431,57,158,27,89,24,32,9,53,50,13,1,24,33,165,.361,.303,.750,8.1,3.1,1.0,0.9,0.2,0.0,"Aug 11, 1997",Indianapolis,Indiana ,US,NBA,2019-20
Scott Haffner,2,1990,1991,50,609,96,238,3,23,18,27,9,55,89,16,3,37,57,213,.403,.130,.667,12.2,4.3,1.1,1.8,0.3,0.1,"Feb 2, 1966",Terre Haute,Indiana ,US,NBA,1989-90
Dale Hamilton,1,1950,1950,14,,8,33,,,9,19,,,17,,,,30,25,.242,,.474,,1.8,,1.2,,,"Aug 16, 1919",Fort Wayne,Indiana ,US,NBA,1949-50
Ralph Hamilton,1,1949,1949,48,,114,447,,,61,91,,,83,,,,67,289,.255,,.670,,6.0,,1.7,,,"Jun 10, 1921",Fort Wayne,Indiana ,US,NBA,1948-49
A.J. Hammons,1,2017,2017,22,163,17,42,5,10,9,20,8,36,4,1,13,10,21,48,.405,.500,.450,7.4,2.2,1.6,0.2,0.0,0.6,"Aug 27, 1992",Gary,Indiana ,US,NBA,2016-17
Jerome Harmon,1,1995,1995,10,158,21,53,1,1,3,6,9,23,12,9,0,7,12,46,.396,1.000,.500,15.8,4.6,2.3,1.2,0.9,0.0,"Feb 6, 1969",Gary,Indiana ,US,NBA,1994-95
Gary Harris,11,2015,2025,600,16423,2354,5275,898,2437,786,970,344,1389,1127,658,135,628,1050,6392,.446,.368,.810,27.4,10.7,2.3,1.9,1.1,0.2,"Sep 14, 1994",Fishers,Indiana ,US,NBA,2014-15
Gordon Hayward,14,2011,2024,835,25654,4425,9725,1111,3002,2726,3317,629,3698,2940,808,321,1597,1420,12687,.455,.370,.822,30.7,15.2,4.4,3.5,1.0,0.4,"Mar 23, 1990",Indianapolis,Indiana ,US,NBA,2010-11
Reggie Hearn,1,2018,2018,3,7,1,2,1,2,0,0,0,0,0,0,0,0,0,3,.500,.500,,2.3,1.0,0.0,0.0,0.0,0.0,"Aug 14, 1991",Fort Wayne,Indiana ,US,NBA,2017-18
Alan Henderson,12,1996,2007,652,13780,1976,4215,5,26,1137,1778,1426,3249,397,364,297,717,1436,5094,.469,.192,.639,21.1,7.8,5.0,0.6,0.6,0.5,"Dec 2, 1972",Indianapolis,Indiana ,US,NBA,1995-96
George Hill,15,2009,2023,915,24501,3377,7393,1066,2808,1725,2141,533,2731,2807,806,233,1091,1759,9545,.457,.380,.806,26.8,10.4,3.0,3.1,0.9,0.3,"May 4, 1986",Indianapolis,Indiana ,US,NBA,2008-09
Paul Hoffman,6,1948,1955,317,5130,1139,3354,,,956,1415,,1129,911,,,,1138,3234,.340,,.676,28.7,10.2,5.1,2.9,,,"May 5, 1925",Jasper,Indiana ,US,NBA,1947-48
Ron Horn,3,1962,1968,32,320,28,96,0,0,23,33,,78,11,,,1,50,79,.292,,.697,10.0,2.5,2.4,0.3,,,"May 24, 1938",Marion,Indiana ,US,NBA,1961-62
Robbie Hummel,2,2014,2015,98,1397,146,349,48,140,39,45,66,266,50,32,11,28,143,379,.418,.343,.867,14.3,3.9,2.7,0.5,0.3,0.1,"Mar 8, 1989",Valparaiso,Indiana ,US,NBA,2013-14
Player,Yrs,0,To,G,MP,FG,FGA,3P,3PA,FT,FTA,ORB,TRB,AST,STL,BLK,TOV,PF,PTS,FG%,3P%,FT%,MP,PTS,TRB,AST,STL,BLK,Date,City,Indiana ,US,NBA,-1-
Chris Hunter,1,2010,2010,60,783,109,217,0,4,52,69,56,167,37,13,35,30,132,270,.502,.000,.754,13.1,4.5,2.8,0.6,0.2,0.6,"Jul 7, 1984",Gary,Indiana ,US,NBA,2009-10
Ervin Inniger,2,1968,1969,109,2477,418,972,8,48,120,162,19,385,156,,,124,260,964,.430,.167,.741,22.7,8.8,3.5,1.4,,,"Jan 16, 1945",Berne,Indiana ,US,NBA,1967-68
Jaden Ivey,3,2023,2025,181,5419,1016,2369,307,873,578,775,199,676,802,146,69,516,513,2917,.429,.352,.746,29.9,16.1,3.7,4.4,0.8,0.4,"Feb 13, 2002",South Bend,Indiana ,US,NBA,2022-23
Demetrius Jackson,3,2017,2019,26,136,18,37,4,14,8,12,9,19,17,7,1,11,11,48,.486,.286,.667,5.2,1.8,0.7,0.7,0.3,0.0,"Sep 7, 1994",South Bend,Indiana ,US,NBA,2016-17
Trayce Jackson-Davis,2,2024,2025,118,2040,394,613,0,2,126,218,245,630,179,51,112,90,175,914,.643,.000,.578,17.3,7.7,5.3,1.5,0.4,0.9,"Feb 22, 2000",Greenwood,Indiana ,US,NBA,2023-24
John Janisch,2,1947,1948,70,,297,1033,,,140,214,,,51,,,,137,734,.288,,.654,,10.5,,0.7,,,"Mar 15, 1920",,Indiana ,US,NBA,1946-47
Jared Jeffries,11,2003,2013,629,13579,1163,2728,73,292,604,1036,1166,2563,798,435,323,674,1529,3003,.426,.250,.583,21.6,4.8,4.1,1.3,0.7,0.5,"Nov 25, 1981",Bloomington,Indiana ,US,NBA,2002-03
Harold Johnson,1,1947,1947,27,,4,20,,,7,14,,,11,,,,13,15,.200,,.500,,0.6,,0.4,,,"Jan 30, 1920",Richmond,Indiana ,US,NBA,1946-47
JaJuan Johnson,1,2012,2012,36,298,54,121,0,0,6,9,20,58,6,5,14,14,25,114,.446,,.667,8.3,3.2,1.6,0.2,0.1,0.4,"Feb 8, 1989",Indianapolis,Indiana ,US,NBA,2011-12
Ralph Johnson,4,1950,1953,204,2295,692,2117,,,321,434,,498,569,,,,703,1705,.327,,.740,33.3,8.4,3.6,2.8,,,"Dec 6, 1921",Huntington,Indiana ,US,NBA,1949-50
Charles Jordan,1,1976,1976,71,855,162,373,2,10,43,72,94,216,53,33,13,84,184,369,.434,.200,.597,12.0,5.2,3.0,0.7,0.5,0.2,"Jan 31, 1954",Indianapolis,Indiana ,US,NBA,1975-76
Bill Keller,7,1970,1976,556,13609,2440,5740,506,1495,1202,1378,515,1349,1980,155,11,970,903,6588,.425,.338,.872,24.5,11.8,2.4,3.6,0.7,0.0,"Aug 30, 1947",Indianapolis,Indiana ,US,NBA,1969-70
Shawn Kemp,14,1990,2003,1051,29293,5505,11278,33,119,4304,5805,3026,8834,1704,1185,1279,2766,3826,15347,.488,.277,.741,27.9,14.6,8.4,1.6,1.1,1.2,"Nov 26, 1969",Elkhart,Indiana ,US,NBA,1989-90
Frank Kendrick,1,1975,1975,24,121,31,77,,,18,22,19,36,6,11,3,,22,80,.403,,.818,5.0,3.3,1.5,0.3,0.5,0.1,"Sep 11, 1950",Indianapolis,Indiana ,US,NBA,1974-75
Jimmy King,2,1996,1997,64,890,112,261,5,34,56,81,45,112,90,24,13,61,78,285,.429,.147,.691,13.9,4.5,1.8,1.4,0.4,0.2,"Aug 9, 1973",South Bend,Indiana ,US,NBA,1995-96
Leo Klier,2,1949,1950,113,,282,1008,,,238,327,,,177,,,,301,802,.280,,.728,,7.1,,1.6,,,"May 21, 1923",Washington,Indiana ,US,NBA,1948-49
Milo Komenich,1,1950,1950,64,,244,861,,,146,250,,,124,,,,246,634,.283,,.584,,9.9,,1.9,,,"Jun 22, 1920",Gary,Indiana ,US,NBA,1949-50
Reggie Lacefield,1,1969,1969,8,48,11,22,0,1,2,4,4,11,0,,,3,9,24,.500,.000,.500,6.0,3.0,1.4,0.0,,,"Apr 10, 1945",Gary,Indiana ,US,NBA,1968-69
Romeo Langford,4,2020,2023,141,2268,253,589,55,191,89,135,114,298,97,60,42,67,171,650,.430,.288,.659,16.1,4.6,2.1,0.7,0.4,0.3,"Oct 25, 1999",New Albany,Indiana ,US,NBA,2019-20
John Laskowski,2,1976,1977,118,2132,359,902,,,114,150,68,282,99,88,12,,112,832,.398,,.760,18.1,7.1,2.4,0.8,0.7,0.1,"Jun 7, 1953",South Bend,Indiana ,US,NBA,1975-76
Player,Yrs,0,To,G,MP,FG,FGA,3P,3PA,FT,FTA,ORB,TRB,AST,STL,BLK,TOV,PF,PTS,FG%,3P%,FT%,MP,PTS,TRB,AST,STL,BLK,Date,City,Indiana ,US,NBA,-1-
Allen Leavell,10,1980,1989,700,16248,2549,5666,141,603,1445,1733,294,1164,3339,929,120,1324,1489,6684,.450,.234,.834,23.2,9.5,1.7,4.8,1.3,0.2,"May 27, 1957",Muncie,Indiana ,US,NBA,1979-80
Courtney Lee,12,2009,2020,811,21938,2961,6567,876,2259,967,1134,364,2127,1353,809,213,762,1339,7765,.451,.388,.853,27.1,9.6,2.6,1.7,1.0,0.3,"Oct 3, 1985",Indianapolis,Indiana ,US,NBA,2008-09
Slick Leonard*,7,1957,1963,426,11632,1574,4510,,,1056,1418,,1217,1427,,,,915,4204,.349,,.745,27.3,9.9,2.9,3.3,,,"Jul 17, 1932",Terre Haute,Indiana ,US,NBA,1956-57
Goose Ligon,7,1968,1974,434,14560,2063,4232,3,24,1431,2226,1721,4720,910,9,9,925,1658,5560,.487,.125,.643,33.5,12.8,10.9,2.1,0.5,0.5,"Feb 22, 1944",Kokomo,Indiana ,US,NBA,1967-68
Bob Lochmueller,1,1953,1953,62,802,79,245,,,74,122,,162,47,,,,143,232,.322,,.607,12.9,3.7,2.6,0.8,,,"Jun 5, 1927",Elberfeld,Indiana ,US,NBA,1952-53
John Logan,5,1947,1951,258,,1128,3621,,,947,1235,,134,775,,,,744,3203,.312,,.767,,12.4,4.5,3.0,,,"Jan 1, 1921",Richmond,Indiana ,US,NBA,1946-47
Willie Long,3,1972,1974,213,5033,902,2144,0,5,614,793,453,1269,209,54,13,389,606,2418,.421,.000,.774,23.6,11.4,6.0,1.0,0.7,0.2,"Mar 1, 1950",Fort Wayne,Indiana ,US,NBA,1971-72
Clyde Lovellette*,11,1954,1964,704,19075,4784,10795,,,2379,3141,,6663,1097,,,,2289,11947,.443,,.757,27.1,17.0,9.5,1.6,,,"Sep 7, 1929",Petersburg,Indiana ,US,NBA,1953-54
Ted Luckenbill,2,1962,1963,87,597,69,188,,,58,96,,166,35,,,,101,196,.367,,.604,6.9,2.3,1.9,0.4,,,"Jul 27, 1939",Elkhart,Indiana ,US,NBA,1961-62
Kyle Macy,7,1981,1987,551,14246,2175,4339,192,569,717,821,311,1214,2198,631,49,712,1081,5259,.501,.337,.873,25.9,9.5,2.2,4.0,1.1,0.1,"Apr 9, 1957",Fort Wayne,Indiana ,US,NBA,1980-81
Dave Magley,1,1983,1983,14,56,4,16,0,1,4,8,2,10,2,2,0,2,5,12,.250,.000,.500,4.0,0.9,0.7,0.1,0.1,0.0,"Nov 24, 1959",South Bend,Indiana ,US,NBA,1982-83
Nick Mantis,2,1960,1963,52,755,104,283,,,28,51,,91,92,,,,102,236,.367,,.549,14.5,4.5,1.8,1.8,,,"Dec 7, 1935",East Chicago,Indiana ,US,NBA,1959-60
Willie McCarter,3,1970,1972,155,2842,482,1198,,,126,192,,248,304,,,,281,1090,.402,,.656,18.3,7.0,1.6,2.0,,,"Jul 26, 1946",Gary,Indiana ,US,NBA,1969-70
Walter McCarty,10,1997,2006,593,10374,1092,2786,456,1318,416,596,410,1554,670,380,173,520,1211,3056,.392,.346,.698,17.5,5.2,2.6,1.1,0.6,0.3,"Feb 1, 1974",Evansville,Indiana ,US,NBA,1996-97
Sean McDermott,1,2021,2021,18,158,13,33,5,22,8,8,6,19,4,2,3,4,8,39,.394,.227,1.000,8.8,2.2,1.1,0.2,0.1,0.2,"Nov 3, 1996",Anderson,Indiana ,US,NBA,2020-21
Mitch McGary,2,2015,2016,52,557,99,188,0,6,29,50,57,183,17,17,18,38,82,227,.527,.000,.580,10.7,4.4,3.5,0.3,0.3,0.3,"Jun 6, 1992",Chesterton,Indiana ,US,NBA,2014-15
Jon McGlocklin,11,1966,1976,792,20930,4001,8174,,,1167,1381,61,1928,2280,102,13,,1370,9169,.489,,.845,26.4,11.6,2.4,2.9,0.5,0.1,"Jun 10, 1943",Franklin,Indiana ,US,NBA,1965-66
Carl McNulty,1,1955,1955,1,14,1,6,,,0,0,,0,0,,,,1,2,.167,,,14.0,2.0,0.0,0.0,,,"Feb 14, 1930",Logansport,Indiana ,US,NBA,1954-55
Roy McPipe,1,1975,1975,5,44,8,24,2,4,3,4,2,5,1,1,0,10,5,21,.333,.500,.750,8.8,4.2,1.0,0.2,0.2,0.0,"May 5, 1950",Hammond,Indiana ,US,NBA,1974-75
Josh McRoberts,11,2008,2018,433,8271,914,1972,196,576,309,438,468,1686,901,222,194,381,817,2333,.463,.340,.705,19.1,5.4,3.9,2.1,0.5,0.4,"Feb 28, 1987",Indianapolis,Indiana ,US,NBA,2007-08
Player,Yrs,0,To,G,MP,FG,FGA,3P,3PA,FT,FTA,ORB,TRB,AST,STL,BLK,TOV,PF,PTS,FG%,3P%,FT%,MP,PTS,TRB,AST,STL,BLK,Date,City,Indiana ,US,NBA,-1-
Brad Miller,14,1999,2012,868,24537,3446,7174,201,610,2631,3273,1708,6199,2470,639,592,1367,2383,9724,.480,.330,.804,28.3,11.2,7.1,2.8,0.7,0.7,"Apr 12, 1976",Fort Wayne,Indiana ,US,NBA,1998-99
Eric Montross,8,1995,2002,465,8479,891,1819,0,3,289,604,716,2159,207,122,275,405,1270,2071,.490,.000,.478,18.2,4.5,4.6,0.4,0.3,0.6,"Sep 23, 1971",Indianapolis,Indiana ,US,NBA,1994-95
E'Twaun Moore,10,2012,2021,598,12564,1927,4236,556,1432,333,449,282,1208,1055,395,131,534,946,4743,.455,.388,.742,21.0,7.9,2.0,1.8,0.7,0.2,"Feb 25, 1989",East Chicago,Indiana ,US,NBA,2011-12
Larry Moore,1,1968,1968,12,78,8,33,0,5,11,13,,16,1,,,7,17,27,.242,.000,.846,6.5,2.3,1.3,0.1,,,"Jul 10, 1942",South Bend,Indiana ,US,NBA,1967-68
Rick Mount,5,1971,1975,283,6386,1298,2996,121,382,613,748,167,475,676,55,8,428,653,3330,.433,.317,.820,22.6,11.8,1.7,2.4,0.7,0.1,"Jan 5, 1947",Lebanon,Indiana ,US,NBA,1970-71
Lee Nailon,6,2001,2006,306,5820,1121,2366,1,9,379,482,379,936,298,133,53,320,596,2622,.474,.111,.786,19.0,8.6,3.1,1.0,0.4,0.2,"Feb 22, 1975",South Bend,Indiana ,US,NBA,2000-01
Craig Neal,2,1989,1991,63,625,59,158,13,43,27,45,9,45,155,28,4,73,96,158,.373,.302,.600,9.9,2.5,0.7,2.5,0.4,0.1,"Feb 16, 1964",Muncie,Indiana ,US,NBA,1988-89
Bill Newton,2,1973,1974,35,190,31,71,1,2,10,20,22,65,14,2,0,17,52,73,.437,.500,.500,5.4,2.1,1.9,0.4,0.2,0.0,"Dec 22, 1950",Rockville,Indiana ,US,NBA,1972-73
Gene Ollrich,1,1950,1950,14,,17,72,,,10,14,,,24,,,,34,44,.236,,.714,,3.1,,1.7,,,"Jun 30, 1922",Whiting,Indiana ,US,NBA,1949-50
Bud Olsen,8,1963,1970,453,5593,811,1872,1,4,312,590,140,1485,542,,,113,875,1935,.433,,.529,12.3,4.3,3.3,1.2,,,"Jul 25, 1940",Hobart,Indiana ,US,NBA,1962-63
Andre Owens,2,2006,2008,54,602,67,181,21,56,37,52,24,68,55,18,3,37,62,192,.370,.375,.712,11.1,3.6,1.3,1.0,0.3,0.1,"Oct 31, 1980",Indianapolis,Indiana ,US,NBA,2005-06
Wayne Pack,1,1975,1975,21,189,23,60,5,17,10,12,7,20,13,6,0,13,21,61,.383,.294,.833,9.0,2.9,1.0,0.6,0.3,0.0,"Jul 5, 1950",Indianapolis,Indiana ,US,NBA,1974-75
Jack Parkinson,1,1950,1950,4,,1,12,,,1,1,,,2,,,,3,3,.083,,1.000,,0.8,,0.5,,,"Mar 4, 1924",Yorktown,Indiana ,US,NBA,1949-50
Jim Paxson,2,1957,1958,138,3069,363,1124,,,379,521,,616,225,,,,346,1105,.323,,.727,22.2,8.0,4.5,1.6,,,"Dec 19, 1932",Pennville,Indiana ,US,NBA,1956-57
Mel Payton,2,1952,1953,111,1895,227,625,,,141,189,,396,126,,,,186,595,.363,,.746,17.1,5.4,3.6,1.1,,,"Jul 16, 1926",Martinsville,Indiana ,US,NBA,1951-52
George Pearcy,1,1947,1947,37,,31,130,,,32,44,,,13,,,,68,94,.238,,.727,,2.5,,0.4,,,"Jul 2, 1919",Martinsville,Indiana ,US,NBA,1946-47
Henry Pearcy,1,1947,1947,29,,24,108,,,25,34,,,7,,,,20,73,.222,,.735,,2.5,,0.2,,,"Jul 21, 1922",Martinsville,Indiana ,US,NBA,1946-47
Marshall Plumlee,2,2017,2018,29,222,17,33,0,0,20,35,27,68,12,4,5,15,33,54,.515,,.571,7.7,1.9,2.3,0.4,0.1,0.2,"Jul 14, 1992",West Lafayette,Indiana ,US,NBA,2016-17
Mason Plumlee,12,2014,2025,842,18477,2681,4514,2,49,1444,2513,1739,5658,2017,588,696,1188,2252,6808,.594,.041,.575,21.9,8.1,6.7,2.4,0.7,0.8,"Mar 5, 1990",Fort Wayne,Indiana ,US,NBA,2013-14
Miles Plumlee,7,2013,2019,346,5658,748,1381,0,0,201,370,547,1562,178,153,256,308,540,1697,.542,,.543,16.4,4.9,4.5,0.5,0.4,0.7,"Sep 1, 1988",Fort Wayne,Indiana ,US,NBA,2012-13
Player,Yrs,0,To,G,MP,FG,FGA,3P,3PA,FT,FTA,ORB,TRB,AST,STL,BLK,TOV,PF,PTS,FG%,3P%,FT%,MP,PTS,TRB,AST,STL,BLK,Date,City,Indiana ,US,NBA,-1-
Craig Porter Jr.,2,2024,2025,87,979,162,310,26,63,51,69,31,150,164,34,25,66,56,401,.523,.413,.739,11.3,4.6,1.7,1.9,0.4,0.3,"Feb 26, 2000",Terre Haute,Indiana ,US,NBA,2023-24
Michael Porter Jr.,6,2020,2025,322,9233,1975,3937,790,1925,464,585,432,2028,437,190,188,371,608,5204,.502,.410,.793,28.7,16.2,6.3,1.4,0.6,0.6,"Jun 29, 1998",Indianapolis,Indiana ,US,NBA,2019-20
Kevin Pritchard,4,1991,1996,94,1125,119,298,8,43,94,119,17,90,152,37,13,82,146,340,.399,.186,.790,12.0,3.6,1.0,1.6,0.4,0.1,"Jul 17, 1967",Bloomington,Indiana ,US,NBA,1990-91
Wayne Radford,1,1979,1979,52,649,83,175,,,36,45,25,68,57,30,1,45,61,202,.474,,.800,12.5,3.9,1.3,1.1,0.6,0.0,"May 29, 1956",Indianapolis,Indiana ,US,NBA,1978-79
Ray Ragelis,1,1952,1952,51,337,25,96,,,18,29,,76,31,,,,62,68,.260,,.621,6.6,1.3,1.5,0.6,,,"Dec 10, 1928",East Chicago,Indiana ,US,NBA,1951-52
Kurt Rambis,14,1982,1995,880,16299,1802,3376,0,14,999,1450,1640,4961,931,761,456,1033,2036,4603,.534,.000,.689,18.5,5.2,5.6,1.1,0.9,0.5,"Feb 25, 1958",Terre Haute,Indiana ,US,NBA,1981-82
Zach Randolph,17,2002,2018,1116,34616,7436,15774,199,729,3507,4592,3279,10208,2049,834,301,2290,2629,18578,.471,.273,.764,31.0,16.6,9.1,1.8,0.7,0.3,"Jul 16, 1981",Marion,Indiana ,US,NBA,2001-02
Sam Ranzino,1,1952,1952,39,234,30,90,,,26,37,,39,25,,,,63,86,.333,,.703,6.0,2.2,1.0,0.6,,,"Jun 23, 1928",Gary,Indiana ,US,NBA,1951-52
Jimmy Rayl,2,1968,1969,101,2760,389,1021,91,267,256,311,25,305,273,,,243,277,1125,.381,.341,.823,27.3,11.1,3.0,2.7,,,"Jun 21, 1941",Kokomo,Indiana ,US,NBA,1967-68
Connie Rea,1,1954,1954,20,154,9,43,,,5,16,,31,16,,,,13,23,.209,,.313,7.7,1.2,1.6,0.8,,,"Jan 27, 1931",Marion,Indiana ,US,NBA,1953-54
Ron Reed,2,1966,1967,119,2245,409,1124,,,133,233,,762,173,,,,278,951,.364,,.571,18.9,8.0,6.4,1.5,,,"Nov 2, 1942",La Porte,Indiana ,US,NBA,1965-66
Bob Rensberger,1,1947,1947,3,,0,7,,,0,0,,,0,,,,4,0,.000,,,,0.0,,0.0,,,"Mar 7, 1921",Nappanee,Indiana ,US,NBA,1946-47
Jim Riffey,1,1951,1951,35,,65,185,,,20,26,,61,16,,,,54,150,.351,,.769,,4.3,1.7,0.5,,,"Dec 14, 1923",Washington,Indiana ,US,NBA,1950-51
Bill Roberts,2,1949,1950,117,,166,489,,,72,102,,,65,,,,203,404,.339,,.706,,3.5,,0.6,,,"Mar 13, 1925",Fort Wayne,Indiana ,US,NBA,1948-49
Glenn Robinson,11,1995,2005,688,25346,5571,12129,620,1823,2472,3016,1027,4189,1879,826,389,2147,1847,14234,.459,.340,.820,36.8,20.7,6.1,2.7,1.2,0.6,"Jan 10, 1973",Gary,Indiana ,US,NBA,1994-95
Glenn Robinson III,7,2015,2021,304,5299,689,1508,193,518,233,299,204,776,238,149,58,155,281,1804,.457,.373,.779,17.4,5.9,2.6,0.8,0.5,0.2,"Jan 8, 1994",Gary,Indiana ,US,NBA,2014-15
Bob Royer,1,1950,1950,42,,78,231,,,41,58,,,85,,,,72,197,.338,,.707,,4.7,,2.0,,,"Oct 15, 1927",,Indiana ,US,NBA,1949-50
Herm Schaefer,2,1949,1950,123,,336,886,,,260,314,,,388,,,,225,932,.379,,.828,,7.6,,3.2,,,"Dec 20, 1918",Fort Wayne,Indiana ,US,NBA,1948-49
Dave Schellhase,2,1967,1968,73,513,87,249,,,34,60,,76,60,,,,70,208,.349,,.567,7.0,2.8,1.0,0.8,,,"Oct 14, 1944",Evansville,Indiana ,US,NBA,1966-67
Milt Schoon,2,1947,1950,103,,193,565,,,230,380,,,96,,,,265,616,.342,,.605,,6.0,,0.9,,,"Feb 25, 1922",Gary,Indiana ,US,NBA,1946-47
Player,Yrs,0,To,G,MP,FG,FGA,3P,3PA,FT,FTA,ORB,TRB,AST,STL,BLK,TOV,PF,PTS,FG%,3P%,FT%,MP,PTS,TRB,AST,STL,BLK,Date,City,Indiana ,US,NBA,-1-
Carl Shaeffer,2,1950,1951,53,,65,182,,,35,60,,10,46,,,,118,165,.357,,.583,,3.1,1.0,0.9,,,"Oct 25, 1924",Delphi,Indiana ,US,NBA,1949-50
Billy Shepherd,3,1973,1975,169,3121,368,951,129,361,103,148,38,191,657,163,19,219,182,968,.387,.357,.696,18.5,5.7,1.1,3.9,1.1,0.1,"Nov 18, 1949",Bedford,Indiana ,US,NBA,1972-73
Charley Shipp,1,1950,1950,23,,35,137,,,37,51,,,46,,,,46,107,.255,,.725,,4.7,,2.0,,,"Dec 3, 1913",Indianapolis,Indiana ,US,NBA,1949-50
Dexter Shouse,1,1990,1990,3,18,0,4,0,1,0,0,0,0,2,1,1,2,2,0,.000,.000,,6.0,0.0,0.0,0.7,0.3,0.3,"Mar 24, 1963",Terre Haute,Indiana ,US,NBA,1989-90
Jerry Sichting,10,1981,1990,598,12732,1789,3531,48,177,515,601,196,817,1962,439,19,657,940,4141,.507,.271,.857,21.3,6.9,1.4,3.3,0.7,0.0,"Nov 29, 1956",Martinsville,Indiana ,US,NBA,1980-81
Scott Skiles,10,1987,1996,600,16789,2290,5259,524,1381,1548,1741,275,1526,3881,500,29,1497,1343,6652,.435,.379,.889,28.0,11.1,2.5,6.5,0.8,0.0,"Mar 5, 1964",LaPorte,Indiana ,US,NBA,1986-87
Dru Smith,3,2023,2025,38,557,64,139,28,66,14,17,20,74,59,40,13,25,65,170,.460,.424,.824,14.7,4.5,1.9,1.6,1.1,0.3,"Dec 30, 1997",Evansville,Indiana ,US,NBA,2022-23
Chips Sobek,1,1950,1950,60,,95,251,,,156,205,,,95,,,,158,346,.378,,.761,,5.8,,1.6,,,"Feb 10, 1920",Hammond,Indiana ,US,NBA,1949-50
Dan Sparks,2,1969,1970,67,1190,160,414,0,0,118,171,147,303,45,,,74,178,438,.386,,.690,17.8,6.5,4.5,0.7,,,"Apr 17, 1945",Bloomington,Indiana ,US,NBA,1968-69
Jim Springer,1,1949,1949,2,,0,0,,,1,1,,,0,,,,0,1,,,1.000,,0.5,,0.0,,,"Jun 17, 1926",Roachdale,Indiana ,US,NBA,1948-49
Ed Stanczak,2,1950,1951,76,,171,506,,,239,315,,36,74,,,,214,581,.338,,.759,,7.6,1.9,1.0,,,"Aug 15, 1921",Fort Wayne,Indiana ,US,NBA,1949-50
Larry Steele,9,1972,1980,610,14777,2020,4180,0,4,969,1218,428,1781,1719,846,96,195,1832,5009,.483,,.796,24.2,8.2,2.9,2.8,1.8,0.2,"May 5, 1949",Greencastle,Indiana ,US,NBA,1971-72
Caleb Swanigan,3,2018,2020,75,655,70,160,2,17,27,44,59,218,56,14,11,73,127,169,.438,.118,.614,8.7,2.3,2.9,0.7,0.2,0.1,"Apr 18, 1997",Indianapolis,Indiana ,US,NBA,2017-18
Jeff Teague,12,2010,2021,826,22164,3548,7984,708,1968,2257,2673,274,1989,4585,936,277,1803,1542,10061,.444,.360,.844,26.8,12.2,2.4,5.6,1.1,0.3,"Jun 10, 1988",Indianapolis,Indiana ,US,NBA,2009-10
Marquis Teague,3,2013,2018,91,909,85,248,10,45,37,56,5,90,134,23,12,77,98,217,.343,.222,.661,10.0,2.4,1.0,1.5,0.3,0.1,"Feb 28, 1993",Indianapolis,Indiana ,US,NBA,2012-13
Jon Teske,1,2022,2022,3,8,0,1,0,0,0,2,0,2,1,1,0,0,1,0,.000,,.000,2.7,0.0,0.7,0.3,0.3,0.0,"May 4, 1997",Indianapolis,Indiana ,US,NBA,2021-22
Ray Tolbert,5,1982,1989,261,2789,396,800,0,6,136,250,221,609,135,71,101,210,418,928,.495,.000,.544,10.7,3.6,2.3,0.5,0.3,0.4,"Sep 10, 1958",Anderson,Indiana ,US,NBA,1981-82
Gene Tormohlen,6,1963,1970,271,3223,515,1253,,,161,278,,1122,257,,,,551,1191,.411,,.579,11.9,4.4,4.1,0.9,,,"May 12, 1937",Holland,Indiana ,US,NBA,1962-63
Bill Tosheff,3,1952,1954,203,6339,634,2012,,,591,745,,608,661,,,,654,1859,.315,,.793,31.2,9.2,3.0,3.3,,,"Jun 2, 1926",Gary,Indiana ,US,NBA,1951-52
Monte Towe,2,1976,1977,115,985,128,317,9,42,54,69,14,89,223,53,5,81,145,319,.404,,.783,8.6,2.8,0.8,1.9,0.5,0.0,"Sep 27, 1953",Marion,Indiana ,US,NBA,1975-76
Player,Yrs,0,To,G,MP,FG,FGA,3P,3PA,FT,FTA,ORB,TRB,AST,STL,BLK,TOV,PF,PTS,FG%,3P%,FT%,MP,PTS,TRB,AST,STL,BLK,Date,City,Indiana ,US,NBA,-1-
Jack Turner,1,1955,1955,65,922,111,308,,,60,76,,154,77,,,,76,282,.360,,.789,14.2,4.3,2.4,1.2,,,"Jun 29, 1930",Bedford,Indiana ,US,NBA,1954-55
Dick Van Arsdale,12,1966,1977,921,31771,5413,11661,,,4253,5385,188,3807,3057,264,44,,2575,15079,.464,,.790,34.5,16.4,4.1,3.3,0.9,0.2,"Feb 22, 1943",Indianapolis,Indiana ,US,NBA,1965-66
Tom Van Arsdale,12,1966,1977,929,28682,5505,12763,,,3222,4226,247,3942,2085,230,16,,2922,14232,.431,,.762,30.9,15.3,4.2,2.2,0.7,0.1,"Feb 22, 1943",Indianapolis,Indiana ,US,NBA,1965-66
Jake Weber,1,1947,1947,50,,59,202,,,55,79,,,4,,,,111,173,.292,,.696,,3.5,,0.1,,,"Mar 18, 1918",Rushville,Indiana ,US,NBA,1946-47
Bonzi Wells,10,1999,2008,591,15133,2814,6111,223,683,1296,1860,800,2737,1249,769,192,1215,1526,7147,.460,.327,.697,25.6,12.1,4.6,2.1,1.3,0.3,"Sep 28, 1976",Muncie,Indiana ,US,NBA,1998-99
Blake Wesley,3,2023,2025,132,1838,210,514,37,130,95,145,35,198,326,68,17,148,172,552,.409,.285,.655,13.9,4.2,1.5,2.5,0.5,0.1,"Mar 16, 2003",South Bend,Indiana ,US,NBA,2022-23
Bob Wilkerson,7,1977,1983,536,14883,2256,5313,11,66,901,1199,587,2236,1835,671,141,1156,1310,5424,.425,,.751,27.8,10.1,4.2,3.4,1.3,0.3,"Aug 15, 1954",Anderson,Indiana ,US,NBA,1976-77
Malik Williams,1,2024,2024,7,107,9,34,1,5,0,2,15,38,2,3,4,3,15,19,.265,.200,.000,15.3,2.7,5.4,0.3,0.4,0.6,"Aug 26, 1998",Fort Wayne,Indiana ,US,NBA,2023-24
Ward Williams,1,1949,1949,53,,61,257,,,93,124,,,82,,,,158,215,.237,,.750,,4.1,,1.5,,,"Jun 26, 1923",Colfax,Indiana ,US,NBA,1948-49
Bobby Wilson,4,1975,1978,143,1498,345,809,,,102,132,59,167,110,52,4,6,185,792,.426,,.773,10.5,5.5,1.2,0.8,0.4,0.0,"Jan 15, 1951",Indianapolis,Indiana ,US,NBA,1974-75
Steve Wilson,2,1971,1972,48,297,57,155,8,35,26,48,25,52,35,,,33,52,148,.368,.229,.542,6.2,3.1,1.1,0.7,,,"Oct 16, 1948",Richmond,Indiana ,US,NBA,1970-71
Dylan Windler,4,2021,2024,101,1090,111,261,61,176,36,45,44,212,78,36,15,51,90,319,.425,.347,.800,10.8,3.2,2.1,0.8,0.4,0.1,"Sep 22, 1996",Indianapolis,Indiana ,US,NBA,2020-21
Randy Wittman,9,1984,1992,543,11594,1823,3636,17,53,371,493,187,760,1201,257,65,441,559,4034,.501,.321,.753,21.4,7.4,1.4,2.2,0.5,0.1,"Oct 28, 1959",Indianapolis,Indiana ,US,NBA,1983-84
Mike Woodson,11,1981,1991,786,20021,4368,9364,120,443,2125,2615,655,1838,1822,952,275,1331,1847,10981,.466,.271,.813,25.5,14.0,2.3,2.3,1.2,0.3,"Mar 24, 1958",Indianapolis,Indiana ,US,NBA,1980-81
Cody Zeller,11,2014,2024,552,11510,1649,3172,33,150,1045,1438,1067,3125,740,332,330,552,1359,4376,.520,.220,.727,20.9,7.9,5.7,1.3,0.6,0.6,"Oct 5, 1992",Washington,Indiana ,US,NBA,2013-14
Harrison Barnes,13,2013,2025,966,30333,4740,10349,1372,3599,2582,3190,996,4659,1700,653,175,1105,1439,13434,.458,.381,.809,31.4,13.9,4.8,1.8,0.7,0.2,"May 30, 1992",Ames,Iowa ,US,NBA,2012-13
Ryan Bowen,10,2000,2010,507,6502,544,1192,14,68,217,313,506,1060,250,325,138,168,752,1319,.456,.206,.693,12.8,2.6,2.1,0.5,0.6,0.3,"Nov 20, 1975",Fort Madison,Iowa ,US,NBA,1999-00
Matt Bullard,11,1991,2002,615,8884,1215,2907,599,1561,241,314,278,1223,535,186,119,319,775,3270,.418,.384,.768,14.4,5.3,2.0,0.9,0.3,0.2,"Jun 5, 1967",Des Moines,Iowa ,US,NBA,1990-91
Nick Collison,14,2005,2018,910,18603,2212,4146,21,101,914,1265,1766,4701,939,446,469,878,2507,5359,.534,.208,.723,20.4,5.9,5.2,1.0,0.5,0.5,"Oct 26, 1980",Orange City,Iowa ,US,NBA,2004-05
Darren Daye,5,1984,1988,328,5208,849,1730,2,17,525,771,321,844,672,191,53,429,607,2225,.491,.118,.681,15.9,6.8,2.6,2.0,0.6,0.2,"Nov 30, 1960",Des Moines,Iowa ,US,NBA,1983-84
Al Eberhard,4,1975,1978,220,4138,566,1308,,,358,449,270,760,175,158,35,23,544,1490,.433,,.797,18.8,6.8,3.5,0.8,0.7,0.2,"May 10, 1952",Cedar Rapids,Iowa ,US,NBA,1974-75
Kenny Fields,4,1985,1988,184,2692,463,977,3,16,211,288,176,464,188,97,38,181,394,1140,.474,.188,.733,14.6,6.2,2.5,1.0,0.5,0.2,"Feb 9, 1962",Iowa City,Iowa ,US,NBA,1984-85
Matt Fish,3,1995,1997,50,512,71,142,0,1,35,56,43,110,25,19,14,33,91,177,.500,.000,.625,10.2,3.5,2.2,0.5,0.4,0.3,"Nov 18, 1969",Washington,Iowa ,US,NBA,1994-95
Dick Gibbs,5,1972,1976,333,4310,675,1678,,,389,487,159,624,260,67,35,,629,1739,.402,,.799,12.9,5.2,1.9,0.8,0.3,0.2,"Dec 20, 1948",Ames,Iowa ,US,NBA,1971-72
Hoot Gibson,1,1950,1950,32,,67,195,,,42,64,,,37,,,,106,176,.344,,.656,,5.5,,1.2,,,"Dec 5, 1921",Des Moines,Iowa ,US,NBA,1949-50
A.J. Green,3,2023,2025,140,2064,263,620,219,528,37,41,27,221,116,41,10,47,188,782,.424,.415,.902,14.7,5.6,1.6,0.8,0.3,0.1,"Sep 27, 1999",Cedar Falls,Iowa ,US,NBA,2022-23
Bob Hansen,9,1984,1992,575,11104,1642,3512,165,511,503,760,408,1282,947,359,50,562,1199,3952,.468,.323,.662,19.3,6.9,2.2,1.6,0.6,0.1,"Jan 18, 1961",Des Moines,Iowa ,US,NBA,1983-84
Kirk Hinrich,13,2004,2016,879,27015,3503,8522,1172,3122,1416,1770,310,2576,4245,972,243,1617,2487,9594,.411,.375,.800,30.7,10.9,2.9,4.8,1.1,0.3,"Jan 2, 1981",Sioux City,Iowa ,US,NBA,2003-04
Jon Koncak,11,1986,1996,784,16409,1444,3073,19,84,613,1027,1064,3856,785,542,791,624,2474,3520,.470,.226,.597,20.9,4.5,4.9,1.0,0.7,1.0,"May 17, 1963",Cedar Rapids,Iowa ,US,NBA,1985-86
Kevin Kunnert,9,1974,1982,555,12104,2022,4251,0,0,558,818,1393,4031,784,252,616,391,1927,4602,.476,,.682,21.8,8.3,7.3,1.4,0.5,1.1,"Nov 11, 1951",Dubuque,Iowa ,US,NBA,1973-74
Raef LaFrentz,10,1999,2008,563,14545,2227,4781,478,1315,758,1066,994,3423,606,276,919,511,1863,5690,.466,.363,.711,25.8,10.1,6.1,1.1,0.5,1.6,"May 29, 1976",Hampton,Iowa ,US,NBA,1998-99
Loren Meyer,3,1996,1999,140,2044,260,602,8,23,117,168,171,480,77,31,50,133,371,645,.432,.348,.696,14.6,4.6,3.4,0.6,0.2,0.4,"Dec 30, 1972",Emmetsburg,Iowa ,US,NBA,1995-96
Todd Mundt,1,1996,1996,33,151,16,41,0,0,5,8,11,28,3,2,5,3,29,37,.390,,.625,4.6,1.1,0.8,0.1,0.1,0.2,"May 17, 1970",Iowa City,Iowa ,US,NBA,1995-96
Keegan Murray,3,2023,2025,210,6823,1044,2323,486,1309,211,261,306,1163,304,184,147,172,504,2785,.449,.371,.808,32.5,13.3,5.5,1.4,0.9,0.7,"Aug 19, 2000",Cedar Rapids,Iowa ,US,NBA,2022-23
Kris Murray,2,2024,2025,109,1980,221,534,68,252,53,94,131,324,121,73,30,78,134,563,.414,.270,.564,18.2,5.2,3.0,1.1,0.7,0.3,"Aug 19, 2000",Cedar Rapids,Iowa ,US,NBA,2023-24
Player,Yrs,0,To,G,MP,FG,FGA,3P,3PA,FT,FTA,ORB,TRB,AST,STL,BLK,TOV,PF,PTS,FG%,3P%,FT%,MP,PTS,TRB,AST,STL,BLK,Date,City,Iowa ,US,NBA,-1-
Patrick O'Bryant,4,2007,2010,90,524,79,160,0,3,28,48,32,127,25,18,40,42,126,186,.494,.000,.583,5.8,2.1,1.4,0.3,0.2,0.4,"Jun 20, 1986",Oskaloosa,Iowa ,US,NBA,2006-07
Marcus Paige,1,2018,2018,5,28,4,14,2,8,2,2,0,4,3,0,0,0,0,12,.286,.250,1.000,5.6,2.4,0.8,0.6,0.0,0.0,"Sep 11, 1993",Cedar Rapids,Iowa ,US,NBA,2017-18
Liam Robbins,1,2025,2025,13,57,2,8,0,2,5,10,7,12,2,2,2,6,9,9,.250,.000,.500,4.4,0.7,0.9,0.2,0.2,0.2,"Jul 12, 1999",Davenport,Iowa ,US,NBA,2024-25
Brett Szabo,1,1997,1997,70,662,54,121,0,1,45,61,56,165,17,16,32,41,119,153,.446,.000,.738,9.5,2.2,2.4,0.2,0.2,0.5,"Feb 1, 1968",Postville,Iowa ,US,NBA,1996-97
Jarrod Uthoff,2,2017,2020,16,168,23,56,6,18,7,9,10,28,9,3,4,3,10,59,.411,.333,.778,10.5,3.7,1.8,0.6,0.2,0.3,"May 19, 1993",Cedar Rapids,Iowa ,US,NBA,2016-17
Murray Wier,1,1950,1950,56,,157,480,,,115,166,,,107,,,,141,429,.327,,.693,,7.7,,1.9,,,"Dec 12, 1926",Grand View,Iowa ,US,NBA,1949-50
Joe Wieskamp,2,2022,2023,38,255,23,70,17,55,7,13,4,18,12,4,3,3,17,70,.329,.309,.538,6.7,1.8,0.5,0.3,0.1,0.1,"Aug 23, 1999",Muscatine,Iowa ,US,NBA,2021-22
Luke Zeller,1,2013,2013,16,58,9,26,1,5,0,0,1,10,3,0,0,0,5,19,.346,.200,,3.6,1.2,0.6,0.2,0.0,0.0,"Apr 7, 1987",Ames,Iowa ,US,NBA,2012-13
Alvan Adams,13,1976,1988,988,27203,5709,11464,2,15,2490,3160,2015,6937,4012,1289,808,2194,3214,13910,.498,,.788,27.5,14.1,7.0,4.1,1.3,0.8,"Jul 19, 1954",Lawrence,Kansas ,US,NBA,1975-76
Lucius Allen,10,1970,1979,702,20159,3884,8385,,,1639,2157,381,2205,3174,604,124,247,1799,9407,.463,,.760,28.7,13.4,3.1,4.5,1.5,0.3,"Sep 26, 1947",Kansas City,Kansas ,US,NBA,1969-70
Ron Baker,3,2017,2019,96,1394,106,296,35,132,53,75,18,139,169,66,15,79,125,300,.358,.265,.707,14.5,3.1,1.4,1.8,0.7,0.2,"Mar 30, 1993",Hays,Kansas ,US,NBA,2016-17
Ernie Barrett,2,1954,1956,131,2092,267,724,,,107,143,,343,229,,,,300,641,.369,,.748,16.0,4.9,2.6,1.7,,,"Aug 27, 1929",Pratt,Kansas ,US,NBA,1953-54
Bob Brannum,5,1950,1955,338,6576,887,2581,,,681,1044,,1944,699,,,,1313,2455,.344,,.652,23.6,7.3,7.0,2.1,,,"May 28, 1926",Winfield,Kansas ,US,NBA,1949-50
Christian Braun,3,2023,2025,214,4683,688,1335,151,407,263,356,199,768,315,145,82,143,361,1790,.515,.371,.739,21.9,8.4,3.6,1.5,0.7,0.4,"Apr 17, 2001",Burlington,Kansas ,US,NBA,2022-23
Willie Cauley-Stein,7,2016,2022,422,9276,1552,2853,6,32,565,923,694,2470,598,350,335,384,974,3675,.544,.188,.612,22.0,8.7,5.9,1.4,0.8,0.8,"Aug 18, 1993",Spearville,Kansas ,US,NBA,2015-16
Gradey Dick,2,2024,2025,110,2745,441,1055,195,546,173,200,68,305,160,79,12,129,200,1250,.418,.357,.865,25.0,11.4,2.8,1.5,0.7,0.1,"Nov 20, 2003",Wichita,Kansas ,US,NBA,2023-24
Greg Dreiling,10,1987,1997,474,4241,375,803,3,9,261,402,287,1018,186,82,137,250,923,1014,.467,.333,.649,8.9,2.1,2.1,0.4,0.2,0.3,"Nov 7, 1962",Wichita,Kansas ,US,NBA,1986-87
Larry Drew,10,1981,1991,714,18370,3308,7085,118,405,1376,1724,259,1265,3702,791,45,1565,1286,8110,.467,.291,.798,25.7,11.4,1.8,5.2,1.1,0.1,"Apr 2, 1958",Kansas City,Kansas ,US,NBA,1980-81
Maurice Evans,9,2002,2012,562,10918,1429,3231,426,1172,463,590,559,1384,420,294,88,278,956,3747,.442,.363,.785,19.4,6.7,2.5,0.7,0.5,0.2,"Nov 8, 1978",Wichita,Kansas ,US,NBA,2001-02
Ron Franz,6,1968,1973,403,9912,1765,3945,53,190,1150,1635,569,2128,668,,,762,1120,4733,.447,.279,.703,24.6,11.7,5.3,1.7,,,"Oct 20, 1945",Kansas City,Kansas ,US,NBA,1967-68
Matt Freije,2,2005,2007,42,588,53,181,17,76,10,14,24,85,27,16,3,20,53,133,.293,.224,.714,14.0,3.2,2.0,0.6,0.4,0.1,"Oct 2, 1981",Overland Park,Kansas ,US,NBA,2004-05
Leonard Gray,3,1975,1977,224,6058,1030,2196,,,348,471,326,1169,490,196,91,,825,2408,.469,,.739,27.0,10.8,5.2,2.2,0.9,0.4,"Dec 19, 1951",Kansas City,Kansas ,US,NBA,1974-75
Adrian Griffin,9,2000,2008,477,7997,785,1794,50,180,299,392,507,1512,653,436,59,331,879,1919,.438,.278,.763,16.8,4.0,3.2,1.4,0.9,0.1,"Jul 4, 1974",Wichita,Kansas ,US,NBA,1999-00
Scott Hastings,11,1983,1993,578,5985,584,1323,28,96,451,556,424,1287,284,159,153,325,1037,1647,.441,.292,.811,10.4,2.8,2.2,0.5,0.3,0.3,"Jun 3, 1960",Independence,Kansas ,US,NBA,1982-83
Steve Henson,7,1991,1999,238,2282,254,631,105,243,126,145,46,176,465,88,2,175,283,739,.403,.432,.869,9.6,3.1,0.7,2.0,0.4,0.0,"Feb 2, 1968",Junction City,Kansas ,US,NBA,1990-91
Steven Hill,1,2009,2009,1,2,1,1,0,0,0,0,2,3,0,0,0,0,0,2,1.000,,,2.0,2.0,3.0,0.0,0.0,0.0,"Nov 14, 1985",Chanute,Kansas ,US,NBA,2008-09
Lionel Hollins,10,1976,1985,673,18453,3201,7211,13,87,1394,1882,382,1601,3006,1053,192,1337,1841,7809,.444,,.741,27.4,11.6,2.4,4.5,1.6,0.3,"Oct 19, 1953",Arkansas City,Kansas ,US,NBA,1975-76
Trevor Hudgins,1,2023,2023,5,28,2,9,2,8,3,3,0,0,3,0,0,1,1,9,.222,.250,1.000,5.6,1.8,0.0,0.6,0.0,0.0,"Mar 23, 1999",Manhattan,Kansas ,US,NBA,2022-23
Player,Yrs,0,To,G,MP,FG,FGA,3P,3PA,FT,FTA,ORB,TRB,AST,STL,BLK,TOV,PF,PTS,FG%,3P%,FT%,MP,PTS,TRB,AST,STL,BLK,Date,City,Kansas ,US,NBA,-1-
Warren Jabali,7,1969,1975,447,15264,2663,6181,322,1010,2018,2669,883,2985,2389,384,29,1715,1544,7666,.431,.319,.756,34.1,17.1,6.7,5.3,2.0,0.3,"Aug 29, 1946",Kansas City,Kansas ,US,NBA,1968-69
Spencer Jones,1,2025,2025,11,30,2,9,1,6,0,0,2,5,0,3,0,2,4,5,.222,.167,,2.7,0.5,0.5,0.0,0.3,0.0,"Jun 14, 2001",Shawnee Mission,Kansas ,US,NBA,2024-25
Maurice King,2,1960,1963,38,973,99,249,,,28,35,,106,144,,,,90,226,.398,,.800,25.6,5.9,2.8,3.8,,,"Mar 12, 1935",Kansas City,Kansas ,US,NBA,1959-60
Bob Kinney,2,1949,1950,118,,394,1116,,,337,554,,,177,,,,475,1125,.353,,.608,,9.5,,1.5,,,"Sep 16, 1920",Fort Scott,Kansas ,US,NBA,1948-49
Dick Knostman,1,1954,1954,5,47,3,10,,,7,11,,17,6,,,,9,13,.300,,.636,9.4,2.6,3.4,1.2,,,"Aug 9, 1931",Wamego,Kansas ,US,NBA,1953-54
Martin Lewis,2,1996,1997,25,239,35,74,3,10,16,27,19,35,7,9,5,15,29,89,.473,.300,.593,9.6,3.6,1.4,0.3,0.4,0.2,"Apr 28, 1975",Liberal,Kansas ,US,NBA,1995-96
Riney Lochmann,3,1968,1970,170,2205,296,730,5,16,134,221,117,466,143,,,121,312,731,.405,.313,.606,13.0,4.3,2.7,0.8,,,"May 26, 1944",Wichita,Kansas ,US,NBA,1967-68
Ed Nealy,10,1983,1993,540,6792,553,1111,38,130,307,449,585,1799,392,256,51,226,893,1451,.498,.292,.684,12.6,2.7,3.3,0.7,0.5,0.1,"Feb 19, 1960",Pittsburg,Kansas ,US,NBA,1982-83
Semi Ojeleye,5,2018,2022,284,4111,331,862,189,549,124,173,145,613,126,76,19,93,300,975,.384,.344,.717,14.5,3.4,2.2,0.4,0.3,0.1,"Dec 5, 1994",Overland Park,Kansas ,US,NBA,2017-18
Johnny Orr,1,1950,1950,34,,40,118,,,12,14,,,20,,,,34,92,.339,,.857,,2.7,,0.6,,,"Jun 10, 1927",Yale,Kansas ,US,NBA,1949-50
Pierre Russell,2,1972,1973,110,1015,184,419,2,20,65,99,94,222,112,,,66,136,435,.439,.100,.657,9.2,4.0,2.0,1.0,,,"Dec 13, 1949",Kansas City,Kansas ,US,NBA,1971-72
Melvin Sanders,1,2006,2006,16,113,16,33,2,3,7,10,4,23,3,5,0,8,20,41,.485,.667,.700,7.1,2.6,1.4,0.2,0.3,0.0,"Jan 3, 1981",Liberal,Kansas ,US,NBA,2005-06
Otto Schnellbacher,1,1949,1949,43,,93,280,,,89,133,,,64,,,,109,275,.332,,.669,,6.4,,1.5,,,"Apr 15, 1923",Sublette,Kansas ,US,NBA,1948-49
Howie Shannon,2,1949,1950,122,,514,1448,,,295,371,,,299,,,,302,1323,.355,,.795,,10.8,,2.5,,,"Jun 10, 1923",Manhattan,Kansas ,US,NBA,1948-49
Paul Shirley,3,2003,2005,18,121,15,38,0,1,3,7,9,19,7,1,1,10,12,33,.395,.000,.429,6.7,1.8,1.1,0.4,0.1,0.1,"Dec 23, 1977",Meriden,Kansas ,US,NBA,2002-03
Wayne Simien,2,2006,2007,51,507,67,143,0,0,35,41,43,99,11,15,1,27,83,169,.469,,.854,9.9,3.3,1.9,0.2,0.3,0.0,"Mar 9, 1983",Leavenworth,Kansas ,US,NBA,2005-06
Dean Wade,6,2020,2025,261,5093,485,1134,307,841,98,144,167,938,265,164,94,99,429,1375,.428,.365,.681,19.5,5.3,3.6,1.0,0.6,0.4,"Nov 20, 1996",Wichita,Kansas ,US,NBA,2019-20
Jabari Walker,3,2023,2025,168,2754,378,834,69,237,190,256,231,769,126,75,40,116,295,1015,.453,.291,.742,16.4,6.0,4.6,0.8,0.4,0.2,"Jul 30, 2002",Wichita,Kansas ,US,NBA,2022-23
Earl Watson,13,2002,2014,878,19494,2112,5139,502,1551,867,1233,462,1985,3871,873,176,1548,1755,5593,.411,.324,.703,22.2,6.4,2.3,4.4,1.0,0.2,"Jun 12, 1979",Kansas City,Kansas ,US,NBA,2001-02
Scott Wedman,13,1975,1987,906,25927,5153,10713,84,251,1526,1923,1502,4355,1771,846,301,883,2549,11916,.481,,.794,28.6,13.2,4.8,2.0,0.9,0.3,"Jul 29, 1952",Harper,Kansas ,US,NBA,1974-75
Player,Yrs,0,To,G,MP,FG,FGA,3P,3PA,FT,FTA,ORB,TRB,AST,STL,BLK,TOV,PF,PTS,FG%,3P%,FT%,MP,PTS,TRB,AST,STL,BLK,Date,City,Kansas ,US,NBA,-1-
Korleone Young,1,1999,1999,3,15,5,10,1,4,2,2,2,4,1,0,0,1,3,13,.500,.250,1.000,5.0,4.3,1.3,0.3,0.0,0.0,"Dec 31, 1978",Wichita,Kansas ,US,NBA,1998-99
Gary Zeller,2,1971,1972,90,779,124,374,0,1,41,69,5,102,39,,,9,121,289,.332,,.594,8.7,3.2,1.1,0.4,,,"Nov 20, 1947",Topeka,Kansas ,US,NBA,1970-71
Derek Anderson,11,1998,2008,615,17975,2419,5922,645,1891,1874,2198,440,1988,2083,691,87,1052,1230,7357,.408,.341,.853,29.2,12.0,3.2,3.4,1.1,0.1,"Jul 18, 1974",Louisville,Kentucky ,US,NBA,1997-98
Bob Arnzen,4,1970,1974,111,952,191,411,1,5,60,75,33,217,35,3,2,16,88,443,.465,,.800,8.6,4.0,2.0,0.3,0.2,0.1,"Nov 3, 1947",Covington,Kentucky ,US,NBA,1969-70
Bird Averitt,5,1974,1978,366,8163,1743,4303,56,225,892,1200,187,680,1078,325,55,733,836,4434,.405,,.743,22.3,12.1,1.9,2.9,0.9,0.2,"Jul 22, 1952",Hopkinsville,Kentucky ,US,NBA,1973-74
Henry Bacon,1,1973,1973,47,425,60,164,2,10,44,73,40,82,38,,,64,72,166,.366,.200,.603,9.0,3.5,1.7,0.8,,,"Jul 5, 1948",Louisville,Kentucky ,US,NBA,1972-73
Steve Bardo,3,1992,1996,33,299,28,85,1,10,16,23,13,60,44,12,4,22,45,73,.329,.100,.696,9.1,2.2,1.8,1.3,0.4,0.1,"Apr 5, 1968",Henderson,Kentucky ,US,NBA,1991-92
John Barnhill,10,1963,1972,589,13925,2024,4990,107,454,930,1413,115,1501,1693,,,248,1069,5085,.406,,.658,23.6,8.6,2.5,2.9,,,"Mar 20, 1938",Sturgis,Kentucky ,US,NBA,1962-63
Butch Beard,9,1970,1979,605,14283,2187,4495,,,1248,1619,482,2042,2189,499,36,164,1581,5622,.487,,.771,23.6,9.3,3.4,3.6,1.3,0.1,"May 4, 1947",Hardinsburg,Kentucky ,US,NBA,1969-70
Ralph Beard,2,1950,1951,126,,749,2046,,,508,660,,251,551,,,,228,2006,.366,,.770,,15.9,3.8,4.4,,,"Dec 2, 1927",Hardinsburg,Kentucky ,US,NBA,1949-50
Whitey Bell,2,1960,1961,36,494,77,203,,,29,46,,94,56,,,,66,183,.379,,.630,13.7,5.1,2.6,1.6,,,"Sep 13, 1932",Monticello,Kentucky ,US,NBA,1959-60
Winston Bennett,3,1990,1992,136,2157,257,604,0,1,134,193,177,414,120,50,21,115,305,648,.425,.000,.694,15.9,4.8,3.0,0.9,0.4,0.2,"Feb 9, 1965",Louisville,Kentucky ,US,NBA,1989-90
Jerry Bird,1,1959,1959,11,45,12,32,,,1,1,,12,4,,,,7,25,.375,,1.000,4.1,2.3,1.1,0.4,,,"Feb 2, 1935",Corbin,Kentucky ,US,NBA,1958-59
Phil Bond,1,1978,1978,7,21,2,6,,,0,0,1,4,2,1,0,2,1,4,.333,,,3.0,0.6,0.6,0.3,0.1,0.0,"Jul 27, 1954",Louisville,Kentucky ,US,NBA,1977-78
Orb Bowling,1,1968,1968,11,90,9,28,0,0,3,12,,29,1,,,6,16,21,.321,,.250,8.2,1.9,2.6,0.1,,,"Mar 21, 1939",,Kentucky ,US,NBA,1967-68
Greg Buckner,10,2000,2009,570,10895,1120,2491,239,716,399,527,457,1593,719,454,111,394,1342,2878,.450,.334,.757,19.1,5.0,2.8,1.3,0.8,0.2,"Sep 16, 1976",Hopkinsville,Kentucky ,US,NBA,1999-00
Donnie Butcher,5,1962,1966,279,5085,610,1535,,,476,757,,821,585,,,,699,1696,.397,,.629,18.2,6.1,2.9,2.1,,,"Feb 8, 1936",Williamsport,Kentucky ,US,NBA,1961-62
Darel Carrier,6,1968,1973,350,12338,2445,5867,398,1055,1723,2024,182,1187,896,,,906,1072,7011,.417,.377,.851,35.3,20.0,3.4,2.6,,,"Oct 26, 1940",Warren County,Kentucky ,US,NBA,1967-68
Rex Chapman,12,1989,2000,666,19542,3716,8638,805,2301,1494,1868,379,1645,1798,592,129,1030,1228,9731,.430,.350,.800,29.3,14.6,2.5,2.7,0.9,0.2,"Oct 5, 1967",Bowling Green,Kentucky ,US,NBA,1988-89
Wayne Chapman,4,1969,1972,206,3294,550,1436,28,109,304,440,187,505,316,,,294,513,1432,.383,.257,.691,16.0,7.0,2.5,1.5,,,"Jun 15, 1945",Owensboro,Kentucky ,US,NBA,1968-69
Bob Cluggish,1,1947,1947,54,,93,356,,,52,91,,,22,,,,113,238,.261,,.571,,4.4,,0.4,,,"Sep 18, 1917",Marion,Kentucky ,US,NBA,1946-47
Jack Coleman,9,1950,1958,633,16479,2813,6763,,,1095,1575,,5186,1749,,,,1927,6721,.416,,.695,33.1,10.6,9.2,2.8,,,"May 23, 1924",Burgin,Kentucky ,US,NBA,1949-50
Player,Yrs,0,To,G,MP,FG,FGA,3P,3PA,FT,FTA,ORB,TRB,AST,STL,BLK,TOV,PF,PTS,FG%,3P%,FT%,MP,PTS,TRB,AST,STL,BLK,Date,City,Kentucky ,US,NBA,-1-
Glen Combs,7,1969,1975,465,15275,2652,6121,503,1369,1859,2296,325,1230,1639,56,13,1151,1333,7666,.433,.367,.810,32.8,16.5,2.6,3.5,0.6,0.1,"Oct 30, 1946",Hazard,Kentucky ,US,NBA,1968-69
Jimmy Conner,1,1976,1976,24,240,42,86,0,3,22,29,12,28,38,11,5,32,35,106,.488,.000,.759,10.0,4.4,1.2,1.6,0.5,0.2,"Mar 20, 1953",Lawrenceburg,Kentucky ,US,NBA,1975-76
Dave Cowens*,11,1971,1983,766,29565,5744,12499,1,14,2027,2590,1574,10444,2910,599,488,543,2920,13516,.460,,.783,38.6,17.6,13.6,3.8,1.1,0.9,"Oct 25, 1948",Newport,Kentucky ,US,NBA,1970-71
Johnny Cox,1,1963,1963,73,1685,239,568,,,95,135,,280,142,,,,149,573,.421,,.704,23.1,7.8,3.8,1.9,,,"Nov 1, 1936",Neon,Kentucky ,US,NBA,1962-63
Wesley Cox,2,1978,1979,74,813,122,296,,,98,192,60,206,23,34,15,80,150,342,.412,,.510,11.0,4.6,2.8,0.3,0.5,0.2,"Jan 27, 1955",Louisville,Kentucky ,US,NBA,1977-78
Ralph Davis,2,1961,1962,150,3202,545,1332,,,105,155,,248,424,,,,314,1195,.409,,.677,21.3,8.0,1.7,2.8,,,"Sep 7, 1938",Vanceburg,Kentucky ,US,NBA,1960-61
Blaine Denning,1,1953,1953,1,9,2,5,,,1,1,,4,0,,,,3,5,.400,,1.000,9.0,5.0,4.0,0.0,,,"Sep 19, 1930",Fulton,Kentucky ,US,NBA,1952-53
Jerry Eaves,4,1983,1987,168,2685,416,882,1,14,299,387,64,208,414,85,8,251,218,1132,.472,.071,.773,16.0,6.7,1.2,2.5,0.5,0.0,"Feb 8, 1959",Louisville,Kentucky ,US,NBA,1982-83
Joe Fulks*,8,1947,1954,489,4490,2824,9338,,,2355,3075,,1379,587,,,,1774,8003,.302,,.766,23.4,16.4,5.3,1.2,,,"Oct 26, 1921",Birmingham,Kentucky ,US,NBA,1946-47
Jack Givens,2,1979,1980,156,2601,416,1037,0,2,208,263,212,456,142,123,36,134,253,1040,.401,,.791,16.7,6.7,2.9,0.9,0.8,0.2,"Sep 21, 1956",Lexington,Kentucky ,US,NBA,1978-79
Clarence Glover,1,1972,1972,25,119,25,55,,,15,32,,46,4,,,,26,65,.455,,.469,4.8,2.6,1.8,0.2,,,"Nov 1, 1947",Horse Cave,Kentucky ,US,NBA,1971-72
Darrell Griffith,10,1981,1991,765,21403,5237,11305,530,1596,1387,1961,780,2519,1627,931,242,1632,1689,12391,.463,.332,.707,28.0,16.2,3.3,2.1,1.2,0.3,"Jun 16, 1958",Louisville,Kentucky ,US,NBA,1980-81
Anthony Grundy,1,2006,2006,12,108,19,38,5,15,9,14,1,17,9,7,0,9,14,52,.500,.333,.643,9.0,4.3,1.4,0.8,0.6,0.0,"Apr 15, 1979",Louisville,Kentucky ,US,NBA,2005-06
Cliff Hagan*,13,1957,1970,839,24074,5750,12661,0,5,3370,4219,47,5555,2646,,,294,2665,14870,.454,,.799,28.7,17.7,6.6,3.2,,,"Dec 9, 1931",Owensboro,Kentucky ,US,NBA,1956-57
Tom Hagan,2,1970,1971,73,916,137,327,19,58,65,92,41,113,135,,,68,120,358,.419,.328,.707,12.5,4.9,1.5,1.8,,,"Jan 29, 1947",Louisville,Kentucky ,US,NBA,1969-70
Joe Hamilton,6,1971,1976,344,9098,1564,3829,243,778,774,959,230,884,1208,88,5,518,907,4145,.408,.312,.807,26.4,12.0,2.6,3.5,0.9,0.1,"Jul 5, 1948",Lexington,Kentucky ,US,NBA,1970-71
Steve Hamilton,2,1959,1960,82,1094,138,371,,,92,132,,278,43,,,,183,368,.372,,.697,13.3,4.5,3.4,0.5,,,"Nov 30, 1934",Columbia,Kentucky ,US,NBA,1958-59
Clem Haskins,9,1968,1976,681,17624,3515,7824,,,1713,2163,119,2087,2382,127,30,,1504,8743,.449,,.792,25.9,12.8,3.1,3.5,0.6,0.1,"Jul 11, 1943",Campbellsville,Kentucky ,US,NBA,1967-68
Vern Hatton,4,1959,1962,225,3666,485,1409,,,274,373,,531,310,,,,294,1244,.344,,.735,16.3,5.5,2.4,1.4,,,"Jan 13, 1936",Owingsville,Kentucky ,US,NBA,1958-59
Aaron Henry,1,2022,2022,6,17,1,5,0,1,0,0,0,1,0,0,2,2,2,2,.200,.000,,2.8,0.3,0.2,0.0,0.0,0.3,"Aug 30, 1999",Louisville,Kentucky ,US,NBA,2021-22
Player,Yrs,0,To,G,MP,FG,FGA,3P,3PA,FT,FTA,ORB,TRB,AST,STL,BLK,TOV,PF,PTS,FG%,3P%,FT%,MP,PTS,TRB,AST,STL,BLK,Date,City,Kentucky ,US,NBA,-1-
Kenny Higgs,3,1979,1982,216,4435,538,1221,8,55,386,480,65,391,944,239,23,369,682,1470,.441,,.804,20.5,6.8,1.8,4.4,1.1,0.1,"Jan 31, 1955",Owensboro,Kentucky ,US,NBA,1978-79
Joe Holland,3,1950,1952,186,737,434,1312,,,216,348,,510,327,,,,538,1084,.331,,.621,13.4,5.8,4.2,1.8,,,"Sep 26, 1925",Birmingham,Kentucky ,US,NBA,1949-50
Bobby Hooper,1,1969,1969,54,955,112,271,4,32,43,59,35,109,142,,,52,91,271,.413,.125,.729,17.7,5.0,2.0,2.6,,,"Dec 22, 1946",Owenton,Kentucky ,US,NBA,1968-69
Scotty Hopson,3,2014,2022,4,33,2,9,0,3,2,4,0,1,3,1,0,3,1,6,.222,.000,.500,8.3,1.5,0.3,0.8,0.3,0.0,"Aug 8, 1989",Hopkinsville,Kentucky ,US,NBA,2013-14
Allan Houston,12,1994,2005,839,28311,5337,12017,1305,3247,2572,2979,353,2434,1990,566,139,1760,2062,14551,.444,.402,.863,33.7,17.3,2.9,2.4,0.7,0.2,"Apr 20, 1971",Louisville,Kentucky ,US,NBA,1993-94
Tony Jackson,1,1981,1981,2,14,1,3,0,0,0,0,0,2,2,2,0,0,1,2,.333,,,7.0,1.0,1.0,1.0,1.0,0.0,"Jan 17, 1958",Lexington,Kentucky ,US,NBA,1980-81
David Johnson,1,2022,2022,2,2,0,1,0,1,0,0,0,0,0,0,0,0,0,0,.000,.000,,1.0,0.0,0.0,0.0,0.0,0.0,"Feb 26, 2001",Louisville,Kentucky ,US,NBA,2021-22
Larry Johnson,1,1978,1978,4,38,3,13,,,0,2,1,5,7,5,2,3,3,6,.231,,.000,9.5,1.5,1.3,1.8,1.3,0.5,"Nov 28, 1954",Morganfield,Kentucky ,US,NBA,1977-78
Wah Wah Jones,3,1950,1952,140,1320,521,1467,,,386,510,,408,429,,,,452,1428,.355,,.757,22.8,10.2,5.1,3.1,,,"Jul 14, 1926",Harlan,Kentucky ,US,NBA,1949-50
Ron King,1,1974,1974,9,126,24,70,2,6,14,17,8,19,14,5,2,7,14,64,.343,.333,.824,14.0,7.1,2.1,1.6,0.6,0.2,"Jul 11, 1951",Louisville,Kentucky ,US,NBA,1973-74
Frank Kornet,2,1990,1991,89,595,65,176,10,38,31,52,35,95,30,19,4,34,82,171,.369,.263,.596,6.7,1.9,1.1,0.3,0.2,0.0,"Jan 27, 1967",Lexington,Kentucky ,US,NBA,1989-90
Tommy Kron,4,1967,1970,224,3632,505,1305,7,19,334,435,24,672,605,,,59,525,1351,.387,,.768,16.2,6.0,3.0,2.7,,,"Feb 28, 1943",Owensboro,Kentucky ,US,NBA,1966-67
Paul Long,4,1968,1971,80,518,117,273,0,0,75,98,5,66,66,,,15,79,309,.429,,.765,6.5,3.9,0.8,0.8,,,"Feb 8, 1944",Louisville,Kentucky ,US,NBA,1967-68
Shelvin Mack,8,2012,2019,456,8392,1165,2752,302,916,365,499,118,894,1421,300,24,560,568,2997,.423,.330,.731,18.4,6.6,2.0,3.1,0.7,0.1,"Apr 22, 1990",Lexington,Kentucky ,US,NBA,2011-12
Rudy Macklin,3,1982,1984,160,2752,392,874,0,7,246,317,203,464,121,82,30,207,431,1030,.449,.000,.776,17.2,6.4,2.9,0.8,0.5,0.2,"Feb 19, 1958",Louisville,Kentucky ,US,NBA,1981-82
Kelan Martin,3,2020,2022,96,1267,203,490,71,231,48,54,47,229,61,30,28,50,122,525,.414,.307,.889,13.2,5.5,2.4,0.6,0.3,0.3,"Aug 3, 1995",Louisville,Kentucky ,US,NBA,2019-20
Jim McDaniels,5,1972,1978,271,5242,1146,2459,0,0,406,564,412,1748,288,23,79,254,681,2698,.466,,.720,19.3,10.0,6.5,1.1,0.2,0.6,"Apr 2, 1948",Scottsville,Kentucky ,US,NBA,1971-72
Bill Miller,1,1949,1949,28,,21,72,,,11,20,,,20,,,,32,53,.292,,.550,,1.9,,0.7,,,"Nov 24, 1924",Berea,Kentucky ,US,NBA,1948-49
Bob Miller,1,1984,1984,2,8,2,3,0,0,0,0,2,5,1,0,1,0,5,4,.667,,,4.0,2.0,2.5,0.5,0.0,0.5,"Jul 9, 1956",Louisville,Kentucky ,US,NBA,1983-84
Darius Miller,6,2013,2021,271,5358,545,1300,344,898,163,194,51,447,367,123,66,171,523,1597,.419,.383,.840,19.8,5.9,1.6,1.4,0.5,0.2,"Mar 21, 1990",Maysville,Kentucky ,US,NBA,2012-13
Player,Yrs,0,To,G,MP,FG,FGA,3P,3PA,FT,FTA,ORB,TRB,AST,STL,BLK,TOV,PF,PTS,FG%,3P%,FT%,MP,PTS,TRB,AST,STL,BLK,Date,City,Kentucky ,US,NBA,-1-
John Mills,1,1947,1947,47,,55,187,,,71,129,,,9,,,,94,181,.294,,.550,,3.9,,0.2,,,"Sep 7, 1919",Flat Lick,Kentucky ,US,NBA,1946-47
Dirk Minniefield,3,1986,1988,222,3801,493,1050,25,92,176,238,102,367,845,196,11,358,472,1187,.470,.272,.739,17.1,5.3,1.7,3.8,0.9,0.0,"Jan 17, 1961",Lexington,Kentucky ,US,NBA,1985-86
Dwayne Morton,1,1995,1995,41,395,50,129,9,25,58,85,21,58,18,11,15,27,45,167,.388,.360,.682,9.6,4.1,1.4,0.4,0.3,0.4,"Aug 8, 1971",Louisville,Kentucky ,US,NBA,1994-95
Bob Naber,1,1953,1953,4,11,0,4,,,1,2,,5,1,,,,6,1,.000,,.500,2.8,0.3,1.3,0.3,,,"Sep 3, 1929",Covington,Kentucky ,US,NBA,1952-53
Paul Noel,5,1948,1952,201,32,259,889,,,143,225,,85,140,,,,324,661,.291,,.636,4.0,3.3,1.4,0.7,,,"Aug 17, 1924",Midway,Kentucky ,US,NBA,1947-48
Ralph O'Brien,2,1952,1953,119,2335,324,899,,,200,241,,192,180,,,,189,848,.360,,.830,19.6,7.1,1.6,1.5,,,"Apr 8, 1928",Henshaw,Kentucky ,US,NBA,1951-52
John Oldham,2,1950,1951,127,,326,1023,,,274,437,,242,226,,,,434,926,.319,,.627,,7.3,3.6,1.8,,,"Jun 22, 1923",Beaver Dam,Kentucky ,US,NBA,1949-50
Scott Padgett,8,2000,2007,448,5613,679,1658,240,644,276,375,402,1227,325,182,86,253,681,1874,.410,.373,.736,12.5,4.2,2.7,0.7,0.4,0.2,"Apr 19, 1976",Louisville,Kentucky ,US,NBA,1999-00
Jack Parr,1,1959,1959,66,1037,109,307,,,44,73,,278,51,,,,138,262,.355,,.603,15.7,4.0,4.2,0.8,,,"Mar 13, 1936",Louisville,Kentucky ,US,NBA,1958-59
Charlie Parsley,1,1950,1950,9,,8,31,,,6,7,,,8,,,,7,22,.258,,.857,,2.4,,0.9,,,"Oct 13, 1925",London,Kentucky ,US,NBA,1949-50
Jim Price,7,1973,1979,510,12815,2129,4798,,,830,1018,389,1566,1886,724,126,275,1369,5088,.444,,.815,25.1,10.0,3.1,3.7,1.6,0.3,"Nov 27, 1949",Russellville,Kentucky ,US,NBA,1972-73
Mike Price,3,1971,1973,123,1067,163,405,0,0,71,92,1,157,90,,,4,177,397,.402,,.772,8.7,3.2,1.3,0.7,,,"Sep 11, 1948",Russellville,Kentucky ,US,NBA,1970-71
Frank Ramsey*,9,1955,1964,623,15330,2949,7382,,,2480,3083,,3410,1134,,,,2158,8378,.399,,.804,24.6,13.4,5.5,1.8,,,"Jul 13, 1931",Corydon,Kentucky ,US,NBA,1954-55
Bobby Rascoe,3,1968,1970,159,2887,450,1061,3,21,325,423,57,438,208,,,181,292,1228,.424,.143,.768,18.2,7.7,2.8,1.3,,,"Jul 22, 1940",Trigg County,Kentucky ,US,NBA,1967-68
Arnie Risen*,10,1949,1958,637,12690,2610,6850,,,2413,3451,,5011,1058,,,,2449,7633,.381,,.699,28.3,12.0,9.7,1.7,,,"Oct 9, 1924",Lexington,Kentucky ,US,NBA,1948-49
Tex Ritter,3,1949,1951,151,,262,753,,,265,393,,65,145,,,,224,789,.348,,.674,,5.2,1.9,1.0,,,"Feb 26, 1924",Richmond,Kentucky ,US,NBA,1948-49
Phil Rollins,3,1959,1961,177,2742,350,910,,,198,305,,395,458,,,,320,898,.385,,.649,15.5,5.1,2.2,2.6,,,"Jan 19, 1934",Wickliffe,Kentucky ,US,NBA,1958-59
Rajon Rondo,16,2007,2022,957,28570,3886,8516,449,1384,1116,1826,910,4349,7584,1518,125,2586,1997,9337,.456,.324,.611,29.9,9.8,4.5,7.9,1.6,0.1,"Feb 22, 1986",Louisville,Kentucky ,US,NBA,2006-07
D'Angelo Russell,10,2016,2025,617,18437,3862,9018,1553,4236,1453,1823,296,2082,3523,654,201,1626,1175,10730,.428,.367,.797,29.9,17.4,3.4,5.7,1.1,0.3,"Feb 23, 1996",Louisville,Kentucky ,US,NBA,2015-16
Jay Scrubb,3,2021,2023,24,235,37,89,10,32,13,17,4,36,10,10,3,17,16,97,.416,.313,.765,9.8,4.0,1.5,0.4,0.4,0.1,"Sep 1, 2000",Louisville,Kentucky ,US,NBA,2020-21
Player,Yrs,0,To,G,MP,FG,FGA,3P,3PA,FT,FTA,ORB,TRB,AST,STL,BLK,TOV,PF,PTS,FG%,3P%,FT%,MP,PTS,TRB,AST,STL,BLK,Date,City,Kentucky ,US,NBA,-1-
Frank Selvy,9,1955,1964,565,14908,2222,5640,,,1676,2302,,2098,1579,,,,1241,6120,.394,,.728,26.4,10.8,3.7,2.8,,,"Nov 9, 1932",Corbin,Kentucky ,US,NBA,1954-55
Reed Sheppard,1,2025,2025,41,472,52,168,28,102,9,10,16,56,43,24,14,23,38,141,.310,.275,.900,11.5,3.4,1.4,1.0,0.6,0.3,"Jun 24, 2004",London,Kentucky ,US,NBA,2024-25
Mike Silliman,1,1971,1971,36,366,36,79,,,19,39,,62,23,,,,37,91,.456,,.487,10.2,2.5,1.7,0.6,,,"May 5, 1944",Louisville,Kentucky ,US,NBA,1970-71
Alvin Sims,1,1999,1999,4,25,4,10,1,1,2,5,3,4,5,2,0,6,2,11,.400,1.000,.400,6.3,2.8,1.0,1.3,0.5,0.0,"Oct 18, 1974",Paris,Kentucky ,US,NBA,1998-99
Adrian Smith,11,1962,1972,772,19010,3174,7389,2,11,2400,2865,14,1626,1739,,,34,1829,8750,.430,,.838,24.6,11.3,2.1,2.3,,,"Oct 5, 1936",Farmington,Kentucky ,US,NBA,1961-62
Donta Smith,2,2005,2006,61,560,59,140,8,26,39,60,22,66,48,31,5,29,70,165,.421,.308,.650,9.2,2.7,1.1,0.8,0.5,0.1,"Nov 27, 1983",Louisville,Kentucky ,US,NBA,2004-05
Garfield Smith,3,1971,1973,134,1470,186,426,0,0,56,180,140,438,56,,,33,272,428,.437,,.311,11.0,3.2,3.3,0.4,,,"Nov 18, 1945",Campbellsville,Kentucky ,US,NBA,1970-71
Greg Smith,8,1969,1976,524,12269,1737,3607,,,623,965,94,3249,969,63,12,,1553,4097,.482,,.646,23.4,7.8,6.2,1.8,0.5,0.1,"Jan 28, 1947",Princeton,Kentucky ,US,NBA,1968-69
Nolan Smith,2,2012,2013,84,829,109,294,19,73,40,56,24,83,97,25,4,71,81,277,.371,.260,.714,9.9,3.3,1.0,1.2,0.3,0.0,"Jul 25, 1988",Louisville,Kentucky ,US,NBA,2011-12
Sam Smith,4,1968,1971,255,6303,803,2004,5,25,486,740,509,1776,274,,,306,558,2097,.401,.200,.657,24.7,8.2,7.0,1.1,,,"Jan 27, 1944",Hazard,Kentucky ,US,NBA,1967-68
Ray Spalding,2,2019,2021,16,167,27,51,0,4,4,14,17,52,5,9,10,12,26,58,.529,.000,.286,10.4,3.6,3.3,0.3,0.6,0.6,"Mar 11, 1997",Louisville,Kentucky ,US,NBA,2018-19
Odie Spears,8,1949,1957,479,8104,1488,4066,,,1185,1554,,1409,917,,,,1580,4161,.366,,.763,22.9,8.7,4.0,1.9,,,"Jun 17, 1924",Scottsville,Kentucky ,US,NBA,1948-49
Felton Spencer,12,1991,2002,640,12298,1194,2466,0,1,966,1469,1313,3436,213,248,534,667,2116,3354,.484,.000,.658,19.2,5.2,5.4,0.3,0.4,0.8,"Jan 15, 1968",Louisville,Kentucky ,US,NBA,1990-91
Larry Staverman,5,1959,1964,265,3380,474,1019,,,289,368,,1019,251,,,,577,1237,.465,,.785,12.8,4.7,3.8,0.9,,,"Oct 11, 1936",Newport,Kentucky ,US,NBA,1958-59
George Stone,4,1969,1972,259,6953,1370,3089,144,446,646,827,427,1480,333,,,373,747,3530,.444,.323,.781,26.8,13.6,5.7,1.3,,,"Feb 9, 1946",Murray,Kentucky ,US,NBA,1968-69
Dan Swartz,1,1963,1963,39,335,57,150,,,61,72,,88,21,,,,92,175,.380,,.847,8.6,4.5,2.3,0.5,,,"Dec 23, 1934",Owingsville,Kentucky ,US,NBA,1962-63
Buck Sydnor,1,1947,1947,15,,5,26,,,5,10,,,0,,,,6,15,.192,,.500,,1.0,,0.0,,,"Sep 19, 1921",Logan County,Kentucky ,US,NBA,1946-47
Terry Taylor,3,2022,2024,95,1166,194,334,19,66,46,67,139,256,61,22,16,39,104,453,.581,.288,.687,12.3,4.8,2.7,0.6,0.2,0.2,"Sep 23, 1999",Bowling Green,Kentucky ,US,NBA,2021-22
Vince Taylor,1,1983,1983,31,321,37,102,0,0,21,32,19,36,41,20,2,30,54,95,.363,,.656,10.4,3.1,1.2,1.3,0.6,0.1,"Sep 11, 1960",Lexington,Kentucky ,US,NBA,1982-83
Tom Thacker,7,1964,1971,314,3641,423,1174,10,44,164,323,129,822,466,,,149,611,1020,.360,,.508,11.6,3.2,2.6,1.5,,,"Nov 2, 1939",Covington,Kentucky ,US,NBA,1963-64
Player,Yrs,0,To,G,MP,FG,FGA,3P,3PA,FT,FTA,ORB,TRB,AST,STL,BLK,TOV,PF,PTS,FG%,3P%,FT%,MP,PTS,TRB,AST,STL,BLK,Date,City,Kentucky ,US,NBA,-1-
Ron Thomas,4,1973,1976,264,3292,439,938,3,14,170,317,437,1075,198,160,39,234,530,1051,.468,.214,.536,12.5,4.0,4.1,0.8,0.7,0.2,"Nov 19, 1950",Louisville,Kentucky ,US,NBA,1972-73
Dallas Thornton,2,1969,1970,50,870,123,284,2,11,93,142,43,141,74,,,98,106,341,.433,.182,.655,17.4,6.8,2.8,1.5,,,"Sep 1, 1946",Louisville,Kentucky ,US,NBA,1968-69
Dan Tieman,1,1963,1963,29,176,15,57,,,4,10,,22,27,,,,18,34,.263,,.400,6.1,1.2,0.8,0.9,,,"Nov 30, 1940",Covington,Kentucky ,US,NBA,1962-63
Jack Tingle,2,1948,1949,39,,37,143,,,17,33,,,8,,,,47,91,.259,,.515,,2.3,,0.2,,,"Dec 30, 1924",Bedford,Kentucky ,US,NBA,1947-48
George Tinsley,2,1970,1972,133,1864,245,581,6,30,208,280,177,385,114,,,124,271,704,.422,.200,.743,14.0,5.3,2.9,0.9,,,"Sep 19, 1946",Louisville,Kentucky ,US,NBA,1969-70
Blackie Towery,2,1949,1950,128,,425,1449,,,348,465,,,313,,,,487,1198,.293,,.748,,9.4,,2.4,,,"Jun 20, 1920",Caldwell,Kentucky ,US,NBA,1948-49
Jim Tucker,3,1955,1957,99,1301,157,450,,,93,122,,349,52,,,,242,407,.349,,.762,13.1,4.1,3.5,0.5,,,"Dec 11, 1932",Paris,Kentucky ,US,NBA,1954-55
Jack Turner,1,1962,1962,42,567,84,221,,,32,42,,85,44,,,,51,200,.380,,.762,13.5,4.8,2.0,1.0,,,"Jun 5, 1939",Newport,Kentucky ,US,NBA,1961-62
Melvin Turpin,5,1985,1990,361,6871,1297,2513,1,9,476,613,575,1655,183,155,348,431,853,3071,.516,.111,.777,19.0,8.5,4.6,0.5,0.4,1.0,"Dec 28, 1960",Lexington,Kentucky ,US,NBA,1984-85
Charlie Tyra,5,1958,1962,348,7811,1213,3131,,,665,990,,2567,315,,,,987,3091,.387,,.672,22.4,8.9,7.4,0.9,,,"Aug 16, 1935",Louisville,Kentucky ,US,NBA,1957-58
Wes Unseld*,13,1969,1981,984,35832,4369,8586,3,6,1883,2976,2085,13769,3822,628,367,579,2762,10624,.509,,.633,36.4,10.8,14.0,3.9,1.1,0.6,"Mar 14, 1946",Louisville,Kentucky ,US,NBA,1968-69
Virgil Vaughn,1,1947,1947,17,,15,78,,,15,28,,,10,,,,18,45,.192,,.536,,2.6,,0.6,,,"May 15, 1918",Webster County,Kentucky ,US,NBA,1946-47
Paul Walther,6,1950,1955,370,7258,968,2671,,,902,1274,,1168,974,,,,1069,2838,.362,,.708,28.6,7.7,3.7,2.6,,,"Mar 23, 1927",Covington,Kentucky ,US,NBA,1949-50
Bob Warren,8,1969,1976,486,9908,1527,3471,96,367,1197,1494,688,1546,898,65,28,832,1123,4347,.440,.262,.801,20.4,8.9,3.2,1.8,0.5,0.2,"Jul 17, 1946",Murray,Kentucky ,US,NBA,1968-69
P.J. Washington,6,2020,2025,378,11546,1842,4125,663,1854,591,830,463,2205,852,369,368,593,952,4938,.447,.358,.712,30.5,13.1,5.8,2.3,1.0,1.0,"Aug 23, 1998",Louisville,Kentucky ,US,NBA,2019-20
Bobby Watson,1,1955,1955,63,702,72,223,,,31,45,,87,79,,,,67,175,.323,,.689,11.1,2.8,1.4,1.3,,,"Mar 22, 1930",Central City,Kentucky ,US,NBA,1954-55
Bubba Wells,1,1998,1998,39,395,48,116,1,6,31,43,22,68,34,15,4,31,40,128,.414,.167,.721,10.1,3.3,1.7,0.9,0.4,0.1,"Jul 26, 1974",Russellville,Kentucky ,US,NBA,1997-98
DeJuan Wheat,2,1998,1999,80,740,93,243,30,77,49,70,14,56,127,32,3,57,71,265,.383,.390,.700,9.3,3.3,0.7,1.6,0.4,0.0,"Oct 14, 1973",Louisville,Kentucky ,US,NBA,1997-98
Chris Whitney,11,1994,2004,579,10052,1227,3110,552,1528,732,837,97,815,1613,351,32,619,984,3738,.395,.361,.875,17.4,6.5,1.4,2.8,0.6,0.1,"Oct 5, 1971",Hopkinsville,Kentucky ,US,NBA,1993-94
Rick Wilson,2,1979,1980,66,648,83,211,0,0,28,50,22,79,83,34,9,49,69,194,.393,,.560,9.8,2.9,1.2,1.3,0.5,0.1,"Feb 7, 1956",Louisville,Kentucky ,US,NBA,1978-79
Player,Yrs,0,To,G,MP,FG,FGA,3P,3PA,FT,FTA,ORB,TRB,AST,STL,BLK,TOV,PF,PTS,FG%,3P%,FT%,MP,PTS,TRB,AST,STL,BLK,Date,City,Kentucky ,US,NBA,-1-
Howie Wright,2,1971,1972,53,616,94,245,9,42,40,50,23,80,63,,,60,89,237,.384,.214,.800,11.6,4.5,1.5,1.2,,,"Feb 22, 1947",Louisville,Kentucky ,US,NBA,1970-71
D.J. Augustin,14,2009,2022,976,22851,2994,7270,1262,3311,2009,2317,292,1805,3761,567,32,1428,1350,9259,.412,.381,.867,23.4,9.5,1.8,3.9,0.6,0.0,"Nov 10, 1987",New Orleans,Louisiana ,US,NBA,2008-09
Amari Bailey,1,2024,2024,10,65,8,24,1,8,6,7,6,9,7,3,0,4,2,23,.333,.125,.857,6.5,2.3,0.9,0.7,0.3,0.0,"Feb 17, 2004",New Orleans,Louisiana ,US,NBA,2023-24
Brandon Bass,12,2006,2017,758,16410,2558,5125,12,58,1447,1740,1139,3448,608,295,479,718,1375,6575,.499,.207,.832,21.6,8.7,4.5,0.8,0.4,0.6,"Apr 30, 1985",Baton Rouge,Louisiana ,US,NBA,2005-06
Benoit Benjamin,15,1986,2000,807,21911,3588,7224,1,21,2046,2837,1459,6063,1070,522,1581,1847,2292,9223,.497,.048,.721,27.2,11.4,7.5,1.3,0.6,2.0,"Nov 22, 1964",Monroe,Louisiana ,US,NBA,1985-86
David Benoit,7,1992,2001,492,9314,1335,3051,211,661,574,722,576,1983,287,216,246,424,1021,3455,.438,.319,.795,18.9,7.0,4.0,0.6,0.4,0.5,"May 9, 1968",Lafayette,Louisiana ,US,NBA,1991-92
Tim Breaux,3,1995,1998,102,940,108,293,22,74,61,96,38,96,41,24,13,47,68,299,.369,.297,.635,9.2,2.9,0.9,0.4,0.2,0.1,"Sep 19, 1970",Baton Rouge,Louisiana ,US,NBA,1994-95
Frankie Brian,7,1950,1956,438,7616,1765,5192,,,1849,2251,,903,1138,,,,1127,5379,.340,,.821,24.9,12.3,2.4,2.6,,,"May 1, 1923",Zachary,Louisiana ,US,NBA,1949-50
George Brown,1,1958,1958,1,6,0,2,,,1,2,,1,0,,,,1,1,.000,,.500,6.0,1.0,1.0,0.0,,,"Oct 30, 1935",New Orleans,Louisiana ,US,NBA,1957-58
Kedrick Brown,4,2002,2005,143,1935,203,501,46,168,57,89,98,347,103,85,28,64,170,509,.405,.274,.640,13.5,3.6,2.4,0.7,0.6,0.2,"Mar 18, 1981",Zachary,Louisiana ,US,NBA,2001-02
Markel Brown,3,2015,2018,113,1794,205,539,56,190,118,151,40,234,132,69,27,83,157,584,.380,.295,.781,15.9,5.2,2.1,1.2,0.6,0.2,"Jan 29, 1992",Pineville,Louisiana ,US,NBA,2014-15
Tierre Brown,4,2002,2005,134,1654,202,526,30,85,93,121,41,166,266,64,4,143,95,527,.384,.353,.769,12.3,3.9,1.2,2.0,0.5,0.0,"Jun 3, 1979",Iowa,Louisiana ,US,NBA,2001-02
Stanley Brundy,1,1990,1990,16,128,15,30,0,0,7,18,15,26,3,6,5,6,24,37,.500,,.389,8.0,2.3,1.6,0.2,0.4,0.3,"Nov 13, 1967",New Orleans,Louisiana ,US,NBA,1989-90
Jared Butler,4,2022,2025,124,1420,270,590,76,233,83,104,31,156,293,65,23,122,154,699,.458,.326,.798,11.5,5.6,1.3,2.4,0.5,0.2,"Aug 25, 2000",Reserve,Louisiana ,US,NBA,2021-22
Chet Carlisle,1,1947,1947,51,,100,373,,,56,92,,,17,,,,136,256,.268,,.609,,5.0,,0.3,,,"Nov 2, 1916",Crowley,Louisiana ,US,NBA,1946-47
Howard Carter,2,1984,1985,66,754,149,339,5,22,48,62,39,89,75,20,4,50,85,351,.440,.227,.774,11.4,5.3,1.3,1.1,0.3,0.1,"Oct 26, 1961",Baton Rouge,Louisiana ,US,NBA,1983-84
Don Chaney,12,1969,1980,790,18881,2704,6195,2,10,1253,1614,748,3147,1762,558,232,278,2248,6663,.436,,.776,23.9,8.4,4.0,2.2,1.2,0.5,"Mar 22, 1946",Baton Rouge,Louisiana ,US,NBA,1968-69
John Chaney,1,1950,1950,16,,25,86,,,20,29,,,20,,,,23,70,.291,,.690,,4.4,,1.3,,,"Feb 29, 1920",Zachary,Louisiana ,US,NBA,1949-50
Leroy Chollet,2,1950,1951,63,,67,230,,,47,75,,15,49,,,,81,181,.291,,.627,,2.9,1.1,0.8,,,"Mar 5, 1925",New Orleans,Louisiana ,US,NBA,1949-50
John Comeaux,1,1968,1968,23,189,27,63,0,0,23,32,,28,11,,,15,27,77,.429,,.719,8.2,3.3,1.2,0.5,,,"Sep 15, 1943",Lafayette,Louisiana ,US,NBA,1967-68
Glen Davis,8,2008,2015,514,10865,1614,3611,10,55,873,1247,731,2236,457,357,173,528,1238,4111,.447,.182,.700,21.1,8.0,4.4,0.9,0.7,0.3,"Jan 1, 1986",Baton Rouge,Louisiana ,US,NBA,2007-08
Player,Yrs,0,To,G,MP,FG,FGA,3P,3PA,FT,FTA,ORB,TRB,AST,STL,BLK,TOV,PF,PTS,FG%,3P%,FT%,MP,PTS,TRB,AST,STL,BLK,Date,City,Louisiana ,US,NBA,-1-
Mark Davis,5,1996,2000,230,3681,473,1071,28,114,287,438,291,697,294,200,75,324,481,1261,.442,.246,.655,16.0,5.5,3.0,1.3,0.9,0.3,"Apr 26, 1973",Thibodaux,Louisiana ,US,NBA,1995-96
Dexter Dennis,1,2024,2024,4,30,10,19,1,8,1,3,1,9,4,0,1,3,1,22,.526,.125,.333,7.5,5.5,2.3,1.0,0.0,0.3,"Feb 9, 1999",Baker,Louisiana ,US,NBA,2023-24
Bryce Drew,6,1999,2004,243,3970,419,1096,150,404,93,112,56,295,524,123,10,209,291,1081,.382,.371,.830,16.3,4.4,1.2,2.2,0.5,0.0,"Sep 21, 1974",Baton Rouge,Louisiana ,US,NBA,1998-99
Clyde Drexler*,15,1984,1998,1086,37537,8335,17673,827,2603,4698,5962,2615,6677,6125,2207,719,2977,3285,22195,.472,.318,.788,34.6,20.4,6.1,5.6,2.0,0.7,"Jun 22, 1962",New Orleans,Louisiana ,US,NBA,1983-84
Chris Duhon,9,2005,2013,606,15526,1353,3440,649,1788,591,754,200,1364,2690,471,36,925,965,3946,.393,.363,.784,25.6,6.5,2.3,4.4,0.8,0.1,"Aug 31, 1982",Mamou,Louisiana ,US,NBA,2004-05
Joe Dumars*,14,1986,1999,1018,35139,5994,13026,990,2592,3423,4059,671,2203,4612,902,83,2084,1826,16401,.460,.382,.843,34.5,16.1,2.2,4.5,0.9,0.1,"May 24, 1963",Shreveport,Louisiana ,US,NBA,1985-86
Ledell Eackles,7,1989,1998,441,8917,1810,4071,137,408,1026,1338,362,979,740,249,31,600,794,4783,.445,.336,.767,20.2,10.8,2.2,1.7,0.6,0.1,"Nov 24, 1966",Baton Rouge,Louisiana ,US,NBA,1988-89
Sherell Ford,1,1996,1996,28,139,30,80,4,25,26,34,12,24,5,8,1,6,27,90,.375,.160,.765,5.0,3.2,0.9,0.2,0.3,0.0,"Aug 26, 1972",Baton Rouge,Louisiana ,US,NBA,1995-96
De'Aaron Fox,8,2018,2025,522,17362,4147,8812,802,2414,2142,2875,325,2047,3202,747,219,1427,1362,11238,.471,.332,.745,33.3,21.5,3.9,6.1,1.4,0.4,"Dec 20, 1997",New Orleans,Louisiana ,US,NBA,2017-18
Melvin Frazier,3,2019,2022,32,290,35,103,9,43,8,15,10,28,5,11,2,9,25,87,.340,.209,.533,9.1,2.7,0.9,0.2,0.3,0.1,"Aug 30, 1996",New Orleans,Louisiana ,US,NBA,2018-19
Will Frazier,3,1966,1969,153,3504,575,1386,1,2,349,572,148,1087,171,,,221,420,1500,.415,,.610,22.9,9.8,7.1,1.1,,,"Aug 25, 1942",Minden,Louisiana ,US,NBA,1965-66
Langston Galloway,8,2015,2022,452,9840,1304,3286,639,1738,409,501,212,1106,732,304,64,269,704,3656,.397,.368,.816,21.8,8.1,2.4,1.6,0.7,0.1,"Dec 9, 1991",Baton Rouge,Louisiana ,US,NBA,2014-15
Danny Granger,10,2006,2015,586,18487,3332,7672,1006,2644,2185,2577,674,2888,1097,561,481,1098,1628,9855,.434,.380,.848,31.5,16.8,4.9,1.9,1.0,0.8,"Apr 20, 1983",New Orleans,Louisiana ,US,NBA,2005-06
Josh Gray,2,2018,2020,7,109,12,43,3,13,7,11,3,12,14,8,2,12,9,34,.279,.231,.636,15.6,4.9,1.7,2.0,1.1,0.3,"Sep 9, 1993",Lake Charles,Louisiana ,US,NBA,2017-18
Tommie Green,1,1979,1979,59,809,92,237,,,48,63,20,68,140,61,6,89,111,232,.388,,.762,13.7,3.9,1.2,2.4,1.0,0.1,"Apr 8, 1956",Baton Rouge,Louisiana ,US,NBA,1978-79
Tony Harris,3,1991,1995,14,147,16,55,3,12,33,38,3,11,8,5,0,10,15,68,.291,.250,.868,10.5,4.9,0.8,0.6,0.4,0.0,"May 13, 1967",Monroe,Louisiana ,US,NBA,1990-91
Elvin Hayes*,16,1969,1984,1303,50000,10976,24272,5,34,5356,7999,2778,16279,2398,864,1771,1358,4193,27313,.452,,.670,38.4,21.0,12.5,1.8,1.0,2.0,"Nov 17, 1945",Rayville,Louisiana ,US,NBA,1968-69
Rod Higgins,13,1983,1995,779,17189,2483,5336,352,1030,1693,2095,946,2819,1254,485,359,786,1712,7011,.465,.342,.808,22.1,9.0,3.6,1.6,0.6,0.5,"Jan 31, 1960",Monroe,Louisiana ,US,NBA,1982-83
Aaron Holiday,7,2019,2025,427,7089,1006,2402,393,1043,352,411,122,682,871,259,74,372,629,2757,.419,.377,.856,16.6,6.5,1.6,2.0,0.6,0.2,"Sep 30, 1996",Ruston,Louisiana ,US,NBA,2018-19
Jerald Honeycutt,2,1998,1999,54,632,99,253,34,94,43,68,30,105,36,25,8,58,99,275,.391,.362,.632,11.7,5.1,1.9,0.7,0.5,0.1,"Oct 20, 1974",Shreveport,Louisiana ,US,NBA,1997-98
Player,Yrs,0,To,G,MP,FG,FGA,3P,3PA,FT,FTA,ORB,TRB,AST,STL,BLK,TOV,PF,PTS,FG%,3P%,FT%,MP,PTS,TRB,AST,STL,BLK,Date,City,Louisiana ,US,NBA,-1-
Bob Hopkins,4,1957,1960,273,5122,854,2168,,,529,695,,1526,189,,,,642,2237,.394,,.761,18.8,8.2,5.6,0.7,,,"Nov 3, 1934",Jonesboro,Louisiana ,US,NBA,1956-57
Jaren Jackson,12,1990,2002,431,7210,865,2215,346,980,294,385,207,786,500,258,53,348,725,2370,.391,.353,.764,16.7,5.5,1.8,1.2,0.6,0.1,"Oct 27, 1967",New Orleans,Louisiana ,US,NBA,1989-90
Aaron James,5,1975,1979,356,7671,1609,3347,,,611,804,549,1470,370,158,69,241,972,3829,.481,,.760,21.5,10.8,4.1,1.0,0.4,0.2,"Oct 5, 1952",New Orleans,Louisiana ,US,NBA,1974-75
Antawn Jamison,16,1999,2014,1083,37638,7679,17024,1163,3365,3521,4860,2557,8157,1761,1048,421,1714,2580,20042,.451,.346,.724,34.8,18.5,7.5,1.6,1.0,0.4,"Jun 12, 1976",Shreveport,Louisiana ,US,NBA,1998-99
DeJon Jarreau,2,2022,2024,10,151,17,50,4,13,5,11,8,44,26,6,2,9,14,43,.340,.308,.455,15.1,4.3,4.4,2.6,0.6,0.2,"Jan 23, 1998",New Orleans,Louisiana ,US,NBA,2021-22
Avery Johnson,16,1989,2004,1054,26615,3622,7564,27,186,1546,2190,379,1751,5846,1007,154,1748,1659,8817,.479,.145,.706,25.3,8.4,1.7,5.5,1.0,0.1,"Mar 25, 1965",New Orleans,Louisiana ,US,NBA,1988-89
Carldell Johnson,1,2012,2012,15,119,11,35,4,15,1,3,1,9,22,8,0,7,11,27,.314,.267,.333,7.9,1.8,0.6,1.5,0.5,0.0,"Jan 28, 1983",New Orleans,Louisiana ,US,NBA,2011-12
Dave Johnson,2,1993,1994,59,475,74,203,3,15,53,80,27,64,17,12,1,37,30,204,.365,.200,.663,8.1,3.5,1.1,0.3,0.2,0.0,"Nov 16, 1970",Morgan City,Louisiana ,US,NBA,1992-93
Ervin Johnson,13,1994,2006,845,16989,1393,2756,2,10,685,1133,1677,5148,387,471,1087,724,2430,3473,.505,.200,.605,20.1,4.1,6.1,0.5,0.6,1.3,"Dec 21, 1967",New Orleans,Louisiana ,US,NBA,1993-94
Marques Johnson,11,1978,1990,691,23694,5733,11065,14,92,2412,3265,1829,4817,2502,888,525,1627,1766,13892,.518,,.739,34.3,20.1,7.0,3.6,1.3,0.8,"Feb 8, 1956",Natchitoches,Louisiana ,US,NBA,1977-78
Damian Jones,8,2017,2024,279,3782,536,817,26,74,268,375,292,869,193,92,182,175,530,1366,.656,.351,.715,13.6,4.9,3.1,0.7,0.3,0.7,"Jun 30, 1995",Baton Rouge,Louisiana ,US,NBA,2016-17
Jimmy Jones,10,1968,1977,686,23463,4344,8530,10,40,2668,3398,683,2930,3069,265,47,1783,1995,11366,.509,,.785,34.2,16.6,4.3,4.5,1.2,0.2,"Jan 1, 1945",Tallulah,Louisiana ,US,NBA,1967-68
Perry Jones,3,2013,2015,143,1675,195,464,36,123,62,94,46,252,54,36,33,60,135,488,.420,.293,.660,11.7,3.4,1.8,0.4,0.3,0.2,"Sep 24, 1991",Winnsboro,Louisiana ,US,NBA,2012-13
Steve Jones,9,1968,1976,704,21028,4132,9310,186,550,2222,2702,652,2467,1515,96,28,1435,1981,10672,.444,,.822,29.9,15.2,3.5,2.2,0.4,0.1,"Oct 17, 1942",Alexandria,Louisiana ,US,NBA,1967-68
Harold Keeling,1,1986,1986,20,75,17,39,0,0,10,14,3,6,10,7,0,7,9,44,.436,,.714,3.8,2.2,0.3,0.5,0.4,0.0,"Sep 18, 1963",New Orleans,Louisiana ,US,NBA,1985-86
Carl Kilpatrick,1,1980,1980,2,6,1,2,0,0,1,2,1,4,0,0,0,0,1,3,.500,,.500,3.0,1.5,2.0,0.0,0.0,0.0,"May 16, 1956",Bastrop,Louisiana ,US,NBA,1979-80
Gerard King,3,1999,2001,126,1829,235,467,0,0,96,129,129,393,84,50,27,92,238,566,.503,,.744,14.5,4.5,3.1,0.7,0.4,0.2,"Nov 25, 1972",New Orleans,Louisiana ,US,NBA,1998-99
Oliver Lafayette,1,2010,2010,1,22,3,6,1,2,0,0,1,4,2,0,0,1,0,7,.500,.500,,22.0,7.0,4.0,2.0,0.0,0.0,"May 6, 1984",Baton Rouge,Louisiana ,US,NBA,2009-10
Edmund Lawrence,1,1981,1981,3,19,5,8,0,0,2,4,2,4,1,1,0,1,6,12,.625,,.500,6.3,4.0,1.3,0.3,0.3,0.0,"Dec 8, 1952",Lake Charles,Louisiana ,US,NBA,1980-81
Rashard Lewis,16,1999,2014,1049,33541,5644,12479,1787,4625,2504,3111,1418,5433,1765,1115,541,1577,2430,15579,.452,.386,.805,32.0,14.9,5.2,1.7,1.1,0.5,"Aug 8, 1979",Pineville,Louisiana ,US,NBA,1998-99
Player,Yrs,0,To,G,MP,FG,FGA,3P,3PA,FT,FTA,ORB,TRB,AST,STL,BLK,TOV,PF,PTS,FG%,3P%,FT%,MP,PTS,TRB,AST,STL,BLK,Date,City,Louisiana ,US,NBA,-1-
Randy Livingston,11,1997,2007,203,2684,304,749,34,97,131,170,74,282,415,121,31,223,297,773,.406,.351,.771,13.2,3.8,1.4,2.0,0.6,0.2,"Apr 2, 1975",New Orleans,Louisiana ,US,NBA,1996-97
Shawn Long,1,2017,2017,18,234,61,109,7,19,19,35,41,85,13,9,9,13,49,148,.560,.368,.543,13.0,8.2,4.7,0.7,0.5,0.5,"Jan 29, 1993",Morgan City,Louisiana ,US,NBA,2016-17
Bob Love,11,1967,1977,789,25120,5447,12688,,,3001,3728,552,4653,1123,232,56,,2130,13895,.429,,.805,31.8,17.6,5.9,1.4,0.8,0.2,"Dec 8, 1942",Bastrop,Louisiana ,US,NBA,1966-67
Karl Malone*,19,1986,2004,1476,54852,13528,26210,85,310,9787,13188,3562,14968,5248,2085,1145,4524,4578,36928,.516,.274,.742,37.2,25.0,10.1,3.6,1.4,0.8,"Jul 24, 1963",Summerfield,Louisiana ,US,NBA,1985-86
Jarell Martin,4,2016,2019,184,2927,376,867,63,182,183,239,189,639,114,67,73,144,411,998,.434,.346,.766,15.9,5.4,3.5,0.6,0.4,0.4,"May 24, 1994",Baton Rouge,Louisiana ,US,NBA,2015-16
Skylar Mays,4,2021,2024,105,1111,173,389,50,145,55,64,27,122,182,48,7,49,61,451,.445,.345,.859,10.6,4.3,1.2,1.7,0.5,0.1,"Sep 5, 1997",Baton Rouge,Louisiana ,US,NBA,2020-21
John McConathy,1,1952,1952,11,106,4,29,,,6,14,,20,8,,,,7,14,.138,,.429,9.6,1.3,1.8,0.7,,,"Apr 9, 1930",Sailes,Louisiana ,US,NBA,1951-52
Mel McGaha,1,1949,1949,51,,62,195,,,52,88,,,51,,,,104,176,.318,,.591,,3.5,,1.0,,,"Sep 26, 1926",Bastrop,Louisiana ,US,NBA,1948-49
Elijah Millsap,3,2015,2017,69,1120,93,284,29,104,72,106,37,191,78,63,19,78,159,287,.327,.279,.679,16.2,4.2,2.8,1.1,0.9,0.3,"Aug 12, 1987",Grambling,Louisiana ,US,NBA,2014-15
Paul Millsap,16,2007,2022,1085,30499,5455,11158,541,1588,3085,4190,2343,7673,2378,1327,1045,1829,3248,14536,.489,.341,.736,28.1,13.4,7.1,2.2,1.2,1.0,"Feb 10, 1985",Monroe,Louisiana ,US,NBA,2006-07
Greg Monroe,10,2011,2022,646,17670,3371,6556,1,17,1659,2361,1799,5293,1376,680,373,1198,1435,8402,.514,.059,.703,27.4,13.0,8.2,2.1,1.1,0.6,"Jun 4, 1990",New Orleans,Louisiana ,US,NBA,2010-11
Jackie Moreland,8,1961,1970,582,13617,2286,5446,6,20,1152,1598,414,3417,937,,,447,1847,5730,.420,,.721,23.4,9.8,5.9,1.6,,,"Mar 11, 1938",Minden,Louisiana ,US,NBA,1960-61
Calvin Natt,11,1980,1990,599,18818,4003,7580,16,73,2269,2954,1370,4070,1306,525,191,1256,1386,10291,.528,.219,.768,31.4,17.2,6.8,2.2,0.9,0.3,"Jan 8, 1957",Monroe,Louisiana ,US,NBA,1979-80
Kenny Natt,3,1981,1985,49,388,65,156,2,10,18,29,17,40,41,12,1,35,57,150,.417,.200,.621,7.9,3.1,0.8,0.8,0.2,0.0,"Oct 5, 1958",Monroe,Louisiana ,US,NBA,1980-81
Malik Newman,2,2020,2022,2,12,3,7,0,2,4,4,0,1,1,0,0,2,0,10,.429,.000,1.000,6.0,5.0,0.5,0.5,0.0,0.0,"Feb 21, 1997",Shreveport,Louisiana ,US,NBA,2019-20
Kelly Oubre Jr.,10,2016,2025,648,17507,3108,7107,971,2997,1373,1827,690,3002,734,675,322,718,1703,8560,.437,.324,.752,27.0,13.2,4.6,1.1,1.0,0.5,"Dec 9, 1995",New Orleans,Louisiana ,US,NBA,2015-16
Robert Pack,13,1992,2004,552,11462,1739,4090,114,390,1329,1689,261,1112,2556,605,43,1320,1041,4921,.425,.292,.787,20.8,8.9,2.0,4.6,1.1,0.1,"Feb 3, 1969",New Orleans,Louisiana ,US,NBA,1991-92
Gerald Paddio,3,1991,1994,129,1625,305,725,8,33,97,130,60,184,134,38,12,93,104,715,.421,.242,.746,12.6,5.5,1.4,1.0,0.3,0.1,"Apr 21, 1965",Lafayette,Louisiana ,US,NBA,1990-91
Robert Parish*,21,1977,1997,1611,45704,9614,17914,0,6,4106,5694,4598,14715,2180,1219,2361,3183,4443,23334,.537,,.721,28.4,14.5,9.1,1.4,0.8,1.5,"Aug 30, 1953",Shreveport,Louisiana ,US,NBA,1976-77
Elfrid Payton,9,2015,2025,512,13636,2112,4731,190,663,675,1084,529,2042,2933,603,156,1111,1020,5089,.446,.287,.623,26.6,9.9,4.0,5.7,1.2,0.3,"Feb 22, 1994",Gretna,Louisiana ,US,NBA,2014-15
Player,Yrs,0,To,G,MP,FG,FGA,3P,3PA,FT,FTA,ORB,TRB,AST,STL,BLK,TOV,PF,PTS,FG%,3P%,FT%,MP,PTS,TRB,AST,STL,BLK,Date,City,Louisiana ,US,NBA,-1-
Warren Perkins,2,1950,1951,126,,263,850,,,241,390,,319,257,,,,492,767,.309,,.618,,6.1,4.8,2.0,,,"Feb 2, 1922",New Orleans,Louisiana ,US,NBA,1949-50
Bob Pettit*,11,1955,1965,792,30690,7349,16872,,,6182,8119,,12849,2369,,,,2529,20880,.436,,.761,38.8,26.4,16.2,3.0,,,"Dec 12, 1932",Baton Rouge,Louisiana ,US,NBA,1954-55
Bobby Phills,9,1992,2000,467,13426,1957,4416,342,878,897,1215,411,1469,1246,592,139,711,1106,5153,.443,.390,.738,28.7,11.0,3.1,2.7,1.3,0.3,"Dec 20, 1969",Baton Rouge,Louisiana ,US,NBA,1991-92
Cincy Powell,8,1968,1975,599,18636,3823,8098,31,113,2069,2855,1245,4582,1330,73,40,1480,1978,9746,.472,.274,.725,31.1,16.3,7.6,2.2,0.5,0.3,"Feb 25, 1942",Baton Rouge,Louisiana ,US,NBA,1967-68
Anthony Pullard,1,1993,1993,8,37,8,18,0,0,1,3,2,8,2,2,2,5,5,17,.444,,.333,4.6,2.1,1.0,0.3,0.3,0.3,"Jun 23, 1966",DeQuincy,Louisiana ,US,NBA,1992-93
Chris Quinn,6,2007,2013,241,3303,381,956,161,427,169,209,30,266,455,102,8,137,249,1092,.399,.377,.809,13.7,4.5,1.1,1.9,0.4,0.0,"Sep 27, 1983",New Orleans,Louisiana ,US,NBA,2006-07
James Ray,3,1981,1983,103,843,136,318,1,3,61,97,68,228,76,38,39,100,173,334,.428,.333,.629,8.2,3.2,2.2,0.7,0.4,0.4,"Jul 27, 1957",New Orleans,Louisiana ,US,NBA,1980-81
Eldridge Recasner,8,1995,2002,296,5121,629,1478,239,584,235,265,131,534,522,129,12,305,403,1732,.426,.409,.887,17.3,5.9,1.8,1.8,0.4,0.0,"Dec 14, 1967",New Orleans,Louisiana ,US,NBA,1994-95
Willis Reed*,10,1965,1974,650,23073,4859,10202,,,2465,3298,47,8414,1186,12,21,,2411,12183,.476,,.747,35.5,18.7,12.9,1.8,0.6,1.1,"Jun 25, 1942",Hico,Louisiana ,US,NBA,1964-65
Larry Robinson,7,1991,2002,89,1202,153,398,50,134,44,66,61,167,82,56,4,66,107,400,.384,.373,.667,13.5,4.5,1.9,0.9,0.6,0.0,"Jan 11, 1968",Bossier City,Louisiana ,US,NBA,1990-91
Donald Royal,8,1990,1998,504,8442,964,2036,0,14,1233,1602,554,1431,500,247,99,543,868,3161,.473,.000,.770,16.8,6.3,2.8,1.0,0.5,0.2,"May 22, 1966",New Orleans,Louisiana ,US,NBA,1989-90
John Rudd,1,1979,1979,58,723,59,133,,,66,93,69,167,35,17,8,59,95,184,.444,,.710,12.5,3.2,2.9,0.6,0.3,0.1,"Aug 7, 1955",DeRidder,Louisiana ,US,NBA,1978-79
Bill Russell*,13,1957,1969,963,40726,5687,12930,,,3148,5614,,21620,4100,,,,2592,14522,.440,,.561,42.3,15.1,22.5,4.3,,,"Feb 12, 1934",Monroe,Louisiana ,US,NBA,1956-57
Robert Sacre,4,2013,2016,189,2745,318,729,0,1,151,225,212,593,126,56,110,102,336,787,.436,.000,.671,14.5,4.2,3.1,0.7,0.3,0.6,"Jun 6, 1989",Baton Rouge,Louisiana ,US,NBA,2012-13
Brandon Sampson,1,2019,2019,14,214,28,60,11,29,4,6,3,16,10,8,3,12,19,71,.467,.379,.667,15.3,5.1,1.1,0.7,0.6,0.2,"May 1, 1997",Baton Rouge,Louisiana ,US,NBA,2018-19
Al Sanders,1,1973,1973,4,25,2,2,0,0,4,6,0,5,0,,,3,4,8,1.000,,.667,6.3,2.0,1.3,0.0,,,"Jan 1, 1950",Baton Rouge,Louisiana ,US,NBA,1972-73
Mike Sanders,11,1983,1993,648,12391,2167,4499,19,86,809,1052,680,1927,880,464,206,731,1675,5162,.482,.221,.769,19.1,8.0,3.0,1.4,0.7,0.3,"May 7, 1960",Vidalia,Louisiana ,US,NBA,1982-83
Woody Sauldsberry,7,1958,1966,462,12788,2189,6288,,,552,905,,3618,498,,,,1424,4930,.348,,.610,27.7,10.7,7.8,1.1,,,"Jul 11, 1934",Winnsboro,Louisiana ,US,NBA,1957-58
Glynn Saulters,1,1969,1969,22,120,22,70,0,1,15,22,7,19,11,,,11,25,59,.314,.000,.682,5.5,2.7,0.9,0.5,,,"Feb 10, 1945",Minden,Louisiana ,US,NBA,1968-69
Bruce Seals,5,1974,1978,348,7463,1285,3038,19,93,518,771,480,1463,360,226,208,208,1052,3107,.423,,.672,21.4,8.9,4.2,1.0,0.6,0.6,"Jun 18, 1953",New Orleans,Louisiana ,US,NBA,1973-74
Player,Yrs,0,To,G,MP,FG,FGA,3P,3PA,FT,FTA,ORB,TRB,AST,STL,BLK,TOV,PF,PTS,FG%,3P%,FT%,MP,PTS,TRB,AST,STL,BLK,Date,City,Louisiana ,US,NBA,-1-
James Silas,10,1973,1982,685,20363,3933,7946,0,16,3172,3710,537,2069,2628,608,105,1583,1737,11038,.495,,.855,29.7,16.1,3.0,3.8,1.0,0.2,"Feb 11, 1949",Tallulah,Louisiana ,US,NBA,1972-73
Grant Simmons,2,1968,1969,95,2516,314,747,2,24,228,324,6,266,197,,,170,278,858,.420,.083,.704,26.5,9.0,2.8,2.1,,,"Mar 7, 1943",New Orleans,Louisiana ,US,NBA,1967-68
Walt Simon,7,1968,1974,541,14053,2639,5712,15,113,1121,1592,691,2704,1486,38,10,986,1671,6414,.462,.133,.704,26.0,11.9,5.0,2.7,0.5,0.1,"Dec 1, 1939",Delcambre,Louisiana ,US,NBA,1967-68
Donald Sloan,5,2012,2016,218,3749,449,1098,98,316,193,256,54,455,651,83,8,230,193,1189,.409,.310,.754,17.2,5.5,2.1,3.0,0.4,0.0,"Jan 15, 1988",Shreveport,Louisiana ,US,NBA,2011-12
Javonte Smart,2,2022,2024,18,201,19,60,8,27,5,6,5,24,16,6,3,11,12,51,.317,.296,.833,11.2,2.8,1.3,0.9,0.3,0.2,"Jun 3, 1999",Baton Rouge,Louisiana ,US,NBA,2021-22
Keith Smart,1,1989,1989,2,12,0,2,0,1,2,2,0,1,2,0,0,2,0,2,.000,.000,1.000,6.0,1.0,0.5,1.0,0.0,0.0,"Sep 21, 1964",Baton Rouge,Louisiana ,US,NBA,1988-89
Mike Smith,1,2001,2001,17,180,19,59,3,18,10,16,10,22,10,5,3,7,8,51,.322,.167,.625,10.6,3.0,1.3,0.6,0.3,0.2,"Apr 15, 1976",West Monroe,Louisiana ,US,NBA,2000-01
Sam Smith,2,1979,1980,46,621,116,277,8,35,75,87,22,63,58,33,14,41,66,315,.419,,.862,13.5,6.8,1.4,1.3,0.7,0.3,"Jan 8, 1955",Ferriday,Louisiana ,US,NBA,1978-79
Tyler Smith,1,2025,2025,15,75,17,34,8,20,2,4,4,19,4,2,3,6,8,44,.500,.400,.500,5.0,2.9,1.3,0.3,0.1,0.2,"Nov 2, 2004",New Orleans,Louisiana ,US,NBA,2024-25
Stromile Swift,9,2001,2009,547,10804,1713,3623,2,27,1154,1650,885,2535,275,354,683,690,1357,4582,.473,.074,.699,19.8,8.4,4.6,0.5,0.6,1.2,"Nov 21, 1979",Shreveport,Louisiana ,US,NBA,2000-01
Collis Temple,1,1975,1975,24,102,17,41,0,1,8,10,14,31,15,4,4,12,29,42,.415,.000,.800,4.3,1.8,1.3,0.6,0.2,0.2,"Nov 8, 1952",Kentwood,Louisiana ,US,NBA,1974-75
Garrett Temple,15,2010,2025,760,15300,1620,4045,715,2084,585,787,311,1692,1240,599,241,662,1348,4540,.400,.343,.743,20.1,6.0,2.2,1.6,0.8,0.3,"May 8, 1986",Baton Rouge,Louisiana ,US,NBA,2009-10
Billy Thomas,3,2005,2008,53,529,51,151,31,102,11,13,12,52,26,25,2,19,52,144,.338,.304,.846,10.0,2.7,1.0,0.5,0.5,0.0,"Dec 23, 1975",Shreveport,Louisiana ,US,NBA,2004-05
Tyrus Thomas,8,2007,2015,402,7932,1147,2620,8,34,791,1080,550,1938,347,328,525,527,989,3093,.438,.235,.732,19.7,7.7,4.8,0.9,0.8,1.3,"Aug 17, 1986",Baton Rouge,Louisiana ,US,NBA,2006-07
Marcus Thornton,8,2010,2017,483,11299,2124,5003,735,2051,767,924,407,1348,677,405,61,491,739,5750,.425,.358,.830,23.4,11.9,2.8,1.4,0.8,0.1,"Jun 5, 1987",Baton Rouge,Louisiana ,US,NBA,2009-10
Von Wafer,6,2006,2012,200,2475,390,928,102,314,172,229,38,234,146,73,19,128,155,1054,.420,.325,.751,12.4,5.3,1.2,0.7,0.4,0.1,"Jul 21, 1985",Homer,Louisiana ,US,NBA,2005-06
Randy White,5,1990,1994,281,5382,783,1951,27,140,490,693,531,1366,175,209,127,372,861,2083,.401,.193,.707,19.2,7.4,4.9,0.6,0.7,0.5,"Nov 4, 1967",Shreveport,Louisiana ,US,NBA,1989-90
Morlon Wiley,7,1989,1995,295,3843,421,1023,130,367,106,150,89,341,722,243,17,311,444,1078,.412,.354,.707,13.0,3.7,1.2,2.4,0.8,0.1,"Sep 24, 1966",New Orleans,Louisiana ,US,NBA,1988-89
Brandon Williams,3,1998,2003,18,163,17,57,3,10,4,8,7,18,3,8,3,12,22,41,.298,.300,.500,9.1,2.3,1.0,0.2,0.4,0.2,"Feb 27, 1975",Collinston,Louisiana ,US,NBA,1997-98
Hot Rod Williams,13,1987,1999,887,26327,3688,7681,2,19,2406,3315,2070,5998,1592,746,1456,1208,2253,9784,.480,.105,.726,29.7,11.0,6.8,1.8,0.8,1.6,"Aug 9, 1962",Sorrento,Louisiana ,US,NBA,1986-87
Player,Yrs,0,To,G,MP,FG,FGA,3P,3PA,FT,FTA,ORB,TRB,AST,STL,BLK,TOV,PF,PTS,FG%,3P%,FT%,MP,PTS,TRB,AST,STL,BLK,Date,City,Louisiana ,US,NBA,-1-
Nate Williams,8,1972,1979,642,14869,3278,7151,,,1153,1432,595,2469,963,543,136,176,1916,7709,.458,,.805,23.2,12.0,3.8,1.5,1.1,0.3,"May 2, 1950",Columbia,Louisiana ,US,NBA,1971-72
Robert Williams,7,2019,2025,235,4754,751,1039,1,7,188,279,588,1603,325,172,388,204,445,1691,.723,.143,.674,20.2,7.2,6.8,1.4,0.7,1.7,"Oct 17, 1997",Shreveport,Louisiana ,US,NBA,2018-19
Dedric Willoughby,1,2000,2000,25,508,61,179,29,98,39,51,11,51,66,23,2,37,32,190,.341,.296,.765,20.3,7.6,2.0,2.6,0.9,0.1,"May 27, 1974",New Orleans,Louisiana ,US,NBA,1999-00
Nikita Wilson,1,1988,1988,15,54,7,23,0,0,5,6,2,11,3,0,0,5,7,19,.304,,.833,3.6,1.3,0.7,0.2,0.0,0.0,"Feb 25, 1964",Pineville,Louisiana ,US,NBA,1987-88
Orlando Woolridge,13,1982,1994,851,24041,5150,10037,8,88,3315,4501,1361,3696,1609,553,569,1747,2166,13623,.513,.091,.737,28.3,16.0,4.3,1.9,0.6,0.7,"Dec 16, 1959",Bernice,Louisiana ,US,NBA,1981-82
Larry Wright,6,1977,1982,343,6834,1190,2558,6,23,438,564,177,550,1165,283,58,436,791,2824,.465,,.777,19.9,8.2,1.6,3.4,0.8,0.2,"Nov 23, 1954",Monroe,Louisiana ,US,NBA,1976-77
Thaddeus Young,17,2008,2024,1172,33012,6143,12202,522,1593,1417,2143,2296,6614,2135,1612,458,1641,2486,14225,.503,.328,.661,28.2,12.1,5.6,1.8,1.4,0.4,"Jun 21, 1988",New Orleans,Louisiana ,US,NBA,2007-08
Tony Zeno,1,1980,1980,8,59,6,21,0,0,2,2,3,14,1,4,3,9,13,14,.286,,1.000,7.4,1.8,1.8,0.1,0.5,0.4,"Oct 1, 1957",New Orleans,Louisiana ,US,NBA,1979-80
Derrick Zimmerman,1,2006,2006,2,32,2,3,0,0,0,0,1,4,7,0,0,4,4,4,.667,,,16.0,2.0,2.0,3.5,0.0,0.0,"Dec 2, 1981",Monroe,Louisiana ,US,NBA,2005-06
Duncan Robinson,7,2019,2025,401,10479,1533,3550,1138,2877,329,376,79,1068,734,213,74,396,931,4533,0.432,0.396,0.875,26.1,11.3,2.7,1.8,0.5,0.2,"Apr 22, 1994",York,Maine ,US,NBA,2018-19
Jeff Turner,10,1985,1996,612,11244,1543,3304,73,212,538,700,621,2036,635,215,85,687,1758,3697,0.467,0.344,0.769,18.4,6.0,3.3,1.0,0.4,0.1,"Apr 9, 1962",Bangor,Maine ,US,NBA,1984-85
Jaylen Adams,2,2019,2021,41,446,39,118,25,76,7,9,11,63,67,14,5,28,46,110,.331,.329,.778,10.9,2.7,1.5,1.6,0.3,0.1,"May 4, 1996",Baltimore,Maryland ,US,NBA,2018-19
Jamel Artis,1,2018,2018,15,279,31,79,8,29,7,12,4,38,18,2,3,8,11,77,.392,.276,.583,18.6,5.1,2.5,1.2,0.1,0.2,"Jan 12, 1993",Baltimore,Maryland ,US,NBA,2017-18
Ken Bannister,5,1985,1991,253,3867,586,1202,0,4,329,669,276,893,111,109,80,347,669,1501,.488,.000,.492,15.3,5.9,3.5,0.4,0.4,0.3,"Apr 1, 1960",Baltimore,Maryland ,US,NBA,1984-85
Will Barton,11,2013,2023,679,17116,2824,6561,893,2516,1084,1377,471,2792,1817,504,272,948,1050,7625,.430,.355,.787,25.2,11.2,4.1,2.7,0.7,0.4,"Jan 6, 1991",Baltimore,Maryland ,US,NBA,2012-13
Dave Batton,2,1983,1984,58,589,90,201,0,3,8,17,46,123,32,15,16,32,61,188,.448,.000,.471,10.2,3.2,2.1,0.6,0.3,0.3,"Mar 26, 1956",Baltimore,Maryland ,US,NBA,1982-83
Lonny Baxter,4,2003,2006,162,1884,247,530,1,5,142,216,178,477,40,37,59,108,324,637,.466,.200,.657,11.6,3.9,2.9,0.2,0.2,0.4,"Jan 27, 1979",Silver Spring,Maryland ,US,NBA,2002-03
Michael Beasley,11,2009,2019,609,13903,3088,6644,291,835,1101,1450,664,2861,788,345,314,1025,1294,7568,.465,.349,.759,22.8,12.4,4.7,1.3,0.6,0.5,"Jan 9, 1989",Cheverly,Maryland ,US,NBA,2008-09
Norman Black,1,1981,1981,3,28,3,10,0,0,2,8,0,2,2,1,0,1,2,8,.300,,.250,9.3,2.7,0.7,0.7,0.3,0.0,"Nov 12, 1957",Baltimore,Maryland ,US,NBA,1980-81
Muggsy Bogues,14,1988,2001,889,25429,2845,6210,106,381,1062,1284,534,2318,6726,1369,39,1433,1582,6858,.458,.278,.827,28.6,7.7,2.6,7.6,1.5,0.0,"Jan 9, 1965",Baltimore,Maryland ,US,NBA,1987-88
Josh Boone,4,2007,2010,256,4482,567,1042,0,0,206,463,484,1258,125,99,178,169,466,1340,.544,,.445,17.5,5.2,4.9,0.5,0.4,0.7,"Nov 21, 1984",Mount Airy,Maryland ,US,NBA,2006-07
Keith Booth,2,1998,1999,45,449,51,157,1,11,27,48,27,97,39,22,11,42,63,130,.325,.091,.563,10.0,2.9,2.2,0.9,0.5,0.2,"Oct 9, 1974",Baltimore,Maryland ,US,NBA,1997-98
Ken Boyd,1,1975,1975,6,25,7,13,,,5,11,3,5,2,3,0,,2,19,.538,,.455,4.2,3.2,0.8,0.3,0.5,0.0,"Mar 25, 1952",Frederick,Maryland ,US,NBA,1974-75
Charles Bradley,3,1982,1984,110,910,127,305,0,4,93,159,42,119,55,46,34,87,151,347,.416,.000,.585,8.3,3.2,1.1,0.5,0.4,0.3,"May 16, 1959",Havre De Grace,Maryland ,US,NBA,1981-82
Dudley Bradley,9,1980,1989,600,10192,1222,2780,101,345,586,803,317,1098,1147,940,182,682,1220,3131,.440,.293,.730,17.0,5.2,1.8,1.9,1.6,0.3,"Mar 19, 1957",Baltimore,Maryland ,US,NBA,1979-80
Izaiah Brockington,1,2024,2024,1,3,2,5,0,1,0,0,1,2,0,0,0,0,0,4,.400,.000,,3.0,4.0,2.0,0.0,0.0,0.0,"Jul 12, 1999",Towson,Maryland ,US,NBA,2023-24
Reggie Bullock,11,2014,2024,556,12556,1441,3395,879,2284,278,336,188,1451,647,318,81,301,783,4039,.424,.385,.827,22.6,7.3,2.6,1.2,0.6,0.1,"Mar 16, 1991",Baltimore,Maryland ,US,NBA,2013-14
Evers Burns,1,1994,1994,23,143,22,55,0,0,12,23,13,30,9,6,3,7,33,56,.400,,.522,6.2,2.4,1.3,0.4,0.3,0.1,"Aug 24, 1971",Baltimore,Maryland ,US,NBA,1993-94
Carlton Carrington,1,2025,2025,56,1646,189,460,90,259,43,51,22,222,221,40,10,86,131,511,.411,.347,.843,29.4,9.1,4.0,3.9,0.7,0.2,"Jul 21, 2005",Baltimore,Maryland ,US,NBA,2024-25
Sam Cassell,15,1994,2008,993,29812,5698,12558,672,2029,3567,4144,618,3221,5939,1058,163,2418,2744,15635,.454,.331,.861,30.0,15.7,3.2,6.0,1.1,0.2,"Nov 18, 1969",Baltimore,Maryland ,US,NBA,1993-94
Marcus Cousin,1,2011,2011,4,18,2,3,0,0,0,0,0,3,0,0,1,1,1,4,.667,,,4.5,1.0,0.8,0.0,0.0,0.3,"Dec 18, 1986",Baltimore,Maryland ,US,NBA,2010-11
Player,Yrs,0,To,G,MP,FG,FGA,3P,3PA,FT,FTA,ORB,TRB,AST,STL,BLK,TOV,PF,PTS,FG%,3P%,FT%,MP,PTS,TRB,AST,STL,BLK,Date,City,Maryland ,US,NBA,-1-
Dante Cunningham,10,2010,2019,715,14875,1772,3777,216,626,373,575,804,2676,506,459,336,352,1227,4133,.469,.345,.649,20.8,5.8,3.7,0.7,0.6,0.5,"Apr 22, 1987",Clinton,Maryland ,US,NBA,2009-10
Quintin Dailey,10,1983,1992,528,12170,2936,6460,21,133,1577,2025,421,1307,1188,500,51,1025,1231,7470,.454,.158,.779,23.0,14.1,2.5,2.3,0.9,0.1,"Jan 22, 1961",Baltimore,Maryland ,US,NBA,1982-83
Malcolm Delaney,2,2017,2018,127,2262,254,673,72,234,149,185,19,223,356,74,7,161,194,729,.377,.308,.805,17.8,5.7,1.8,2.8,0.6,0.1,"Mar 11, 1989",Baltimore,Maryland ,US,NBA,2016-17
Juan Dixon,7,2003,2009,436,8509,1400,3393,331,972,547,657,155,816,775,341,34,552,733,3678,.413,.341,.833,19.5,8.4,1.9,1.8,0.8,0.1,"Oct 9, 1978",Baltimore,Maryland ,US,NBA,2002-03
Joey Dorsey,4,2009,2015,130,1488,142,266,0,1,60,160,198,513,55,67,44,86,256,344,.534,.000,.375,11.4,2.6,3.9,0.4,0.5,0.3,"Dec 16, 1983",Baltimore,Maryland ,US,NBA,2008-09
Jeff Dowtin,4,2022,2025,71,783,87,205,21,69,23,32,21,91,106,29,9,19,33,218,.424,.304,.719,11.0,3.1,1.3,1.5,0.4,0.1,"May 10, 1997",Upper Marlboro,Maryland ,US,NBA,2021-22
Terry Dozier,1,1990,1990,9,92,9,27,0,1,4,8,7,15,3,6,2,7,10,22,.333,.000,.500,10.2,2.4,1.7,0.3,0.7,0.2,"Jun 29, 1966",Baltimore,Maryland ,US,NBA,1989-90
Jerome Dyson,1,2012,2012,9,180,19,48,1,8,28,36,2,19,18,11,2,20,19,67,.396,.125,.778,20.0,7.4,2.1,2.0,1.2,0.2,"May 1, 1987",Rockville,Maryland ,US,NBA,2011-12
Corsley Edwards,1,2005,2005,10,110,10,31,0,0,7,12,12,25,3,3,4,2,19,27,.323,,.583,11.0,2.7,2.5,0.3,0.3,0.4,"Mar 5, 1979",Baltimore,Maryland ,US,NBA,2004-05
Kim English,1,2013,2013,41,407,42,112,14,50,21,29,8,37,26,16,3,19,46,119,.375,.280,.724,9.9,2.9,0.9,0.6,0.4,0.1,"Sep 24, 1988",Baltimore,Maryland ,US,NBA,2012-13
Duane Ferrell,11,1989,1999,583,8734,1420,2961,42,146,822,1096,552,1132,509,302,105,509,902,3704,.480,.288,.750,15.0,6.4,1.9,0.9,0.5,0.2,"Feb 28, 1965",Baltimore,Maryland ,US,NBA,1988-89
Danny Ferry,13,1991,2003,917,18133,2505,5615,677,1724,752,895,647,2550,1185,384,292,811,1964,6439,.446,.393,.840,19.8,7.0,2.8,1.3,0.4,0.3,"Oct 17, 1966",Hyattsville,Maryland ,US,NBA,1990-91
Trentyn Flowers,1,2025,2025,2,16,4,9,0,2,1,1,1,4,0,0,0,1,3,9,.444,.000,1.000,8.0,4.5,2.0,0.0,0.0,0.0,"Mar 8, 2005",Towson,Maryland ,US,NBA,2024-25
Steve Francis,9,2000,2008,576,21632,3543,8267,575,1684,2785,3494,960,3215,3473,846,223,2030,1813,10446,.429,.341,.797,37.6,18.1,5.6,6.0,1.5,0.4,"Feb 21, 1977",Silver Spring,Maryland ,US,NBA,1999-00
Markelle Fultz,8,2018,2025,235,5949,1100,2327,79,288,324,443,212,797,1085,276,68,439,452,2603,.473,.274,.731,25.3,11.1,3.4,4.6,1.2,0.3,"May 29, 1998",Upper Marlboro,Maryland ,US,NBA,2017-18
Paul Gordon,1,1950,1950,4,,0,6,,,3,5,,,3,,,,3,3,.000,,.600,,0.8,,0.8,,,"Apr 8, 1927",Baltimore,Maryland ,US,NBA,1949-50
Treveon Graham,4,2017,2020,180,2883,266,694,120,360,105,152,121,400,144,76,16,76,297,757,.383,.333,.691,16.0,4.2,2.2,0.8,0.4,0.1,"Oct 28, 1993",Temple Hills,Maryland ,US,NBA,2016-17
Jerian Grant,5,2016,2020,279,4998,593,1442,174,539,332,431,92,530,805,205,33,274,411,1692,.411,.323,.770,17.9,6.1,1.9,2.9,0.7,0.1,"Oct 9, 1992",Silver Spring,Maryland ,US,NBA,2015-16
Devin Gray,2,1997,2000,27,173,23,63,0,0,21,34,17,39,7,9,3,9,33,67,.365,,.618,6.4,2.5,1.4,0.3,0.3,0.1,"May 31, 1972",Baltimore,Maryland ,US,NBA,1996-97
Jeff Green,17,2008,2025,1202,33070,5176,11499,1186,3518,2800,3482,997,4851,1771,756,588,1578,2487,14338,.450,.337,.804,27.5,11.9,4.0,1.5,0.6,0.5,"Aug 28, 1986",Cheverly,Maryland ,US,NBA,2007-08
Player,Yrs,0,To,G,MP,FG,FGA,3P,3PA,FT,FTA,ORB,TRB,AST,STL,BLK,TOV,PF,PTS,FG%,3P%,FT%,MP,PTS,TRB,AST,STL,BLK,Date,City,Maryland ,US,NBA,-1-
Josh Hart,8,2018,2025,507,15275,1906,4037,627,1828,783,1033,643,3491,1547,518,167,684,1184,5222,.472,.343,.758,30.1,10.3,6.9,3.1,1.0,0.3,"Mar 6, 1995",Silver Spring,Maryland ,US,NBA,2017-18
Jordan Hawkins,2,2024,2025,106,2055,311,836,182,517,128,152,43,245,111,42,22,72,100,932,.372,.352,.842,19.4,8.8,2.3,1.0,0.4,0.2,"Apr 29, 2002",Gaithersburg,Maryland ,US,NBA,2023-24
Kevin Henderson,2,1987,1988,22,235,24,61,0,1,17,28,10,24,34,9,0,21,35,65,.393,.000,.607,10.7,3.0,1.1,1.5,0.4,0.0,"Mar 22, 1964",Baltimore,Maryland ,US,NBA,1986-87
Haywood Highsmith,5,2019,2025,193,3701,382,850,180,481,57,99,172,580,182,137,80,118,312,1001,.449,.374,.576,19.2,5.2,3.0,0.9,0.7,0.4,"Dec 9, 1996",Baltimore,Maryland ,US,NBA,2018-19
Jarrett Jack,13,2006,2018,867,24140,3374,7673,620,1809,1981,2316,277,2487,3952,683,107,1723,1583,9349,.440,.343,.855,27.8,10.8,2.9,4.6,0.8,0.1,"Oct 28, 1983",Fort Washington,Maryland ,US,NBA,2005-06
Tracy Jackson,3,1982,1984,129,1797,279,602,2,13,134,179,123,243,132,78,14,108,183,694,.463,.154,.749,13.9,5.4,1.9,1.0,0.6,0.1,"Apr 21, 1959",Rockville,Maryland ,US,NBA,1981-82
Thomas Jordan,1,1993,1993,4,106,18,41,0,0,8,17,5,19,3,3,5,12,14,44,.439,,.471,26.5,11.0,4.8,0.8,0.8,1.3,"May 23, 1968",Baltimore,Maryland ,US,NBA,1992-93
Trevor Keels,1,2023,2023,3,8,1,4,1,4,0,0,0,2,0,0,0,0,0,3,.250,.250,,2.7,1.0,0.7,0.0,0.0,0.0,"Aug 26, 2003",Clinton,Maryland ,US,NBA,2022-23
Stanton Kidd,1,2020,2020,4,15,0,3,0,1,0,0,0,3,1,0,0,2,3,0,.000,.000,,3.8,0.0,0.8,0.3,0.0,0.0,"Mar 18, 1992",Baltimore,Maryland ,US,NBA,2019-20
Ty Lawson,8,2010,2017,551,16088,2496,5424,473,1319,1512,1964,351,1506,3316,636,52,1159,898,6977,.460,.359,.770,29.2,12.7,2.7,6.0,1.2,0.1,"Nov 3, 1987",Clinton,Maryland ,US,NBA,2009-10
Damion Lee,7,2018,2025,305,6143,845,1950,382,1020,367,417,141,995,418,193,28,244,476,2439,.433,.375,.880,20.1,8.0,3.3,1.4,0.6,0.1,"Oct 21, 1992",Baltimore,Maryland ,US,NBA,2017-18
Kurk Lee,1,1991,1991,48,265,19,71,3,15,25,28,7,30,34,11,2,20,39,66,.268,.200,.893,5.5,1.4,0.6,0.7,0.2,0.0,"Jun 3, 1967",Baltimore,Maryland ,US,NBA,1990-91
Reggie Lewis,6,1988,1993,450,14676,3198,6550,27,135,1479,1794,577,1938,1153,569,417,708,1268,7902,.488,.200,.824,32.6,17.6,4.3,2.6,1.3,0.9,"Nov 21, 1965",Baltimore,Maryland ,US,NBA,1987-88
Matt Maloney,6,1997,2003,295,7470,783,1920,399,1073,212,266,62,500,852,240,14,381,376,2177,.408,.372,.797,25.3,7.4,1.7,2.9,0.8,0.0,"Dec 6, 1971",Silver Spring,Maryland ,US,NBA,1996-97
Chris McCray,1,2007,2007,5,12,0,3,0,0,0,0,0,0,0,0,0,2,1,0,.000,,,2.4,0.0,0.0,0.0,0.0,0.0,"May 27, 1984",Capitol Heights,Maryland ,US,NBA,2006-07
Rodney McGruder,7,2017,2023,317,6158,681,1622,301,836,162,241,253,885,381,161,50,190,459,1825,.420,.360,.672,19.4,5.8,2.8,1.2,0.5,0.2,"Jul 29, 1991",Landover,Maryland ,US,NBA,2016-17
Malcolm Miller,3,2018,2020,53,355,36,83,26,64,10,16,7,36,15,7,5,10,33,108,.434,.406,.625,6.7,2.0,0.7,0.3,0.1,0.1,"Mar 6, 1993",Gaithersburg,Maryland ,US,NBA,2017-18
Rodney Monroe,1,1992,1992,38,313,53,144,6,27,19,23,12,33,27,12,2,23,19,131,.368,.222,.826,8.2,3.4,0.9,0.7,0.3,0.1,"Apr 16, 1968",Baltimore,Maryland ,US,NBA,1991-92
Terence Morris,3,2002,2006,139,1934,209,514,22,112,32,45,123,377,93,35,49,81,126,472,.407,.196,.711,13.9,3.4,2.7,0.7,0.3,0.4,"Jan 11, 1979",Frederick,Maryland ,US,NBA,2001-02
Gary Neal,7,2011,2017,352,7507,1275,3021,460,1203,460,541,81,760,573,145,10,365,525,3470,.422,.382,.850,21.3,9.9,2.2,1.6,0.4,0.0,"Oct 3, 1984",Baltimore,Maryland ,US,NBA,2010-11
Player,Yrs,0,To,G,MP,FG,FGA,3P,3PA,FT,FTA,ORB,TRB,AST,STL,BLK,TOV,PF,PTS,FG%,3P%,FT%,MP,PTS,TRB,AST,STL,BLK,Date,City,Maryland ,US,NBA,-1-
Daniel Ochefu,1,2017,2017,19,75,12,27,0,0,0,2,5,22,3,2,0,3,17,24,.444,,.000,3.9,1.3,1.2,0.2,0.1,0.0,"Dec 15, 1993",Baltimore,Maryland ,US,NBA,2016-17
Victor Oladipo,10,2014,2023,504,16247,3118,7152,814,2349,1453,1843,289,2245,1970,805,230,1266,1202,8503,.436,.347,.788,32.2,16.9,4.5,3.9,1.6,0.5,"May 4, 1992",Silver Spring,Maryland ,US,NBA,2013-14
Arinze Onuaku,3,2014,2017,19,126,15,23,0,0,4,10,11,35,9,1,4,5,12,34,.652,,.400,6.6,1.8,1.8,0.5,0.1,0.2,"Jul 13, 1987",Lanham,Maryland ,US,NBA,2013-14
Chinanu Onuaku,2,2017,2018,6,74,7,12,0,0,4,4,3,14,4,3,1,7,10,18,.583,,1.000,12.3,3.0,2.3,0.7,0.5,0.2,"Nov 1, 1996",Baltimore,Maryland ,US,NBA,2016-17
Trevelin Queen,4,2022,2025,56,675,78,219,30,120,31,36,38,95,61,39,20,41,61,217,.356,.250,.861,12.1,3.9,1.7,1.1,0.7,0.4,"Feb 25, 1997",Baltimore,Maryland ,US,NBA,2021-22
Immanuel Quickley,5,2021,2025,309,7873,1414,3357,639,1698,801,932,137,1035,1112,225,42,392,597,4268,.421,.376,.859,25.5,13.8,3.3,3.6,0.7,0.1,"Jun 17, 1999",Havre de Grace,Maryland ,US,NBA,2020-21
Dennis Scott,10,1991,2000,629,17983,2962,7111,1214,3060,956,1206,367,1774,1296,525,197,768,1275,8094,.417,.397,.793,28.6,12.9,2.8,2.1,0.8,0.3,"Sep 5, 1968",Hagerstown,Maryland ,US,NBA,1990-91
Josh Selby,2,2012,2013,38,296,31,94,3,21,18,25,2,20,34,9,0,36,24,83,.330,.143,.720,7.8,2.2,0.5,0.9,0.2,0.0,"Mar 27, 1991",Baltimore,Maryland ,US,NBA,2011-12
Gene Shue,10,1955,1964,699,23338,3715,9378,,,2638,3273,,2855,2608,,,,1405,10068,.396,,.806,33.4,14.4,4.1,3.7,,,"Dec 18, 1931",Baltimore,Maryland ,US,NBA,1954-55
Dickey Simpkins,7,1995,2002,327,5201,495,1124,2,9,396,641,423,1187,305,91,60,368,593,1388,.440,.222,.618,15.9,4.2,3.6,0.9,0.3,0.2,"Apr 6, 1972",Fort Washington,Maryland ,US,NBA,1994-95
Henry Sims,4,2013,2016,135,2542,403,856,4,23,221,288,248,670,140,76,64,153,289,1031,.471,.174,.767,18.8,7.6,5.0,1.0,0.6,0.5,"Mar 27, 1990",Baltimore,Maryland ,US,NBA,2012-13
Tal Skinner,2,1975,1976,145,2798,274,632,,,112,177,224,608,152,99,24,,277,660,.434,,.633,19.3,4.6,4.2,1.0,0.7,0.2,"Sep 10, 1952",Berlin,Maryland ,US,NBA,1974-75
Cam Spencer,1,2025,2025,10,121,13,30,5,16,9,9,5,17,16,3,1,5,11,40,.433,.313,1.000,12.1,4.0,1.7,1.6,0.3,0.1,"Apr 6, 2000",Davidsonville,Maryland ,US,NBA,2024-25
Pat Spencer,2,2024,2025,31,207,30,75,2,16,11,15,12,38,42,11,3,14,17,73,.400,.125,.733,6.7,2.4,1.2,1.4,0.4,0.1,"Jul 4, 1996",Davidsonville,Maryland ,US,NBA,2023-24
Larry Spriggs,5,1982,1986,169,2202,341,659,0,6,191,254,125,384,218,80,28,209,338,873,.517,.000,.752,13.0,5.2,2.3,1.3,0.5,0.2,"Sep 8, 1959",Cheverly,Maryland ,US,NBA,1981-82
DaJuan Summers,4,2010,2013,83,820,103,268,29,79,43,67,24,82,29,18,8,37,104,278,.384,.367,.642,9.9,3.3,1.0,0.3,0.2,0.1,"Jan 24, 1988",Baltimore,Maryland ,US,NBA,2009-10
Mike Sweetney,4,2004,2007,233,3610,564,1164,0,2,388,563,400,1045,145,73,107,277,569,1516,.485,.000,.689,15.5,6.5,4.5,0.6,0.3,0.5,"Oct 25, 1982",Oxon Hill,Maryland ,US,NBA,2003-04
Isaiah Todd,2,2022,2023,18,135,10,45,5,26,4,8,5,24,8,5,2,6,8,29,.222,.192,.500,7.5,1.6,1.3,0.4,0.3,0.1,"Oct 17, 2001",Baltimore,Maryland ,US,NBA,2021-22
Marvin Webster,10,1976,1987,617,13364,1630,3343,2,7,1040,1675,1482,4218,752,228,881,873,1505,4302,.488,,.621,21.7,7.0,6.8,1.2,0.4,1.4,"Apr 13, 1952",Baltimore,Maryland ,US,NBA,1975-76
Cam Whitmore,2,2024,2025,84,1520,342,782,125,368,117,169,70,297,67,55,26,82,103,926,.437,.340,.692,18.1,11.0,3.5,0.8,0.7,0.3,"Jul 8, 2004",Odenton,Maryland ,US,NBA,2023-24
Player,Yrs,0,To,G,MP,FG,FGA,3P,3PA,FT,FTA,ORB,TRB,AST,STL,BLK,TOV,PF,PTS,FG%,3P%,FT%,MP,PTS,TRB,AST,STL,BLK,Date,City,Maryland ,US,NBA,-1-
Greg Whittington,1,2021,2021,4,12,0,3,0,2,0,0,0,0,0,0,0,0,0,0,.000,.000,,3.0,0.0,0.0,0.0,0.0,0.0,"Feb 7, 1993",Columbia,Maryland ,US,NBA,2020-21
Reggie Williams,10,1988,1997,599,16013,2992,6848,373,1253,1151,1468,785,2393,1492,802,407,1051,1920,7508,.437,.298,.784,26.7,12.5,4.0,2.5,1.3,0.7,"Mar 5, 1964",Baltimore,Maryland ,US,NBA,1987-88
Kennard Winchester,3,1991,1993,122,1028,172,414,13,41,60,77,57,131,46,28,25,47,115,417,.415,.317,.779,8.4,3.4,1.1,0.4,0.2,0.2,"Sep 3, 1966",Chestertown,Maryland ,US,NBA,1990-91
David Wingate,15,1987,2001,740,13243,1690,3798,79,290,707,958,445,1420,1376,597,122,853,1249,4166,.445,.272,.738,17.9,5.6,1.9,1.9,0.8,0.2,"Dec 15, 1963",Baltimore,Maryland ,US,NBA,1986-87
Perry Young,1,1987,1987,9,72,6,21,0,0,1,2,3,8,7,5,1,4,14,13,.286,,.500,8.0,1.4,0.9,0.8,0.6,0.1,"Aug 4, 1963",Baltimore,Maryland ,US,NBA,1986-87
Jeff Adrien,5,2011,2015,153,2148,264,557,0,2,181,288,221,659,100,50,79,91,259,709,.474,.000,.628,14.0,4.6,4.3,0.7,0.3,0.5,"Feb 10, 1986",Brookline,Massachusetts ,US,NBA,2010-11
John Amaechi,5,1996,2003,294,4811,663,1646,1,13,510,760,230,772,228,90,94,386,499,1837,.403,.077,.671,16.4,6.2,2.6,0.8,0.3,0.3,"Nov 26, 1970",Boston,Massachusetts ,US,NBA,1995-96
Antonio Anderson,1,2010,2010,1,15,1,3,0,0,0,0,1,1,0,0,0,1,1,2,.333,,,15.0,2.0,1.0,0.0,0.0,0.0,"Jun 5, 1985",Lynn,Massachusetts ,US,NBA,2009-10
Cedric Ball,1,1991,1991,7,26,3,8,0,0,2,2,5,11,0,0,2,2,5,8,.375,,1.000,3.7,1.1,1.6,0.0,0.0,0.3,"Apr 16, 1968",Worcester,Massachusetts ,US,NBA,1990-91
Dana Barros,14,1990,2004,850,19480,3281,7140,1090,2652,1249,1456,232,1609,2837,740,46,1213,1074,8901,.460,.411,.858,22.9,10.5,1.9,3.3,0.9,0.1,"Apr 13, 1967",Boston,Massachusetts ,US,NBA,1989-90
Darius Bazley,5,2020,2024,237,5536,773,1869,234,757,333,492,194,1244,282,138,177,292,230,2113,.414,.309,.677,23.4,8.9,5.2,1.2,0.6,0.7,"Jun 12, 2000",Boston,Massachusetts ,US,NBA,2019-20
Travis Best,10,1996,2005,708,15150,2002,4642,266,772,1106,1324,230,1249,2444,661,60,928,1616,5376,.431,.345,.835,21.4,7.6,1.8,3.5,0.9,0.1,"Jul 12, 1972",Springfield,Massachusetts ,US,NBA,1995-96
Bob Bigelow,4,1976,1979,94,762,91,220,,,52,71,35,111,42,19,4,18,75,234,.414,,.732,8.1,2.5,1.2,0.4,0.2,0.0,"Dec 26, 1953",Boston,Massachusetts ,US,NBA,1975-76
Will Blalock,1,2007,2007,14,166,9,30,1,5,6,6,6,15,17,5,0,12,9,25,.300,.200,1.000,11.9,1.8,1.1,1.2,0.4,0.0,"Sep 8, 1983",Boston,Massachusetts ,US,NBA,2006-07
Michael Bradley,5,2002,2006,173,2016,218,457,2,14,45,88,223,591,93,25,47,113,200,483,.477,.143,.511,11.7,2.8,3.4,0.5,0.1,0.3,"Apr 18, 1979",Worcester,Massachusetts ,US,NBA,2001-02
Bruce Brown,7,2019,2025,438,10887,1513,3168,267,802,580,754,455,1844,1064,402,216,485,1036,3873,.478,.333,.769,24.9,8.8,4.2,2.4,0.9,0.5,"Aug 15, 1996",Boston,Massachusetts ,US,NBA,2018-19
Bob Carrington,2,1978,1980,82,1787,268,626,0,2,136,179,76,187,120,69,24,123,223,672,.428,,.760,21.8,8.2,2.3,1.5,0.8,0.3,"Jul 3, 1953",Brookline,Massachusetts ,US,NBA,1977-78
Michael Carter-Williams,9,2014,2023,395,9942,1498,3730,183,716,861,1221,379,1718,1708,498,215,916,964,4040,.402,.256,.705,25.2,10.2,4.3,4.3,1.3,0.5,"Oct 10, 1991",Hamilton,Massachusetts ,US,NBA,2013-14
Pat Connaughton,10,2016,2025,585,11295,1276,2929,675,1894,269,348,404,1996,810,280,157,324,686,3496,.436,.356,.773,19.3,6.0,3.4,1.4,0.5,0.3,"Jan 6, 1993",Arlington,Massachusetts ,US,NBA,2015-16
Armand Cure,1,1947,1947,12,,4,15,,,2,3,,,0,,,,5,10,.267,,.667,,0.8,,0.0,,,"Aug 1, 1919",New Bedford,Massachusetts ,US,NBA,1946-47
Bill Curley,5,1995,2001,147,1614,157,354,2,9,78,105,124,290,60,61,44,75,345,394,.444,.222,.743,11.0,2.7,2.0,0.4,0.4,0.3,"May 29, 1972",Boston,Massachusetts ,US,NBA,1994-95
Vinny Del Negro,12,1989,2002,771,19211,2863,6031,243,677,1069,1273,284,1810,2484,576,65,820,1466,7038,.475,.359,.840,24.9,9.1,2.3,3.2,0.7,0.1,"Aug 9, 1966",Springfield,Massachusetts ,US,NBA,1988-89
Terry Driscoll,5,1971,1975,274,3632,449,1071,0,0,229,330,117,1114,221,31,22,28,588,1127,.419,,.694,13.3,4.1,4.1,0.8,0.3,0.2,"Aug 28, 1947",Winthrop,Massachusetts ,US,NBA,1970-71
Patrick Ewing,1,2011,2011,7,19,0,5,0,2,3,4,1,2,2,0,1,1,1,3,.000,.000,.750,2.7,0.4,0.3,0.3,0.0,0.1,"May 20, 1984",Boston,Massachusetts ,US,NBA,2010-11
Jack Foley,1,1963,1963,11,83,20,51,,,13,15,,16,5,,,,8,53,.392,,.867,7.5,4.8,1.5,0.5,,,"Apr 19, 1939",Worcester,Massachusetts ,US,NBA,1962-63
Player,Yrs,0,To,G,MP,FG,FGA,3P,3PA,FT,FTA,ORB,TRB,AST,STL,BLK,TOV,PF,PTS,FG%,3P%,FT%,MP,PTS,TRB,AST,STL,BLK,Date,City,Massachusetts ,US,NBA,-1-
Matt Geiger,10,1993,2002,552,12221,2039,4083,16,69,965,1325,1152,3158,388,306,347,744,1629,5059,.499,.232,.728,22.1,9.2,5.7,0.7,0.6,0.6,"Sep 10, 1969",Salem,Massachusetts ,US,NBA,1992-93
Adam Harrington,1,2003,2003,19,111,11,37,5,14,3,4,1,8,12,2,1,2,8,30,.297,.357,.750,5.8,1.6,0.4,0.6,0.1,0.1,"Jul 5, 1980",Bernardston,Massachusetts ,US,NBA,2002-03
Chris Herren,2,2000,2001,70,1005,74,220,40,122,36,52,16,73,167,29,2,62,117,224,.336,.328,.692,14.4,3.2,1.0,2.4,0.4,0.0,"Sep 27, 1975",Fall River,Massachusetts ,US,NBA,1999-00
Bill Hewitt,6,1969,1975,361,7461,891,2031,,,280,499,30,1994,469,9,10,,792,2062,.439,,.561,20.7,5.7,5.5,1.3,0.5,0.6,"Aug 8, 1944",Cambridge,Massachusetts ,US,NBA,1968-69
Bob Hubbard,2,1948,1949,62,,83,334,,,58,86,,,29,,,,73,224,.249,,.674,,3.6,,0.5,,,"Dec 27, 1922",Westfield,Massachusetts ,US,NBA,1947-48
Randell Jackson,2,1999,2000,28,272,46,108,1,7,21,32,30,54,8,3,11,26,29,114,.426,.143,.656,9.7,4.1,1.9,0.3,0.1,0.4,"Jan 16, 1976",Boston,Massachusetts ,US,NBA,1998-99
Toby Kimball,9,1967,1975,571,10439,1383,3251,,,704,1229,193,3870,571,51,23,,1280,3470,.425,,.573,18.3,6.1,6.8,1.0,0.7,0.3,"Sep 7, 1942",Framingham,Massachusetts ,US,NBA,1966-67
Bill Laimbeer,14,1981,1994,1068,33956,5574,11198,202,619,2440,2916,2819,10400,2184,710,965,1594,3633,13790,.498,.326,.837,31.8,12.9,9.7,2.0,0.7,0.9,"May 19, 1957",Boston,Massachusetts ,US,NBA,1980-81
Tony Lavelli,2,1950,1951,86,,194,529,,,203,238,,59,63,,,,163,591,.367,,.853,,6.9,2.0,0.7,,,"Jul 11, 1926",Somerville,Massachusetts ,US,NBA,1949-50
Jake Layman,6,2017,2022,243,3099,458,996,131,437,128,178,102,417,127,99,71,122,254,1175,.460,.300,.719,12.8,4.8,1.7,0.5,0.4,0.3,"Mar 7, 1994",Norwood,Massachusetts ,US,NBA,2016-17
Ron Lee,6,1977,1982,448,9586,1296,3117,42,131,651,924,397,1219,1688,869,122,783,1368,3285,.416,,.705,21.4,7.3,2.7,3.8,1.9,0.3,"Nov 2, 1952",Boston,Massachusetts ,US,NBA,1976-77
Russ Lee,3,1973,1975,97,582,116,297,,,50,73,31,114,65,22,3,,82,282,.391,,.685,6.0,2.9,1.2,0.7,0.4,0.1,"Jan 27, 1950",Boston,Massachusetts ,US,NBA,1972-73
Dwayne McClain,1,1986,1986,45,461,69,180,1,9,18,35,14,30,67,38,4,40,61,157,.383,.111,.514,10.2,3.5,0.7,1.5,0.8,0.1,"Feb 7, 1963",Worcester,Massachusetts ,US,NBA,1985-86
Shabazz Napier,6,2015,2020,345,5986,808,2034,345,1000,472,579,104,657,849,286,48,452,404,2433,.397,.345,.815,17.4,7.1,1.9,2.5,0.8,0.1,"Jul 14, 1991",Roxbury,Massachusetts ,US,NBA,2014-15
Georges Niang,9,2017,2025,521,8997,1363,3059,825,2068,236,275,164,1296,500,170,74,349,928,3787,.446,.399,.858,17.3,7.3,2.5,1.0,0.3,0.1,"Jun 17, 1993",Lawrence,Massachusetts ,US,NBA,2016-17
Demetris Nichols,2,2008,2009,18,58,9,32,3,15,1,2,0,7,2,0,4,4,5,22,.281,.200,.500,3.2,1.2,0.4,0.1,0.0,0.2,"Sep 4, 1984",Boston,Massachusetts ,US,NBA,2007-08
Nerlens Noel,9,2015,2023,467,10281,1375,2518,3,15,585,893,898,2835,501,588,683,593,1192,3338,.546,.200,.655,22.0,7.1,6.1,1.1,1.3,1.5,"Apr 10, 1994",Malden,Massachusetts ,US,NBA,2014-15
Grady O'Malley,1,1970,1970,24,113,21,60,,,8,19,,26,10,,,,12,50,.350,,.421,4.7,2.1,1.1,0.4,,,"Apr 25, 1948",Boston,Massachusetts ,US,NBA,1969-70
Jermaine Samuels,1,2024,2024,14,60,9,14,0,2,2,2,3,13,3,1,2,0,5,20,.643,.000,1.000,4.3,1.4,0.9,0.2,0.1,0.1,"Nov 13, 1998",Franklin,Massachusetts ,US,NBA,2023-24
Wayne Selden,4,2017,2022,127,2386,338,814,112,326,127,177,54,253,189,57,19,145,209,915,.415,.344,.718,18.8,7.2,2.0,1.5,0.4,0.1,"Sep 30, 1994",Roxbury,Massachusetts ,US,NBA,2016-17
Player,Yrs,0,To,G,MP,FG,FGA,3P,3PA,FT,FTA,ORB,TRB,AST,STL,BLK,TOV,PF,PTS,FG%,3P%,FT%,MP,PTS,TRB,AST,STL,BLK,Date,City,Massachusetts ,US,NBA,-1-
Courtney Sims,2,2008,2009,5,24,3,7,0,0,0,0,3,6,1,0,0,1,3,6,.429,,,4.8,1.2,1.2,0.2,0.0,0.0,"Oct 21, 1983",Roslindale,Massachusetts ,US,NBA,2007-08
Stan Stutz,3,1947,1949,166,,402,1573,,,377,464,,,188,,,,397,1181,.256,,.813,,7.1,,1.1,,,"Apr 14, 1920",Worcester,Massachusetts ,US,NBA,1946-47
Jared Terrell,1,2019,2019,14,111,12,39,4,17,3,6,1,6,12,3,2,10,16,31,.308,.235,.500,7.9,2.2,0.4,0.9,0.2,0.1,"Feb 10, 1995",Weymouth,Massachusetts ,US,NBA,2018-19
Lou Tsioropoulos,3,1957,1959,157,2977,337,1070,,,236,329,,751,165,,,,451,910,.315,,.717,19.0,5.8,4.8,1.1,,,"Aug 31, 1930",Lynn,Massachusetts ,US,NBA,1956-57
Wayne Turner,1,2000,2000,3,41,1,6,0,0,2,6,1,3,5,0,0,3,4,4,.167,,.333,13.7,1.3,1.0,1.7,0.0,0.0,"Mar 22, 1976",Boston,Massachusetts ,US,NBA,1999-00
Noah Vonleh,8,2015,2023,362,5854,651,1417,93,303,290,419,488,1790,264,139,144,278,645,1685,.459,.307,.692,16.2,4.7,4.9,0.7,0.4,0.4,"Aug 24, 1995",Salem,Massachusetts ,US,NBA,2014-15
Rick Weitzman,1,1968,1968,25,75,12,46,,,9,13,,10,8,,,,8,33,.261,,.692,3.0,1.3,0.4,0.3,,,"Apr 30, 1946",Boston,Massachusetts ,US,NBA,1967-68
Maurice Ager,4,2007,2011,82,505,64,189,11,44,30,53,8,46,19,6,6,29,65,169,.339,.250,.566,6.2,2.1,0.6,0.2,0.1,0.1,"Feb 9, 1984",Detroit,Michigan ,US,NBA,2006-07
Henry Akin,3,1967,1969,88,737,130,371,0,2,48,71,0,181,40,,,4,130,308,.350,,.676,8.4,3.5,2.1,0.5,,,"Jul 31, 1944",Detroit,Michigan ,US,NBA,1966-67
Victor Alexander,5,1992,2002,286,5755,1101,2126,18,63,322,508,446,1384,257,135,177,378,713,2542,.518,.286,.634,20.1,8.9,4.8,0.9,0.5,0.6,"Aug 31, 1969",Detroit,Michigan ,US,NBA,1991-92
Keith Appling,1,2016,2016,5,27,2,8,0,3,2,2,0,1,1,1,0,3,5,6,.250,.000,1.000,5.4,1.2,0.2,0.2,0.2,0.0,"Feb 13, 1992",Detroit,Michigan ,US,NBA,2015-16
B.J. Armstrong,11,1990,2000,747,17790,2850,5981,436,1026,1184,1383,192,1321,2479,533,47,889,1128,7320,.477,.425,.856,23.8,9.8,1.8,3.3,0.7,0.1,"Sep 9, 1967",Detroit,Michigan ,US,NBA,1989-90
Bob Armstrong,1,1957,1957,19,110,11,37,,,6,12,,39,3,,,,13,28,.297,,.500,5.8,1.5,2.1,0.2,,,"Jun 17, 1933",Detroit,Michigan ,US,NBA,1956-57
Paris Bass,1,2022,2022,2,7,2,6,0,2,2,2,2,4,0,1,0,2,2,6,.333,.000,1.000,3.5,3.0,2.0,0.0,0.5,0.0,"Aug 29, 1995",Birmingham,Michigan ,US,NBA,2021-22
Emoni Bates,2,2024,2025,22,160,17,63,12,44,1,4,1,14,14,2,2,8,7,47,.270,.273,.250,7.3,2.1,0.6,0.6,0.1,0.1,"Jan 28, 2004",Ann Arbor,Michigan ,US,NBA,2023-24
Shane Battier,13,2002,2014,977,30004,2982,6819,1250,3254,1194,1606,1273,4082,1717,988,906,878,2208,8408,.437,.384,.743,30.7,8.6,4.2,1.8,1.0,0.9,"Sep 9, 1978",Birmingham,Michigan ,US,NBA,2001-02
Charlie Bell,7,2002,2011,376,9368,1192,2891,438,1213,382,497,180,814,857,303,31,362,750,3204,.412,.361,.769,24.9,8.5,2.2,2.3,0.8,0.1,"Mar 12, 1979",Flint,Michigan ,US,NBA,2001-02
Ricky Berry,1,1989,1989,64,1406,255,567,65,160,131,166,57,197,80,37,22,82,197,706,.450,.406,.789,22.0,11.0,3.1,1.3,0.6,0.3,"Oct 6, 1964",Lansing,Michigan ,US,NBA,1988-89
Devin Booker,10,2016,2025,649,22254,5532,11936,1375,3864,3423,3922,396,2617,3337,565,188,1951,1903,15862,.463,.356,.873,34.3,24.4,4.0,5.1,0.9,0.3,"Oct 30, 1996",Grand Rapids,Michigan ,US,NBA,2015-16
Don Boven,3,1950,1953,195,3355,561,1653,,,641,908,,553,393,,,,753,1763,.339,,.706,25.2,9.0,4.2,2.0,,,"Mar 6, 1925",Kalamazoo,Michigan ,US,NBA,1949-50
Brian Bowen,2,2020,2021,12,46,4,14,0,3,1,1,1,10,0,0,1,1,4,9,.286,.000,1.000,3.8,0.8,0.8,0.0,0.0,0.1,"Oct 2, 1998",Saginaw,Michigan ,US,NBA,2019-20
Miles Bridges,6,2019,2025,401,12353,2323,5000,681,1987,839,1021,442,2462,1040,313,275,620,761,6166,.465,.343,.822,30.8,15.4,6.1,2.6,0.8,0.7,"Mar 21, 1998",Flint,Michigan ,US,NBA,2018-19
John Brisker,6,1970,1975,331,9953,2678,5907,166,517,1325,1588,725,2152,787,35,9,733,937,6847,.453,,.834,30.1,20.7,6.5,2.4,0.6,0.2,"Jun 15, 1947",Detroit,Michigan ,US,NBA,1969-70
P.J. Brown,15,1994,2008,1089,33823,3852,8365,8,59,2158,2718,3002,8409,1661,912,1116,1342,3218,9870,.460,.136,.794,31.1,9.1,7.7,1.5,0.8,1.0,"Oct 14, 1969",Detroit,Michigan ,US,NBA,1993-94
Kobe Bufkin,2,2024,2025,27,320,52,139,13,59,17,26,11,54,44,10,7,18,29,134,.374,.220,.654,11.9,5.0,2.0,1.6,0.4,0.3,"Sep 21, 2003",Grand Rapids,Michigan ,US,NBA,2023-24
Bill Buntin,1,1966,1966,42,713,118,299,,,88,143,,252,36,,,,119,324,.395,,.615,17.0,7.7,6.0,0.9,,,"May 5, 1942",Detroit,Michigan ,US,NBA,1965-66
Willie Burton,8,1991,1999,316,6666,1090,2569,140,406,923,1174,326,932,393,191,121,517,846,3243,.424,.345,.786,21.1,10.3,2.9,1.2,0.6,0.4,"May 26, 1968",Detroit,Michigan ,US,NBA,1990-91
Player,Yrs,0,To,G,MP,FG,FGA,3P,3PA,FT,FTA,ORB,TRB,AST,STL,BLK,TOV,PF,PTS,FG%,3P%,FT%,MP,PTS,TRB,AST,STL,BLK,Date,City,Michigan ,US,NBA,-1-
Jamal Cain,3,2023,2025,65,758,97,209,28,87,47,63,47,138,33,30,13,24,67,269,.464,.322,.746,11.7,4.1,2.1,0.5,0.5,0.2,"Mar 20, 1999",Pontiac,Michigan ,US,NBA,2022-23
Demetrius Calip,1,1992,1992,7,58,4,18,1,5,2,3,1,5,12,1,0,5,8,11,.222,.200,.667,8.3,1.6,0.7,1.7,0.1,0.0,"Nov 18, 1969",Flint,Michigan ,US,NBA,1991-92
Geno Carlisle,1,2005,2005,6,16,2,3,0,0,4,6,1,1,1,0,0,1,1,8,.667,,.667,2.7,1.3,0.2,0.2,0.0,0.0,"Aug 13, 1976",Grand Rapids,Michigan ,US,NBA,2004-05
Wilson Chandler,12,2008,2020,676,20287,3270,7382,874,2560,1049,1363,766,3574,1205,470,414,931,1807,8463,.443,.341,.770,30.0,12.5,5.3,1.8,0.7,0.6,"May 10, 1987",Benton Harbor,Michigan ,US,NBA,2007-08
Mateen Cleaves,6,2001,2006,167,1863,233,599,12,45,131,180,33,175,310,67,5,201,213,609,.389,.267,.728,11.2,3.6,1.0,1.9,0.4,0.0,"Sep 7, 1977",Flint,Michigan ,US,NBA,2000-01
Fred Cofield,2,1986,1987,50,496,77,195,3,16,12,20,7,51,86,22,3,50,66,169,.395,.188,.600,9.9,3.4,1.0,1.7,0.4,0.1,"Jan 4, 1962",Ypsilanti,Michigan ,US,NBA,1985-86
Duane Cooper,2,1993,1994,88,781,80,199,8,37,36,50,15,59,178,21,2,89,78,204,.402,.216,.720,8.9,2.3,0.7,2.0,0.2,0.0,"Jun 25, 1969",Benton Harbor,Michigan ,US,NBA,1992-93
Matt Costello,1,2018,2018,4,32,2,4,0,0,0,0,1,9,2,2,2,1,7,4,.500,,,8.0,1.0,2.3,0.5,0.5,0.5,"Aug 5, 1993",Linwood,Michigan ,US,NBA,2017-18
Chris Crawford,7,1998,2004,252,3985,609,1393,70,202,366,444,206,547,154,101,80,232,492,1654,.437,.347,.824,15.8,6.6,2.2,0.6,0.4,0.3,"May 13, 1975",Kalamazoo,Michigan ,US,NBA,1997-98
Joe Crawford,1,2009,2009,2,23,3,10,1,4,2,2,1,4,1,1,0,0,2,9,.300,.250,1.000,11.5,4.5,2.0,0.5,0.5,0.0,"Jun 17, 1986",Detroit,Michigan ,US,NBA,2008-09
Jordan Crawford,6,2011,2018,281,6843,1286,3130,330,1041,530,642,153,703,883,196,23,529,437,3432,.411,.317,.826,24.4,12.2,2.5,3.1,0.7,0.1,"Oct 23, 1988",Detroit,Michigan ,US,NBA,2010-11
Earl Cureton,12,1981,1997,674,12420,1545,3263,0,16,530,985,1189,3172,678,341,361,728,1535,3620,.473,.000,.538,18.4,5.4,4.7,1.0,0.5,0.5,"Sep 3, 1957",Detroit,Michigan ,US,NBA,1980-81
Mel Daniels*,9,1968,1977,639,22466,4672,9985,3,34,2431,3699,2880,9528,1140,99,362,1911,2309,11778,.468,,.657,35.2,18.4,14.9,1.8,0.6,1.5,"Jul 20, 1944",Detroit,Michigan ,US,NBA,1967-68
Deyonta Davis,3,2017,2019,107,1299,200,334,0,1,54,85,105,346,47,21,61,43,177,454,.599,.000,.635,12.1,4.2,3.2,0.4,0.2,0.6,"Dec 2, 1996",Muskegon,Michigan ,US,NBA,2016-17
Johnny Davis,10,1977,1986,750,21200,3699,8258,33,187,2279,2777,560,1505,3368,683,116,1398,1469,9710,.448,,.821,28.3,12.9,2.0,4.5,0.9,0.2,"Oct 21, 1955",Detroit,Michigan ,US,NBA,1976-77
Paul Davis,4,2007,2010,82,702,88,219,0,1,41,56,74,158,32,22,15,30,105,217,.402,.000,.732,8.6,2.6,1.9,0.4,0.3,0.2,"Jul 21, 1984",Detroit,Michigan ,US,NBA,2006-07
Paul Dawkins,1,1980,1980,57,776,141,300,1,5,33,48,42,125,77,33,9,76,112,316,.470,.200,.688,13.6,5.5,2.2,1.4,0.6,0.2,"Jun 10, 1957",Saginaw,Michigan ,US,NBA,1979-80
Dave DeBusschere*,12,1963,1974,875,31202,5722,13249,,,2609,3730,134,9618,2497,67,39,,2801,14053,.432,,.699,35.7,16.1,11.0,2.9,0.9,0.5,"Oct 16, 1940",Detroit,Michigan ,US,NBA,1962-63
Andrew DeClercq,10,1996,2005,587,9847,1118,2207,0,2,579,932,1025,2488,339,390,301,550,1789,2815,.507,.000,.621,16.8,4.8,4.2,0.6,0.7,0.5,"Feb 1, 1973",Detroit,Michigan ,US,NBA,1995-96
Derrick Dial,4,2000,2004,82,687,103,277,8,42,39,58,45,133,63,21,11,35,51,253,.372,.190,.672,8.4,3.1,1.6,0.8,0.3,0.1,"Dec 20, 1975",Detroit,Michigan ,US,NBA,1999-00
Player,Yrs,0,To,G,MP,FG,FGA,3P,3PA,FT,FTA,ORB,TRB,AST,STL,BLK,TOV,PF,PTS,FG%,3P%,FT%,MP,PTS,TRB,AST,STL,BLK,Date,City,Michigan ,US,NBA,-1-
Chris Douglas-Roberts,6,2009,2015,222,4381,574,1309,84,255,339,408,83,472,254,128,55,200,287,1571,.439,.329,.831,19.7,7.1,2.1,1.1,0.6,0.2,"Jan 8, 1987",Detroit,Michigan ,US,NBA,2008-09
Terry Duerod,4,1980,1983,143,1977,429,928,23,70,80,119,52,160,170,63,17,125,143,961,.462,.329,.672,13.8,6.7,1.1,1.2,0.4,0.1,"Jul 29, 1956",Royal Oak,Michigan ,US,NBA,1979-80
Charles Edge,2,1974,1975,155,3090,507,1010,0,4,187,296,414,981,109,117,105,212,240,1201,.502,.000,.632,19.9,7.7,6.3,0.7,0.8,0.7,"Feb 23, 1950",Hamtramck,Michigan ,US,NBA,1973-74
Rob Edwards,1,2022,2022,2,11,1,4,1,4,0,0,0,3,0,0,0,1,0,3,.250,.250,,5.5,1.5,1.5,0.0,0.0,0.0,"Jan 20, 1997",Detroit,Michigan ,US,NBA,2021-22
Howard Eisley,12,1995,2006,786,16013,1881,4617,516,1474,838,1013,208,1324,2748,540,83,1172,1701,5116,.407,.350,.827,20.4,6.5,1.7,3.5,0.7,0.1,"Dec 4, 1972",Detroit,Michigan ,US,NBA,1994-95
Bob Elliott,3,1979,1981,141,2324,356,720,2,6,266,410,187,502,204,69,34,233,306,980,.494,,.649,16.5,7.0,3.6,1.4,0.5,0.2,"Aug 18, 1955",Ann Arbor,Michigan ,US,NBA,1978-79
Desmon Farmer,2,2007,2009,11,86,9,29,5,20,3,3,0,7,11,1,0,5,8,26,.310,.250,1.000,7.8,2.4,0.6,1.0,0.1,0.0,"Oct 7, 1981",Flint,Michigan ,US,NBA,2006-07
Butch Feher,1,1977,1977,48,487,86,162,,,76,99,18,74,36,11,7,,46,248,.531,,.768,10.1,5.2,1.5,0.8,0.2,0.1,"May 19, 1954",Flint,Michigan ,US,NBA,1976-77
Kay Felder,2,2017,2018,58,526,83,228,11,41,46,61,6,59,78,21,8,46,49,223,.364,.268,.754,9.1,3.8,1.0,1.3,0.4,0.1,"Mar 29, 1995",Detroit,Michigan ,US,NBA,2016-17
Desmond Ferguson,1,2004,2004,7,32,5,12,3,8,0,2,0,4,1,0,0,1,0,13,.417,.375,.000,4.6,1.9,0.6,0.1,0.0,0.0,"Jul 22, 1977",Lansing,Michigan ,US,NBA,2003-04
Marcus Fizer,6,2001,2006,289,6032,1103,2536,21,110,555,803,375,1340,352,134,81,428,648,2782,.435,.191,.691,20.9,9.6,4.6,1.2,0.5,0.3,"Aug 10, 1978",Detroit,Michigan ,US,NBA,2000-01
Bryn Forbes,7,2017,2023,431,8582,1359,3119,720,1757,338,409,69,718,523,163,14,297,594,3776,.436,.410,.826,19.9,8.8,1.7,1.2,0.4,0.0,"Jul 23, 1993",Lansing,Michigan ,US,NBA,2016-17
Tony Fuller,1,1981,1981,15,248,24,66,0,1,12,16,13,42,28,10,1,23,25,60,.364,.000,.750,16.5,4.0,2.8,1.9,0.7,0.1,"Sep 4, 1958",Detroit,Michigan ,US,NBA,1980-81
Terry Furlow,4,1977,1980,239,4809,1044,2273,24,82,438,508,211,507,568,159,69,374,298,2550,.459,,.862,20.1,10.7,2.1,2.4,0.7,0.3,"Oct 18, 1954",Flint,Michigan ,US,NBA,1976-77
Derrick Gervin,2,1990,1991,77,1082,257,591,7,31,155,203,69,175,38,39,26,57,135,676,.435,.226,.764,14.1,8.8,2.3,0.5,0.5,0.3,"Mar 28, 1963",Detroit,Michigan ,US,NBA,1989-90
George Gervin*,14,1973,1986,1060,35597,10368,20583,122,451,5737,6822,1816,5602,2798,1283,1047,2909,3250,26595,.504,,.841,33.6,25.1,5.3,2.6,1.2,1.0,"Apr 27, 1952",Detroit,Michigan ,US,NBA,1972-73
Ben Gillery,1,1989,1989,24,84,6,19,0,0,13,23,7,23,2,2,4,5,29,25,.316,,.565,3.5,1.0,1.0,0.1,0.1,0.2,"Sep 19, 1965",Detroit,Michigan ,US,NBA,1988-89
Jeff Grayer,9,1989,1998,438,8277,1336,2925,35,137,550,829,574,1294,635,271,65,484,732,3257,.457,.255,.663,18.9,7.4,3.0,1.4,0.6,0.1,"Dec 17, 1965",Flint,Michigan ,US,NBA,1988-89
Draymond Green,13,2013,2025,856,24522,2745,6093,711,2219,1218,1719,933,5922,4809,1139,865,1958,2446,7419,.451,.320,.709,28.6,8.7,6.9,5.6,1.3,1.0,"Mar 4, 1990",Saginaw,Michigan ,US,NBA,2012-13
Willie Green,12,2004,2015,731,14783,2417,5682,517,1494,708,925,242,1303,1018,393,108,705,1259,6059,.425,.346,.765,20.2,8.3,1.8,1.4,0.5,0.1,"Jul 28, 1981",Detroit,Michigan ,US,NBA,2003-04
Player,Yrs,0,To,G,MP,FG,FGA,3P,3PA,FT,FTA,ORB,TRB,AST,STL,BLK,TOV,PF,PTS,FG%,3P%,FT%,MP,PTS,TRB,AST,STL,BLK,Date,City,Michigan ,US,NBA,-1-
Paul Griffin,7,1977,1983,480,10053,837,1657,0,0,769,1111,894,2650,1116,403,248,638,1400,2443,.505,,.692,20.9,5.1,5.5,2.3,0.8,0.5,"Jan 20, 1954",Shelby,Michigan ,US,NBA,1976-77
Robert Hahn,1,1950,1950,10,,4,13,,,2,7,,,1,,,,17,10,.308,,.286,,1.0,,0.1,,,"Aug 25, 1925",Ann Arbor,Michigan ,US,NBA,1949-50
Lindsay Hairston,1,1976,1976,47,651,104,228,,,65,112,65,179,21,21,32,,84,273,.456,,.580,13.9,5.8,3.8,0.4,0.4,0.7,"Dec 8, 1951",Detroit,Michigan ,US,NBA,1975-76
Malik Hairston,2,2009,2010,62,472,64,125,2,12,19,37,24,77,29,10,16,23,48,149,.512,.167,.514,7.6,2.4,1.2,0.5,0.2,0.3,"Feb 23, 1987",Detroit,Michigan ,US,NBA,2008-09
Darvin Ham,8,1997,2005,417,5178,443,856,4,16,249,504,472,963,229,136,154,308,766,1139,.518,.250,.494,12.4,2.7,2.3,0.5,0.3,0.4,"Jul 23, 1973",Saginaw,Michigan ,US,NBA,1996-97
Ben Handlogten,2,2004,2005,38,469,68,130,0,1,27,44,45,120,19,10,9,28,87,163,.523,.000,.614,12.3,4.3,3.2,0.5,0.3,0.2,"Nov 16, 1973",Grand Rapids,Michigan ,US,NBA,2003-04
Reggie Harding,4,1964,1968,230,6369,927,2215,0,1,321,533,,2199,396,,,77,635,2175,.419,,.602,27.7,9.5,9.6,1.7,,,"May 4, 1942",Detroit,Michigan ,US,NBA,1963-64
Alan Hardy,2,1981,1982,60,421,84,195,0,5,25,39,22,53,23,10,13,31,45,193,.431,.000,.641,7.0,3.2,0.9,0.4,0.2,0.2,"May 25, 1957",Detroit,Michigan ,US,NBA,1980-81
Jaden Hardy,3,2023,2025,164,2354,466,1107,196,519,165,216,38,288,232,60,16,172,212,1293,.421,.378,.764,14.4,7.9,1.8,1.4,0.4,0.1,"Jul 5, 2002",Detroit,Michigan ,US,NBA,2022-23
Manny Harris,4,2011,2017,93,1594,199,524,53,150,124,168,57,253,129,48,14,101,104,575,.380,.353,.738,17.1,6.2,2.7,1.4,0.5,0.2,"Sep 21, 1989",Detroit,Michigan ,US,NBA,2010-11
Bubbles Hawkins,4,1976,1979,103,2005,534,1179,,,245,348,107,240,150,114,47,45,252,1313,.453,,.704,19.5,12.7,2.3,1.5,1.1,0.5,"Jun 30, 1954",Detroit,Michigan ,US,NBA,1975-76
Doug Holcomb,1,1949,1949,3,,3,12,,,9,14,,,5,,,,5,15,.250,,.643,,5.0,,1.7,,,"Feb 9, 1921",Milwaukee,Michigan ,US,NBA,1948-49
Nate Huffman,1,2003,2003,7,76,9,25,0,0,5,8,9,23,5,1,3,3,13,23,.360,,.625,10.9,3.3,3.3,0.7,0.1,0.4,"Apr 2, 1975",Battle Creek,Michigan ,US,NBA,2002-03
Vince Hunter,1,2018,2018,4,7,3,5,0,0,0,0,2,3,0,0,1,1,0,6,.600,,,1.8,1.5,0.8,0.0,0.0,0.3,"Aug 5, 1994",Detroit,Michigan ,US,NBA,2017-18
Willie Iverson,1,1969,1969,28,531,50,146,0,2,36,60,12,46,80,,,55,47,136,.342,.000,.600,19.0,4.9,1.6,2.9,,,"Oct 8, 1945",Detroit,Michigan ,US,NBA,1968-69
Isaiah Jackson,4,2022,2025,163,2438,464,780,7,34,235,350,278,697,116,93,214,135,397,1170,.595,.206,.671,15.0,7.2,4.3,0.7,0.6,1.3,"Jan 10, 2002",Pontiac,Michigan ,US,NBA,2021-22
Jermaine Jackson,5,2000,2006,135,1344,89,222,3,19,81,114,34,145,184,42,9,78,127,262,.401,.158,.711,10.0,1.9,1.1,1.4,0.3,0.1,"Jun 7, 1976",Detroit,Michigan ,US,NBA,1999-00
Darryl Johnson,1,1996,1996,11,28,5,12,0,1,2,2,2,2,1,0,0,1,3,12,.417,.000,1.000,2.5,1.1,0.2,0.1,0.0,0.0,"Oct 26, 1965",Flint,Michigan ,US,NBA,1995-96
Ken Johnson,1,2003,2003,16,156,15,37,0,0,2,6,4,32,0,1,12,6,20,32,.405,,.333,9.8,2.0,2.0,0.0,0.1,0.8,"Feb 1, 1978",Detroit,Michigan ,US,NBA,2002-03
Magic Johnson*,13,1980,1996,906,33245,6211,11951,325,1074,4960,5850,1601,6559,10141,1724,374,3506,2050,17707,.520,.303,.848,36.7,19.5,7.2,11.2,1.9,0.4,"Aug 14, 1959",Lansing,Michigan ,US,NBA,1979-80
Player,Yrs,0,To,G,MP,FG,FGA,3P,3PA,FT,FTA,ORB,TRB,AST,STL,BLK,TOV,PF,PTS,FG%,3P%,FT%,MP,PTS,TRB,AST,STL,BLK,Date,City,Michigan ,US,NBA,-1-
Neil Johnson,7,1967,1973,380,6417,1036,2165,1,6,560,832,533,2003,632,,,361,1067,2633,.479,,.673,16.9,6.9,5.3,1.7,,,"Apr 17, 1943",Jackson,Michigan ,US,NBA,1966-67
Bill Jones,1,1989,1989,37,307,50,102,0,1,29,43,20,47,20,17,6,18,38,129,.490,.000,.674,8.3,3.5,1.3,0.5,0.5,0.2,"Mar 18, 1966",Detroit,Michigan ,US,NBA,1988-89
Chris Kaman,13,2004,2016,735,19642,3432,7023,1,24,1343,1808,1487,5582,921,322,931,1544,1968,8208,.489,.042,.743,26.7,11.2,7.6,1.3,0.4,1.3,"Apr 28, 1982",Wyoming,Michigan ,US,NBA,2003-04
Negele Knight,6,1991,1999,276,4513,671,1539,25,95,332,455,114,351,780,123,30,357,403,1699,.436,.263,.730,16.4,6.2,1.3,2.8,0.4,0.1,"Mar 6, 1967",Detroit,Michigan ,US,NBA,1990-91
Joe Kopicki,3,1983,1985,118,1187,137,278,3,11,155,191,111,314,84,37,8,75,150,432,.493,.273,.812,10.1,3.7,2.7,0.7,0.3,0.1,"Jun 12, 1960",Warren,Michigan ,US,NBA,1982-83
Tom Kozelko,3,1974,1976,189,1911,167,399,,,73,98,121,346,99,68,16,,281,407,.419,,.745,10.1,2.2,1.8,0.5,0.4,0.1,"Jul 1, 1951",Traverse City,Michigan ,US,NBA,1973-74
Kyle Kuzma,8,2018,2025,515,16045,3363,7490,1005,3011,1114,1539,528,3280,1392,291,270,1118,1075,8845,.449,.334,.724,31.2,17.2,6.4,2.7,0.6,0.5,"Jul 24, 1995",Flint,Michigan ,US,NBA,2017-18
Tom LaGarde,6,1978,1985,312,6194,870,1882,0,2,636,994,504,1593,456,94,131,534,860,2376,.462,,.640,19.9,7.6,5.1,1.5,0.3,0.4,"Feb 10, 1955",Detroit,Michigan ,US,NBA,1977-78
George Lee,7,1961,1968,297,5158,740,1955,,,749,1021,,1235,258,,,,504,2229,.379,,.734,17.4,7.5,4.2,0.9,,,"Nov 23, 1936",Highland Park,Michigan ,US,NBA,1960-61
Voshon Lenard,11,1996,2006,565,15349,2444,5892,936,2437,921,1171,347,1609,1180,424,131,748,1212,6745,.415,.384,.787,27.2,11.9,2.8,2.1,0.8,0.2,"May 14, 1973",Detroit,Michigan ,US,NBA,1995-96
Isaiah Livers,3,2022,2024,94,2051,201,494,123,344,56,71,58,248,87,54,40,61,183,581,.407,.358,.789,21.8,6.2,2.6,0.9,0.6,0.4,"Jul 28, 1998",Kalamazoo,Michigan ,US,NBA,2021-22
Kevin Loder,3,1982,1984,148,2094,365,791,6,23,139,200,113,338,174,67,43,143,261,875,.461,.261,.695,14.1,5.9,2.3,1.2,0.5,0.3,"Mar 15, 1959",Cassopolis,Michigan ,US,NBA,1981-82
Grant Long,15,1989,2003,1003,28514,3472,7440,83,293,2491,3272,2168,6154,1716,1199,366,1628,2957,9518,.467,.283,.761,28.4,9.5,6.1,1.7,1.2,0.4,"Mar 12, 1966",Wayne,Michigan ,US,NBA,1988-89
John Long,14,1979,1997,893,22680,5108,10929,101,314,1814,2104,998,2492,1738,912,180,1555,1868,12131,.467,,.862,25.4,13.6,2.8,1.9,1.0,0.2,"Aug 28, 1956",Romulus,Michigan ,US,NBA,1978-79
Kalin Lucas,2,2015,2019,2,12,0,2,0,1,2,2,0,3,1,1,0,0,2,2,.000,.000,1.000,6.0,1.0,1.5,0.5,0.5,0.0,"May 24, 1989",Sterling Heights,Michigan ,US,NBA,2014-15
Mark Macon,6,1992,1999,251,5018,694,1806,34,126,263,358,173,467,428,349,20,323,587,1685,.384,.270,.735,20.0,6.7,1.9,1.7,1.4,0.1,"Apr 14, 1969",Saginaw,Michigan ,US,NBA,1991-92
Dan Majerle,14,1989,2002,955,30206,3950,9171,1360,3798,1665,2246,1125,4265,2755,1194,360,1116,1927,10925,.431,.358,.741,31.6,11.4,4.5,2.9,1.3,0.4,"Sep 9, 1965",Traverse City,Michigan ,US,NBA,1988-89
Devyn Marble,2,2015,2016,44,457,35,115,12,54,15,40,11,69,29,22,3,16,39,97,.304,.222,.375,10.4,2.2,1.6,0.7,0.5,0.1,"Sep 21, 1992",Southfield,Michigan ,US,NBA,2014-15
Roy Marble,2,1990,1994,29,194,18,70,0,2,19,32,18,32,12,7,3,17,17,55,.257,.000,.594,6.7,1.9,1.1,0.4,0.2,0.1,"Dec 13, 1966",Flint,Michigan ,US,NBA,1989-90
Donny Marshall,5,1996,2003,119,919,87,271,42,125,77,113,39,121,36,37,5,45,107,293,.321,.336,.681,7.7,2.5,1.0,0.3,0.3,0.0,"Jul 17, 1972",Detroit,Michigan ,US,NBA,1995-96
Player,Yrs,0,To,G,MP,FG,FGA,3P,3PA,FT,FTA,ORB,TRB,AST,STL,BLK,TOV,PF,PTS,FG%,3P%,FT%,MP,PTS,TRB,AST,STL,BLK,Date,City,Michigan ,US,NBA,-1-
Kenyon Martin,15,2001,2015,757,23134,3875,8031,66,282,1509,2398,1312,5159,1439,893,864,1318,2498,9325,.483,.234,.629,30.6,12.3,6.8,1.9,1.2,1.1,"Dec 30, 1977",Saginaw,Michigan ,US,NBA,2000-01
Phil Martin,1,1955,1955,7,47,5,19,,,2,2,,10,6,,,,7,12,.263,,1.000,6.7,1.7,1.4,0.9,,,"Apr 2, 1928",Jackson,Michigan ,US,NBA,1954-55
Yante Maten,1,2019,2019,2,13,1,4,0,1,0,0,1,3,0,1,0,0,0,2,.250,.000,,6.5,1.0,1.5,0.0,0.5,0.0,"Aug 14, 1996",Pontiac,Michigan ,US,NBA,2018-19
Bill Mayfield,1,1981,1981,7,54,8,18,0,0,1,2,7,9,1,0,1,3,8,17,.444,,.500,7.7,2.4,1.3,0.1,0.0,0.1,"Oct 17, 1957",Detroit,Michigan ,US,NBA,1980-81
Howie McCarty,1,1947,1947,19,,10,82,,,1,10,,,2,,,,22,21,.122,,.100,,1.1,,0.1,,,"Apr 15, 1919",Port Huron,Michigan ,US,NBA,1946-47
Tim McCormick,8,1985,1992,483,10390,1547,2893,1,16,935,1330,777,2366,491,139,187,619,1256,4030,.535,.063,.703,21.5,8.3,4.9,1.0,0.3,0.4,"Mar 10, 1962",Detroit,Michigan ,US,NBA,1984-85
JaVale McGee,16,2009,2024,909,14676,2955,5110,15,78,982,1627,1624,4577,386,345,1258,896,1923,6907,.578,.192,.604,16.1,7.6,5.0,0.4,0.4,1.4,"Jan 19, 1988",Flint,Michigan ,US,NBA,2008-09
Maurice McHartley,3,1968,1970,189,5315,875,2175,15,80,586,785,107,599,641,,,659,625,2351,.402,.188,.746,28.1,12.4,3.2,3.4,,,"Aug 1, 1942",Detroit,Michigan ,US,NBA,1967-68
Kenny McIntosh,4,1972,1975,177,3700,401,1111,,,132,227,117,696,173,56,32,,333,934,.361,,.581,20.9,5.3,3.9,1.0,0.7,0.4,"Jan 21, 1949",Detroit,Michigan ,US,NBA,1971-72
Anthony Miller,8,1995,2005,181,1637,197,386,2,8,114,198,185,488,66,58,26,90,244,510,.510,.250,.576,9.0,2.8,2.7,0.4,0.3,0.1,"Oct 22, 1971",Benton Harbor,Michigan ,US,NBA,1994-95
Terry Mills,11,1991,2001,678,16422,2847,6227,533,1387,948,1214,1029,3680,891,397,296,851,1896,7175,.457,.384,.781,24.2,10.6,5.4,1.3,0.6,0.4,"Dec 21, 1967",Romulus,Michigan ,US,NBA,1990-91
Eric Money,6,1975,1980,426,10827,2239,4536,0,0,733,980,338,894,1623,524,62,712,1148,5211,.494,,.748,25.4,12.2,2.1,3.8,1.2,0.1,"Feb 6, 1955",Detroit,Michigan ,US,NBA,1974-75
Monte Morris,8,2018,2025,415,9759,1548,3273,461,1195,384,465,140,979,1503,300,73,302,426,3941,.473,.386,.826,23.5,9.5,2.4,3.6,0.7,0.2,"Jun 27, 1995",Grand Rapids,Michigan ,US,NBA,2017-18
Don Nelson*,14,1963,1976,1053,21685,4017,8373,,,2864,3744,273,5192,1526,65,35,,2451,10898,.480,,.765,20.6,10.3,4.9,1.4,0.3,0.1,"May 15, 1940",Muskegon,Michigan ,US,NBA,1962-63
Ira Newble,8,2001,2008,380,7645,782,1753,85,249,281,361,403,1114,342,204,105,289,695,1930,.446,.341,.778,20.1,5.1,2.9,0.9,0.5,0.3,"Jan 20, 1975",Southfield,Michigan ,US,NBA,2000-01
Connie Norman,3,1975,1979,99,1213,277,631,,,41,50,67,145,94,41,11,22,131,595,.439,,.820,12.3,6.0,1.5,0.9,0.4,0.1,"Sep 24, 1953",Detroit,Michigan ,US,NBA,1974-75
Mike Peplowski,3,1994,1996,68,705,84,151,0,1,26,49,51,176,26,19,27,38,151,194,.556,.000,.531,10.4,2.9,2.6,0.4,0.3,0.4,"Oct 15, 1970",Detroit,Michigan ,US,NBA,1993-94
Morris Peterson,11,2001,2011,711,19366,2747,6567,1009,2702,1125,1456,569,2483,1090,639,136,716,1606,7628,.418,.373,.773,27.2,10.7,3.5,1.5,0.9,0.2,"Aug 26, 1977",Flint,Michigan ,US,NBA,2000-01
Jerry Pettway,2,1968,1969,87,1836,326,961,16,62,124,190,13,303,120,,,98,151,792,.339,.258,.653,21.1,9.1,3.5,1.4,,,"Feb 13, 1944",Detroit,Michigan ,US,NBA,1967-68
Gary Plummer,2,1985,1993,126,1439,198,460,1,7,134,187,107,307,66,29,25,128,268,531,.430,.143,.717,11.4,4.2,2.4,0.5,0.2,0.2,"Feb 21, 1962",Highland Park,Michigan ,US,NBA,1984-85
Player,Yrs,0,To,G,MP,FG,FGA,3P,3PA,FT,FTA,ORB,TRB,AST,STL,BLK,TOV,PF,PTS,FG%,3P%,FT%,MP,PTS,TRB,AST,STL,BLK,Date,City,Michigan ,US,NBA,-1-
Ben Poquette,10,1978,1987,718,15763,1975,4092,13,59,936,1202,1061,3731,872,384,794,686,1989,4899,.483,,.779,22.0,6.8,5.2,1.2,0.5,1.1,"May 7, 1955",Ann Arbor,Michigan ,US,NBA,1977-78
Shawn Respert,4,1996,1999,172,2350,315,760,97,285,124,152,81,226,177,91,7,125,192,851,.414,.340,.816,13.7,4.9,1.3,1.0,0.5,0.0,"Feb 6, 1972",Detroit,Michigan ,US,NBA,1995-96
Jason Richardson,13,2002,2015,857,29241,5558,12681,1608,4344,1920,2714,1033,4245,2284,995,367,1503,1963,14644,.438,.370,.707,34.1,17.1,5.0,2.7,1.2,0.4,"Jan 20, 1981",Saginaw,Michigan ,US,NBA,2001-02
Anthony Roberson,3,2006,2009,65,591,102,255,52,146,9,10,8,49,35,23,1,24,51,265,.400,.356,.900,9.1,4.1,0.8,0.5,0.4,0.0,"Feb 14, 1983",Saginaw,Michigan ,US,NBA,2005-06
Terrance Roberson,1,2001,2001,3,13,0,2,0,1,0,0,0,1,1,0,0,2,3,0,.000,.000,,4.3,0.0,0.3,0.3,0.0,0.0,"Dec 30, 1976",Saginaw,Michigan ,US,NBA,2000-01
Tony Robertson,2,1978,1979,75,1003,183,421,,,43,62,21,80,107,82,5,96,143,409,.435,,.694,13.4,5.5,1.1,1.4,1.1,0.1,"Jan 1, 1956",Detroit,Michigan ,US,NBA,1977-78
Eddie Robinson,5,2000,2004,278,5345,852,1681,8,32,226,306,241,764,252,216,91,215,345,1938,.507,.250,.739,19.2,7.0,2.7,0.9,0.8,0.3,"Apr 19, 1976",Flint,Michigan ,US,NBA,1999-00
Carlos Rogers,8,1995,2002,298,5654,888,1658,32,124,388,690,503,1272,182,128,235,297,515,2196,.536,.258,.562,19.0,7.4,4.3,0.6,0.4,0.8,"Feb 6, 1971",Detroit,Michigan ,US,NBA,1994-95
Ryan Rollins,3,2023,2025,64,627,95,211,30,82,39,47,21,89,71,39,17,57,71,259,.450,.366,.830,9.8,4.0,1.4,1.1,0.6,0.3,"Jul 3, 2002",Detroit,Michigan ,US,NBA,2022-23
Jalen Rose,13,1995,2007,923,27925,4852,10945,746,2102,2770,3457,491,3193,3527,729,315,2102,2408,13220,.443,.355,.801,30.3,14.3,3.5,3.8,0.8,0.3,"Jan 30, 1973",Detroit,Michigan ,US,NBA,1994-95
Dan Roundfield,12,1976,1987,813,24210,4420,9161,7,63,2810,3824,2576,7502,1655,695,1160,1870,2722,11657,.482,,.735,29.8,14.3,9.2,2.0,0.9,1.4,"May 26, 1953",Detroit,Michigan ,US,NBA,1975-76
Guy Rucker,1,2003,2003,3,4,0,0,0,0,0,0,0,1,1,0,0,0,1,0,,,,1.3,0.0,0.3,0.3,0.0,0.0,"Jul 27, 1977",Inkster,Michigan ,US,NBA,2002-03
Walker Russell,6,1983,1988,155,1767,179,456,6,38,100,125,51,187,350,57,10,201,195,464,.393,.158,.800,11.4,3.0,1.2,2.3,0.4,0.1,"Oct 26, 1960",Pontiac,Michigan ,US,NBA,1982-83
Walker Russell,1,2012,2012,28,357,33,95,4,13,14,22,7,26,58,18,1,33,29,84,.347,.308,.636,12.8,3.0,0.9,2.1,0.6,0.0,"Oct 6, 1982",Pontiac,Michigan ,US,NBA,2011-12
Ben Schadler,1,1948,1948,37,,23,116,,,10,13,,,6,,,,40,56,.198,,.769,,1.5,,0.2,,,"Mar 9, 1924",Benton Harbor,Michigan ,US,NBA,1947-48
Steve Scheffler,7,1991,1997,174,918,121,217,1,5,88,116,81,180,26,30,8,34,131,331,.558,.200,.759,5.3,1.9,1.0,0.1,0.2,0.0,"Sep 3, 1967",Grand Rapids,Michigan ,US,NBA,1990-91
Tom Scheffler,1,1985,1985,39,268,21,51,0,0,10,20,18,76,11,8,11,15,48,52,.412,,.500,6.9,1.3,1.9,0.3,0.2,0.3,"Oct 27, 1954",St. Joseph,Michigan ,US,NBA,1984-85
Brent Scott,1,1997,1997,16,55,8,17,0,0,3,6,3,9,3,1,1,4,14,19,.471,,.500,3.4,1.2,0.6,0.2,0.1,0.1,"Jun 15, 1971",Jackson,Michigan ,US,NBA,1996-97
John Shasky,3,1989,1991,136,1505,176,378,0,2,165,252,158,379,34,29,35,75,179,517,.466,.000,.655,11.1,3.8,2.8,0.3,0.2,0.3,"Jul 31, 1964",Birmingham,Michigan ,US,NBA,1988-89
Ralph Siewert,1,1947,1947,21,,6,44,,,8,15,,,4,,,,18,20,.136,,.533,,1.0,,0.2,,,"Dec 31, 1923",Bloomfield Hills,Michigan ,US,NBA,1946-47
Player,Yrs,0,To,G,MP,FG,FGA,3P,3PA,FT,FTA,ORB,TRB,AST,STL,BLK,TOV,PF,PTS,FG%,3P%,FT%,MP,PTS,TRB,AST,STL,BLK,Date,City,Michigan ,US,NBA,-1-
Ralph Simpson,10,1971,1980,705,19623,4786,10648,32,168,2181,2857,920,2616,2357,738,71,1843,1474,11785,.449,,.763,27.8,16.7,3.7,3.3,1.4,0.2,"Aug 10, 1949",Detroit,Michigan ,US,NBA,1970-71
Doug Smith,5,1992,1996,296,5833,1020,2399,3,36,313,405,394,1234,400,224,150,353,979,2356,.425,.083,.773,19.7,8.0,4.2,1.4,0.8,0.5,"Sep 17, 1969",Detroit,Michigan ,US,NBA,1991-92
Keith Smith,1,1987,1987,42,461,57,150,3,9,21,28,13,32,43,25,3,30,74,138,.380,.333,.750,11.0,3.3,0.8,1.0,0.6,0.1,"Mar 9, 1964",Flint,Michigan ,US,NBA,1986-87
Steve Smith,14,1992,2005,942,28855,4609,10485,1148,3208,3064,3625,1112,3060,2922,726,275,1714,2278,13430,.440,.358,.845,30.6,14.3,3.2,3.1,0.8,0.3,"Mar 31, 1969",Highland Park,Michigan ,US,NBA,1991-92
Guy Sparrow,3,1958,1960,150,2583,461,1289,,,245,403,,728,142,,,,410,1167,.358,,.608,17.2,7.8,4.9,0.9,,,"Nov 2, 1932",Pontiac,Michigan ,US,NBA,1957-58
Art Spoelstra,4,1955,1958,278,5248,763,1953,,,486,701,,1273,266,,,,811,2012,.391,,.693,18.9,7.2,4.6,1.0,,,"Sep 11, 1932",Grand Rapids,Michigan ,US,NBA,1954-55
Matt Steigenga,1,1997,1997,2,12,1,4,0,2,1,2,0,3,2,1,1,2,1,3,.250,.000,.500,6.0,1.5,1.5,1.0,0.5,0.5,"Mar 27, 1970",Grand Rapids,Michigan ,US,NBA,1996-97
Barry Stevens,1,1993,1993,2,6,1,2,0,0,0,0,2,2,0,0,0,0,1,2,.500,,,3.0,1.0,1.0,0.0,0.0,0.0,"Jan 17, 1963",Flint,Michigan ,US,NBA,1992-93
Art Stolkey,1,1947,1947,23,,36,164,,,30,44,,,38,,,,72,102,.220,,.682,,4.4,,1.7,,,"Oct 23, 1920",,Michigan ,US,NBA,1946-47
Edmond Sumner,5,2018,2023,161,2256,356,758,87,255,198,244,51,244,182,91,34,133,242,997,.470,.341,.811,14.0,6.2,1.5,1.1,0.6,0.2,"Dec 31, 1995",Detroit,Michigan ,US,NBA,2017-18
Maurice Taylor,9,1998,2007,534,13324,2471,5298,5,33,942,1324,791,2452,623,246,259,973,1603,5889,.466,.152,.711,25.0,11.0,4.6,1.2,0.5,0.5,"Oct 30, 1976",Detroit,Michigan ,US,NBA,1997-98
Terry Thomas,1,1976,1976,28,136,28,65,,,21,29,15,36,3,4,2,,21,77,.431,,.724,4.9,2.8,1.3,0.1,0.1,0.1,"Aug 20, 1953",Detroit,Michigan ,US,NBA,1975-76
Xavier Tillman Sr.,5,2021,2025,254,4136,584,1141,60,233,152,265,339,971,317,210,126,166,366,1380,.512,.258,.574,16.3,5.4,3.8,1.2,0.8,0.5,"Jan 12, 1999",Grand Rapids,Michigan ,US,NBA,2020-21
Rudy Tomjanovich*,11,1971,1981,768,25714,5630,11240,34,130,2089,2666,1173,6198,1573,374,175,332,1937,13383,.501,,.784,33.5,17.4,8.1,2.0,0.7,0.3,"Nov 24, 1948",Hamtramck,Michigan ,US,NBA,1970-71
George Trapp,6,1972,1977,379,6863,1417,3188,,,519,690,251,1466,375,117,71,,1034,3353,.444,,.752,18.1,8.8,3.9,1.0,0.5,0.3,"Jul 11, 1948",Detroit,Michigan ,US,NBA,1971-72
John Trapp,5,1969,1973,303,5237,900,2142,0,2,393,548,27,1320,303,,,25,931,2193,.420,,.717,17.3,7.2,4.4,1.0,,,"Oct 2, 1945",Detroit,Michigan ,US,NBA,1968-69
Robert Traylor,7,1999,2005,438,6243,841,1774,4,24,399,691,671,1640,312,280,306,400,1079,2085,.474,.167,.577,14.3,4.8,3.7,0.7,0.6,0.7,"Feb 1, 1977",Detroit,Michigan ,US,NBA,1998-99
Terry Tyler,11,1979,1989,871,21740,3831,7915,10,82,1196,1702,1609,4675,1039,801,1342,1140,1937,8868,.484,,.703,25.0,10.2,5.4,1.2,0.9,1.5,"Oct 30, 1956",Detroit,Michigan ,US,NBA,1978-79
Tyler Ulis,3,2017,2019,133,2782,398,988,63,225,139,172,44,223,537,118,12,204,193,998,.403,.280,.808,20.9,7.5,1.7,4.0,0.9,0.1,"Jan 5, 1996",Southfield,Michigan ,US,NBA,2016-17
Denzel Valentine,5,2017,2022,256,4817,680,1728,361,1004,74,94,101,857,466,159,31,228,412,1795,.394,.360,.787,18.8,7.0,3.3,1.8,0.6,0.1,"Nov 16, 1993",Lansing,Michigan ,US,NBA,2016-17
Player,Yrs,0,To,G,MP,FG,FGA,3P,3PA,FT,FTA,ORB,TRB,AST,STL,BLK,TOV,PF,PTS,FG%,3P%,FT%,MP,PTS,TRB,AST,STL,BLK,Date,City,Michigan ,US,NBA,-1-
Loy Vaught,11,1991,2001,689,16993,3061,6074,21,86,841,1172,1482,4881,652,510,228,822,1624,6984,.504,.244,.718,24.7,10.1,7.1,0.9,0.7,0.3,"Feb 27, 1968",Grand Rapids,Michigan ,US,NBA,1990-91
Jay Vincent,9,1982,1990,576,15556,3490,7367,4,27,1745,2226,979,3167,1124,413,172,1099,1621,8729,.474,.148,.784,27.0,15.2,5.5,2.0,0.7,0.3,"Jun 10, 1959",Kalamazoo,Michigan ,US,NBA,1981-82
Sam Vincent,7,1986,1992,396,7527,1163,2591,16,88,764,885,158,819,1543,268,60,655,598,3106,.449,.182,.863,19.0,7.8,2.1,3.9,0.7,0.2,"May 18, 1963",Lansing,Michigan ,US,NBA,1985-86
Derrick Walton,3,2018,2022,45,503,32,90,20,54,17,19,6,42,64,21,7,18,36,101,.356,.370,.895,11.2,2.2,0.9,1.4,0.5,0.2,"Apr 3, 1995",Detroit,Michigan ,US,NBA,2017-18
Chris Webber*,15,1994,2008,831,30847,7192,15024,264,883,2534,3906,2271,8124,3526,1197,1200,2313,2700,17182,.479,.299,.649,37.1,20.7,9.8,4.2,1.4,1.4,"Mar 1, 1973",Detroit,Michigan ,US,NBA,1993-94
Robert Whaley,1,2006,2006,23,212,23,57,0,0,3,6,16,43,17,7,8,14,41,49,.404,,.500,9.2,2.1,1.9,0.7,0.3,0.3,"Apr 16, 1982",Benton Harbor,Michigan ,US,NBA,2005-06
Shayne Whittington,2,2015,2016,27,149,24,53,1,8,19,25,15,41,9,6,3,10,25,68,.453,.125,.760,5.5,2.5,1.5,0.3,0.2,0.1,"Mar 27, 1991",Paw Paw,Michigan ,US,NBA,2014-15
Ken Wilburn,2,1968,1969,54,505,84,215,0,0,40,79,87,212,29,,,47,73,208,.391,,.506,9.4,3.9,3.9,0.5,,,"Jun 8, 1944",River Rouge,Michigan ,US,NBA,1967-68
Cassius Winston,2,2021,2022,29,137,18,44,10,23,9,10,0,10,19,2,1,8,17,55,.409,.435,.900,4.7,1.9,0.3,0.7,0.1,0.0,"Feb 28, 1998",Detroit,Michigan ,US,NBA,2020-21
James Young,4,2015,2018,95,812,77,210,38,137,27,48,19,96,28,24,5,15,58,219,.367,.277,.563,8.5,2.3,1.0,0.3,0.3,0.1,"Aug 16, 1995",Flint,Michigan ,US,NBA,2014-15
Cole Aldrich,8,2011,2018,339,3389,435,825,0,0,180,244,334,1131,183,137,233,199,509,1050,.527,,.738,10.0,3.1,3.3,0.5,0.4,0.7,"Oct 31, 1988",Burnsville,Minnesota ,US,NBA,2010-11
Alan Anderson,8,2006,2017,330,6793,843,2084,331,963,404,495,151,714,371,182,31,290,602,2421,.405,.344,.816,20.6,7.3,2.2,1.1,0.6,0.1,"Oct 16, 1982",Minneapolis,Minnesota ,US,NBA,2005-06
Dan Anderson,2,1968,1969,140,4025,683,1421,0,0,341,469,488,1316,158,,,212,503,1707,.481,,.727,28.8,12.2,9.4,1.1,,,"Feb 15, 1943",Minneapolis,Minnesota ,US,NBA,1967-68
Jamison Battle,1,2025,2025,39,491,75,163,52,123,12,14,21,71,33,5,5,12,44,214,.460,.423,.857,12.6,5.5,1.8,0.8,0.1,0.1,"May 10, 2001",Robbinsdale,Minnesota ,US,NBA,2024-25
Troy Bell,1,2004,2004,6,34,4,18,0,4,3,3,3,4,4,1,0,6,6,11,.222,.000,1.000,5.7,1.8,0.7,0.7,0.2,0.0,"Nov 10, 1980",Minneapolis,Minnesota ,US,NBA,2003-04
Don Bielke,1,1956,1956,7,38,5,9,,,4,7,,9,1,,,,9,14,.556,,.571,5.4,2.0,1.3,0.1,,,"May 10, 1932",,Minnesota ,US,NBA,1955-56
Randy Breuer,11,1984,1994,681,12499,1898,4060,0,4,803,1278,1061,2986,616,305,750,676,1464,4599,.467,.000,.628,18.4,6.8,4.4,0.9,0.4,1.1,"Oct 11, 1960",Lake City,Minnesota ,US,NBA,1983-84
Kendall Brown,2,2023,2024,21,103,12,22,0,3,6,10,5,11,8,4,0,4,18,30,.545,.000,.600,4.9,1.4,0.5,0.4,0.2,0.0,"May 11, 2003",St. Paul,Minnesota ,US,NBA,2022-23
Don Carlson,4,1947,1951,180,,599,1813,,,249,400,,15,324,,,,511,1447,.330,,.623,,8.0,1.7,1.8,,,"Mar 22, 1919",Minneapolis,Minnesota ,US,NBA,1946-47
John Clawson,1,1969,1969,70,1067,147,309,0,0,37,54,71,195,51,,,73,187,331,.476,,.685,15.2,4.7,2.8,0.7,,,"May 15, 1944",Duluth,Minnesota ,US,NBA,1968-69
Amir Coffey,6,2020,2025,305,5606,694,1527,290,752,338,404,112,588,348,130,43,161,385,2016,.454,.386,.837,18.4,6.6,1.9,1.1,0.4,0.1,"Jun 17, 1997",Hopkins,Minnesota ,US,NBA,2019-20
Ben Coleman,5,1987,1994,227,3612,583,1129,0,5,328,432,305,928,128,94,99,302,613,1494,.516,.000,.759,15.9,6.6,4.1,0.6,0.4,0.4,"Nov 14, 1961",Minneapolis,Minnesota ,US,NBA,1986-87
Tom Copa,1,1992,1992,33,132,22,40,0,0,4,13,14,36,3,2,6,8,29,48,.550,,.308,4.0,1.5,1.1,0.1,0.1,0.2,"Oct 30, 1964",Robbinsdale,Minnesota ,US,NBA,1991-92
Khalid El-Amin,1,2001,2001,50,936,115,311,28,84,56,72,21,81,145,48,2,54,99,314,.370,.333,.778,18.7,6.3,1.6,2.9,1.0,0.0,"Apr 25, 1979",Minneapolis,Minnesota ,US,NBA,2000-01
Don Eliason,1,1947,1947,1,,0,1,,,0,0,,,0,,,,1,0,.000,,,,0.0,,0.0,,,"Jul 24, 1918",Owatonna,Minnesota ,US,NBA,1946-47
Chris Engler,5,1983,1988,195,1405,138,336,0,0,67,99,137,386,45,32,42,91,274,343,.411,,.677,7.2,1.8,2.0,0.2,0.2,0.2,"Mar 1, 1959",Stillwater,Minnesota ,US,NBA,1982-83
Jim Fritsche,2,1954,1955,84,1372,132,427,,,62,84,,249,77,,,,131,326,.309,,.738,16.3,3.9,3.0,0.9,,,"Dec 10, 1931",St. Paul,Minnesota ,US,NBA,1953-54
Dick Garmaker,6,1956,1961,421,12155,2022,5019,,,1553,1974,,1748,1114,,,,1168,5597,.403,,.787,28.9,13.3,4.2,2.6,,,"Oct 29, 1932",Hibbing,Minnesota ,US,NBA,1955-56
Devean George,11,2000,2010,630,11682,1318,3360,427,1246,473,656,546,1975,543,436,230,447,1270,3536,.392,.343,.721,18.5,5.6,3.1,0.9,0.7,0.4,"Aug 29, 1977",Minneapolis,Minnesota ,US,NBA,1999-00
Freddie Gillespie,2,2021,2022,29,511,53,106,0,1,26,40,55,133,14,16,29,17,61,132,.500,.000,.650,17.6,4.6,4.6,0.5,0.6,1.0,"Jun 14, 1997",St. Paul,Minnesota ,US,NBA,2020-21
Player,Yrs,0,To,G,MP,FG,FGA,3P,3PA,FT,FTA,ORB,TRB,AST,STL,BLK,TOV,PF,PTS,FG%,3P%,FT%,MP,PTS,TRB,AST,STL,BLK,Date,City,Minnesota ,US,NBA,-1-
Kleggie Hermsen,6,1947,1953,288,62,962,3243,,,745,1139,,467,366,,,,1043,2669,.297,,.654,6.2,9.3,5.8,1.3,,,"Mar 12, 1923",Hill City,Minnesota ,US,NBA,1946-47
Chet Holmgren,2,2024,2025,97,2810,585,1112,150,402,267,340,154,769,225,66,233,162,227,1587,.526,.373,.785,29.0,16.4,7.9,2.3,0.7,2.4,"May 1, 2002",Minneapolis,Minnesota ,US,NBA,2023-24
Johnny Horan,1,1956,1956,19,93,12,42,,,10,11,,10,2,,,,21,34,.286,,.909,4.9,1.8,0.5,0.1,,,"Nov 24, 1932",Minneapolis,Minnesota ,US,NBA,1955-56
Kris Humphries,13,2005,2017,800,14232,2078,4486,55,188,1139,1626,1387,4314,556,326,454,691,1456,5350,.463,.293,.700,17.8,6.7,5.4,0.7,0.4,0.6,"Feb 6, 1985",Minneapolis,Minnesota ,US,NBA,2004-05
Matthew Hurt,1,2024,2024,8,113,12,34,5,20,3,3,9,16,4,3,3,2,8,32,.353,.250,1.000,14.1,4.0,2.0,0.5,0.4,0.4,"Apr 20, 2000",Rochester,Minnesota ,US,NBA,2023-24
Joe Hutton,2,1951,1952,120,723,112,338,,,78,113,,187,115,,,,199,302,.331,,.690,12.1,2.5,1.6,1.0,,,"Oct 6, 1928",Excelsior,Minnesota ,US,NBA,1950-51
Sam Jacobson,3,1999,2001,68,752,120,235,9,25,34,46,28,80,36,33,3,34,134,283,.511,.360,.739,11.1,4.2,1.2,0.5,0.5,0.0,"Jul 22, 1975",Cottage Grove,Minnesota ,US,NBA,1998-99
Tony Jaros,4,1947,1951,242,,481,1574,,,344,490,,131,218,,,,507,1306,.306,,.702,,5.4,2.1,0.9,,,"Feb 22, 1920",Minneapolis,Minnesota ,US,NBA,1946-47
Arnie Johnson,5,1949,1953,332,4142,808,1934,,,1272,1741,,1272,731,,,,1338,2888,.418,,.731,30.5,8.7,6.2,2.2,,,"May 16, 1920",Gonvick,Minnesota ,US,NBA,1948-49
Tre Jones,5,2021,2025,284,6069,904,1880,131,436,369,440,168,776,1311,240,31,307,318,2308,.481,.300,.839,21.4,8.1,2.7,4.6,0.8,0.1,"Jan 8, 2000",Apple Valley,Minnesota ,US,NBA,2020-21
Tyus Jones,10,2016,2025,657,13878,1947,4378,636,1710,483,590,182,1316,2921,648,64,543,512,5013,.445,.372,.819,21.1,7.6,2.0,4.4,1.0,0.1,"May 10, 1996",Burnsville,Minnesota ,US,NBA,2015-16
Ed Kasid,1,1947,1947,8,,6,21,,,0,6,,,6,,,,8,12,.286,,.000,,1.5,,0.8,,,"Aug 13, 1923",Minneapolis,Minnesota ,US,NBA,1946-47
Alec Kessler,4,1991,1994,210,2937,425,998,10,24,224,301,258,751,81,39,71,192,451,1084,.426,.417,.744,14.0,5.2,3.6,0.4,0.2,0.3,"Jan 13, 1967",Minneapolis,Minnesota ,US,NBA,1990-91
Arvid Kramer,1,1980,1980,8,45,7,22,0,0,2,2,6,12,3,0,5,5,8,16,.318,,1.000,5.6,2.0,1.5,0.4,0.0,0.6,"Oct 2, 1956",Fulda,Minnesota ,US,NBA,1979-80
Jeff Lamp,6,1982,1989,291,3471,607,1292,12,54,269,320,131,437,269,105,14,219,400,1495,.470,.222,.841,11.9,5.1,1.5,0.9,0.4,0.0,"Mar 9, 1959",Minneapolis,Minnesota ,US,NBA,1981-82
Jon Leuer,8,2012,2019,377,5945,979,2023,125,381,312,407,357,1426,301,137,102,259,583,2395,.484,.328,.767,15.8,6.4,3.8,0.8,0.4,0.3,"May 14, 1989",Long Lake,Minnesota ,US,NBA,2011-12
Zach Lofton,1,2019,2019,1,4,0,1,0,1,0,0,0,0,0,1,0,1,0,0,.000,.000,,4.0,0.0,0.0,0.0,1.0,0.0,"Nov 18, 1992",St. Paul,Minnesota ,US,NBA,2018-19
Brad Lohaus,11,1988,1998,656,10378,1542,3507,392,1086,378,516,483,1869,714,307,503,555,1300,3854,.440,.361,.733,15.8,5.9,2.8,1.1,0.5,0.8,"Sep 29, 1964",New Ulm,Minnesota ,US,NBA,1987-88
Kevin Lynch,2,1992,1993,95,1143,123,282,3,9,61,84,42,120,108,48,15,68,151,310,.436,.333,.726,12.0,3.3,1.3,1.1,0.5,0.2,"Dec 24, 1968",Bloomington,Minnesota ,US,NBA,1991-92
J.P. Macura,2,2019,2020,3,18,3,9,0,4,0,0,0,3,2,0,0,0,0,6,.333,.000,,6.0,2.0,1.0,0.7,0.0,0.0,"Jun 5, 1995",Lakeville,Minnesota ,US,NBA,2018-19
Player,Yrs,0,To,G,MP,FG,FGA,3P,3PA,FT,FTA,ORB,TRB,AST,STL,BLK,TOV,PF,PTS,FG%,3P%,FT%,MP,PTS,TRB,AST,STL,BLK,Date,City,Minnesota ,US,NBA,-1-
Bob Martin,2,1994,1995,54,549,41,93,0,0,31,51,38,119,18,8,34,29,108,113,.441,,.608,10.2,2.1,2.2,0.3,0.1,0.6,"Oct 7, 1969",Minneapolis,Minnesota ,US,NBA,1993-94
Kevin McHale*,13,1981,1993,971,30118,6830,12334,41,157,3634,4554,2358,7122,1670,344,1690,1893,2758,17335,.554,.261,.798,31.0,17.9,7.3,1.7,0.4,1.7,"Dec 19, 1957",Hibbing,Minnesota ,US,NBA,1980-81
Kevin McKenna,6,1982,1988,243,3460,498,1204,103,281,221,270,102,317,342,184,25,204,491,1320,.414,.367,.819,14.2,5.4,1.3,1.4,0.8,0.1,"Jan 8, 1959",St. Paul,Minnesota ,US,NBA,1981-82
Larry Mikan,1,1971,1971,53,536,62,186,,,34,55,,139,41,,,,56,158,.333,,.618,10.1,3.0,2.6,0.8,,,"Apr 8, 1948",St. Paul,Minnesota ,US,NBA,1970-71
Ade Murkey,1,2022,2022,1,1,0,0,0,0,0,0,0,0,0,0,0,0,0,0,,,,1.0,0.0,0.0,0.0,0.0,0.0,"Jan 29, 1998",Minneapolis,Minnesota ,US,NBA,2021-22
Mike Muscala,11,2014,2024,548,8239,1144,2538,519,1390,399,481,428,1699,464,174,248,302,780,3206,.451,.373,.830,15.0,5.9,3.1,0.8,0.3,0.5,"Jul 1, 1991",St. Louis Park,Minnesota ,US,NBA,2013-14
Zeke Nnaji,5,2021,2025,230,2710,364,714,90,255,144,219,210,528,86,67,93,94,325,962,.510,.353,.658,11.8,4.2,2.3,0.4,0.3,0.4,"Jan 9, 2001",Hopkins,Minnesota ,US,NBA,2020-21
Jeff Nordgaard,1,1998,1998,13,48,5,18,0,0,8,9,4,14,3,2,0,3,7,18,.278,,.889,3.7,1.4,1.1,0.2,0.2,0.0,"Feb 23, 1973",Dawson,Minnesota ,US,NBA,1997-98
Johnny Norlander,5,1947,1951,217,,659,2004,,,493,728,,9,218,,,,433,1811,.329,,.677,,8.3,1.0,1.0,,,"Mar 5, 1921",Virginia,Minnesota ,US,NBA,1946-47
Mark Olberding,12,1976,1987,946,23692,3126,6357,5,41,2683,3321,1422,5033,2332,623,272,1650,3132,8940,.492,,.808,25.0,9.5,5.3,2.5,0.7,0.3,"Apr 21, 1956",Melrose,Minnesota ,US,NBA,1975-76
Jim Petersen,8,1985,1992,491,9802,1371,2821,2,28,653,901,766,2354,487,213,363,662,1354,3397,.486,.071,.725,20.0,6.9,4.8,1.0,0.4,0.7,"Feb 22, 1962",Minneapolis,Minnesota ,US,NBA,1984-85
Mel Peterson,4,1964,1970,134,2354,466,1055,9,40,91,111,67,635,160,,,161,228,1032,.442,,.820,17.6,7.7,4.7,1.2,,,"Mar 23, 1938",Thief River Falls,Minnesota ,US,NBA,1963-64
John Pritchard,1,1950,1950,7,,9,29,,,4,11,,,8,,,,14,22,.310,,.364,,3.1,,1.1,,,"Jan 23, 1927",Minneapolis,Minnesota ,US,NBA,1949-50
Joel Przybilla,13,2001,2013,592,11733,896,1624,0,3,501,900,1112,3665,256,157,836,574,1604,2293,.552,.000,.557,19.8,3.9,6.2,0.4,0.3,1.4,"Oct 10, 1979",Monticello,Minnesota ,US,NBA,2000-01
Mark Randall,4,1992,1995,127,883,128,289,6,39,70,97,79,160,56,24,8,53,95,332,.443,.154,.722,7.0,2.6,1.3,0.4,0.2,0.1,"Sep 30, 1967",Edina,Minnesota ,US,NBA,1991-92
David Roddy,3,2023,2025,164,2799,392,930,129,423,106,155,115,480,171,68,38,134,198,1019,.422,.305,.684,17.1,6.2,2.9,1.0,0.4,0.2,"Mar 27, 2001",Minneapolis,Minnesota ,US,NBA,2022-23
Howie Schultz,3,1950,1953,173,1775,292,1076,,,329,463,,326,300,,,,514,913,.271,,.711,16.7,5.3,3.1,1.7,,,"Jul 3, 1922",St. Paul,Minnesota ,US,NBA,1949-50
Rollie Seltz,1,1950,1950,34,,93,309,,,80,104,,,64,,,,72,266,.301,,.769,,7.8,,1.9,,,"Jan 25, 1924",McIntosh,Minnesota ,US,NBA,1949-50
Jericho Sims,4,2022,2025,180,2423,189,264,0,1,48,82,270,698,95,42,80,87,258,426,.716,.000,.585,13.5,2.4,3.9,0.5,0.2,0.4,"Oct 20, 1998",Minneapolis,Minnesota ,US,NBA,2021-22
Whitey Skoog,6,1952,1957,341,9193,1164,3000,,,472,591,,1133,903,,,,1027,2800,.388,,.799,27.0,8.2,3.3,2.6,,,"Nov 2, 1926",Duluth,Minnesota ,US,NBA,1951-52
Player,Yrs,0,To,G,MP,FG,FGA,3P,3PA,FT,FTA,ORB,TRB,AST,STL,BLK,TOV,PF,PTS,FG%,3P%,FT%,MP,PTS,TRB,AST,STL,BLK,Date,City,Minnesota ,US,NBA,-1-
Don Smith,1,1949,1949,8,,2,13,,,2,3,,,2,,,,6,6,.154,,.667,,0.8,,0.3,,,"Jul 27, 1920",,Minnesota ,US,NBA,1948-49
Jalen Suggs,4,2022,2025,211,5580,917,2187,337,1025,427,548,152,702,698,283,126,471,565,2598,.419,.329,.779,26.4,12.3,3.3,3.3,1.3,0.6,"Jun 3, 2001",St. Paul,Minnesota ,US,NBA,2021-22
Tyrell Terry,2,2021,2022,13,59,6,17,0,7,1,3,0,6,6,5,0,2,3,13,.353,.000,.333,4.5,1.0,0.5,0.5,0.4,0.0,"Sep 28, 2000",Minneapolis,Minnesota ,US,NBA,2020-21
John Thomas,5,1998,2006,208,2253,223,444,0,2,114,193,199,432,60,69,50,107,384,560,.502,.000,.591,10.8,2.7,2.1,0.3,0.3,0.2,"Sep 8, 1975",Minneapolis,Minnesota ,US,NBA,1997-98
Rashad Vaughn,3,2016,2018,139,1671,161,478,83,265,18,26,18,158,75,53,29,48,120,423,.337,.313,.692,12.0,3.0,1.1,0.5,0.4,0.2,"Aug 16, 1996",Minneapolis,Minnesota ,US,NBA,2015-16
Clint Wager,1,1950,1950,63,,57,203,,,29,47,,,90,,,,175,143,.281,,.617,,2.3,,1.4,,,"Jan 20, 1920",Winona,Minnesota ,US,NBA,1949-50
Matt Wenstrom,1,1994,1994,11,37,6,10,0,0,6,10,6,12,0,0,2,4,7,18,.600,,.600,3.4,1.6,1.1,0.0,0.0,0.2,"Nov 4, 1970",Minneapolis,Minnesota ,US,NBA,1993-94
Royce White,1,2014,2014,3,9,0,1,0,0,0,0,0,0,0,0,0,0,2,0,.000,,,3.0,0.0,0.0,0.0,0.0,0.0,"Apr 10, 1991",Minneapolis,Minnesota ,US,NBA,2013-14
Trevor Winter,1,1999,1999,1,5,0,0,0,0,0,0,1,3,0,0,0,0,5,0,,,,5.0,0.0,3.0,0.0,0.0,0.0,"Jan 7, 1974",Slayton,Minnesota ,US,NBA,1998-99
Nate Wolters,3,2014,2018,84,1575,191,452,18,69,61,96,42,185,209,43,17,70,86,461,.423,.261,.635,18.8,5.5,2.2,2.5,0.5,0.2,"May 15, 1991",St. Cloud,Minnesota ,US,NBA,2013-14
McKinley Wright IV,2,2022,2023,32,354,48,101,10,30,13,19,9,47,61,8,5,20,25,119,.475,.333,.684,11.1,3.7,1.5,1.9,0.3,0.2,"Oct 25, 1998",North Robbinsdale,Minnesota ,US,NBA,2021-22
Mahmoud Abdul-Rauf,9,1991,2001,586,15628,3514,7943,474,1339,1051,1161,219,1087,2079,487,46,963,1106,8553,.442,.354,.905,26.7,14.6,1.9,3.5,0.8,0.1,"Mar 9, 1969",Gulfport,Mississippi ,US,NBA,1990-91
Earl Barron,8,2006,2015,140,1985,255,687,3,18,127,181,188,492,63,46,30,107,270,640,.371,.167,.702,14.2,4.6,3.5,0.5,0.3,0.2,"Aug 14, 1981",Clarksdale,Mississippi ,US,NBA,2005-06
Billy Ray Bates,4,1980,1983,187,3328,893,1885,36,119,375,471,148,313,352,151,16,274,265,2197,.474,.303,.796,17.8,11.7,1.7,1.9,0.8,0.1,"May 31, 1956",Kosciusko,Mississippi ,US,NBA,1979-80
Jonathan Bender,8,2000,2010,262,3847,509,1221,101,297,334,438,153,582,170,43,169,258,391,1453,.417,.340,.763,14.7,5.5,2.2,0.6,0.2,0.6,"Jan 30, 1981",Picayune,Mississippi ,US,NBA,1999-00
Melvin Booker,2,1996,1997,32,561,62,155,15,56,27,31,8,38,74,8,3,39,46,166,.400,.268,.871,17.5,5.2,1.2,2.3,0.3,0.1,"Aug 20, 1972",Pascagoula,Mississippi ,US,NBA,1995-96
Tommie Bowens,3,1968,1970,211,3590,473,1157,1,5,185,280,232,1007,134,,,245,542,1132,.409,.200,.661,17.0,5.4,4.8,0.6,,,"Jul 7, 1940",Okolona,Mississippi ,US,NBA,1967-68
Alonzo Bradley,3,1978,1980,99,1139,184,440,1,1,71,101,39,151,74,24,7,80,125,440,.418,,.703,11.5,4.4,1.5,0.7,0.2,0.1,"Oct 16, 1953",Utica,Mississippi ,US,NBA,1977-78
Dee Brown,2,2007,2009,68,711,50,147,13,52,27,42,15,69,119,32,7,48,79,140,.340,.250,.643,10.5,2.1,1.0,1.8,0.5,0.1,"Aug 17, 1984",Jackson,Mississippi ,US,NBA,2006-07
Rickey Brown,5,1981,1985,340,4487,614,1322,0,3,254,381,422,1200,119,95,114,301,796,1482,.464,.000,.667,13.2,4.4,3.5,0.4,0.3,0.3,"Aug 20, 1958",Madison County,Mississippi ,US,NBA,1980-81
Shaq Buchanan,1,2022,2022,2,10,1,4,0,2,0,0,1,2,2,1,0,2,1,2,.250,.000,,5.0,1.0,1.0,1.0,0.5,0.0,"Jan 30, 1997",Madison,Mississippi ,US,NBA,2021-22
Cleveland Buckner,2,1962,1963,68,723,163,377,,,85,137,,240,44,,,,120,411,.432,,.620,10.6,6.0,3.5,0.6,,,"Aug 17, 1938",Yazoo City,Mississippi ,US,NBA,1961-62
Jackie Butler,3,2005,2007,69,848,137,254,0,0,69,89,73,205,30,20,31,73,143,343,.539,,.775,12.3,5.0,3.0,0.4,0.3,0.4,"Mar 10, 1985",McComb,Mississippi ,US,NBA,2004-05
Isaiah Canaan,6,2014,2019,235,4799,616,1661,366,1042,315,377,63,438,454,145,23,259,364,1913,.371,.351,.836,20.4,8.1,1.9,1.9,0.6,0.1,"May 21, 1991",Biloxi,Mississippi ,US,NBA,2013-14
Maurice Carter,1,2004,2004,10,110,11,35,4,11,16,20,2,11,4,0,0,9,10,42,.314,.364,.800,11.0,4.2,1.1,0.4,0.0,0.0,"Oct 12, 1976",Jackson,Mississippi ,US,NBA,2003-04
Cornelius Cash,1,1977,1977,6,49,9,23,,,3,6,8,16,1,2,1,,8,21,.391,,.500,8.2,3.5,2.7,0.2,0.3,0.2,"Mar 3, 1952",Macon,Mississippi ,US,NBA,1976-77
Harvey Catchings,11,1975,1985,725,13182,926,2127,0,3,483,747,1267,3639,608,261,1226,594,2000,2335,.435,,.647,18.2,3.2,5.0,0.8,0.4,1.7,"Sep 2, 1951",Jackson,Mississippi ,US,NBA,1974-75
Terry Catledge,8,1986,1993,515,13541,2576,5311,3,32,1365,2087,1479,3314,459,285,99,886,1285,6520,.485,.094,.654,26.3,12.7,6.4,0.9,0.6,0.2,"Aug 22, 1963",Houston,Mississippi ,US,NBA,1985-86
E.C. Coleman,6,1974,1979,357,9310,1104,2378,,,345,497,661,2151,472,305,142,95,1210,2553,.464,,.694,26.1,7.2,6.0,1.3,0.9,0.4,"Sep 25, 1950",Flora,Mississippi ,US,NBA,1973-74
Joe Courtney,4,1993,1997,96,749,106,245,2,3,50,79,65,140,27,20,23,47,110,264,.433,.667,.633,7.8,2.8,1.5,0.3,0.2,0.2,"Oct 17, 1969",Jackson,Mississippi ,US,NBA,1992-93
Erick Dampier,16,1997,2012,987,24003,2784,5595,2,16,1739,2779,2723,7005,817,330,1398,1435,2869,7309,.498,.125,.626,24.3,7.4,7.1,0.8,0.3,1.4,"Jul 14, 1975",Jackson,Mississippi ,US,NBA,1996-97
Player,Yrs,0,To,G,MP,FG,FGA,3P,3PA,FT,FTA,ORB,TRB,AST,STL,BLK,TOV,PF,PTS,FG%,3P%,FT%,MP,PTS,TRB,AST,STL,BLK,Date,City,Mississippi ,US,NBA,-1-
Ollie Darden,3,1968,1970,223,4811,815,1872,2,11,415,597,316,1381,219,,,360,693,2047,.435,.182,.695,21.6,9.2,6.2,1.0,,,"Jul 28, 1944",Aberdeen,Mississippi ,US,NBA,1967-68
Terence Davis,4,2020,2023,227,3660,661,1523,330,901,166,201,101,624,305,151,51,225,395,1818,.434,.366,.826,16.1,8.0,2.7,1.3,0.7,0.2,"May 16, 1997",Southaven,Mississippi ,US,NBA,2019-20
Archie Dees,4,1959,1962,190,3092,575,1429,,,398,501,,907,132,,,,385,1548,.402,,.794,16.3,8.1,4.8,0.7,,,"Feb 22, 1936",Ethel,Mississippi ,US,NBA,1958-59
Ronald Dupree,6,2004,2011,157,1758,218,510,5,13,114,204,116,339,100,57,29,90,252,555,.427,.385,.559,11.2,3.5,2.2,0.6,0.4,0.2,"Jan 26, 1981",Biloxi,Mississippi ,US,NBA,2003-04
Keith Edmonson,2,1983,1984,87,931,206,460,0,2,110,153,66,127,56,37,13,81,124,522,.448,.000,.719,10.7,6.0,1.5,0.6,0.4,0.1,"Sep 28, 1960",Gulfport,Mississippi ,US,NBA,1982-83
Monta Ellis,12,2006,2017,833,29011,5723,12688,737,2349,2675,3463,520,2874,3856,1409,281,2246,1950,14858,.451,.314,.772,34.8,17.8,3.5,4.6,1.7,0.3,"Oct 26, 1985",Jackson,Mississippi ,US,NBA,2005-06
Drew Eubanks,7,2019,2025,364,5743,855,1410,21,53,398,550,518,1660,361,133,307,314,589,2129,.606,.396,.724,15.8,5.8,4.6,1.0,0.4,0.8,"Feb 1, 1997",Starkville,Mississippi ,US,NBA,2018-19
Alphonso Ford,2,1994,1995,11,114,16,52,1,10,2,4,8,20,10,3,0,9,7,35,.308,.100,.500,10.4,3.2,1.8,0.9,0.3,0.0,"Oct 31, 1971",Greenwood,Mississippi ,US,NBA,1993-94
Rowland Garrett,5,1973,1977,263,2905,562,1273,,,213,276,193,607,106,75,39,,344,1337,.441,,.772,11.0,5.1,2.3,0.4,0.3,0.2,"Jul 16, 1950",Canton,Mississippi ,US,NBA,1972-73
Gerald Glass,4,1991,1996,201,3347,686,1583,26,110,155,241,228,512,298,130,58,179,361,1553,.433,.236,.643,16.7,7.7,2.5,1.5,0.6,0.3,"Nov 12, 1967",Greenwood,Mississippi ,US,NBA,1990-91
Lancaster Gordon,4,1985,1988,201,2581,472,1208,23,85,158,206,116,259,294,128,31,237,266,1125,.391,.271,.767,12.8,5.6,1.3,1.5,0.6,0.2,"Jun 24, 1962",Jackson,Mississippi ,US,NBA,1984-85
Litterial Green,5,1993,1999,148,1189,144,343,2,26,133,200,24,75,182,49,6,78,124,423,.420,.077,.665,8.0,2.9,0.5,1.2,0.3,0.0,"Mar 7, 1970",Pascagoula,Mississippi ,US,NBA,1992-93
Mike Green,7,1974,1980,459,11334,2177,4534,1,12,946,1292,1190,3181,587,325,752,697,1328,5301,.480,,.732,24.7,11.5,6.9,1.3,0.7,1.6,"Aug 6, 1951",McComb,Mississippi ,US,NBA,1973-74
Tang Hamilton,1,2002,2002,9,98,10,19,0,1,0,1,6,18,5,4,0,2,10,20,.526,.000,.000,10.9,2.2,2.0,0.6,0.4,0.0,"May 26, 1978",Jackson,Mississippi ,US,NBA,2001-02
Ira Harge,6,1968,1973,427,13160,1783,3963,2,6,828,1253,1184,4955,736,,,1089,1468,4396,.450,.333,.661,30.8,10.3,11.6,1.7,,,"Mar 14, 1941",Anguilla,Mississippi ,US,NBA,1967-68
Othella Harrington,12,1997,2008,709,13924,2021,4001,0,11,1170,1585,1087,3130,443,185,286,948,1868,5212,.505,.000,.738,19.6,7.4,4.4,0.6,0.3,0.4,"Jan 31, 1974",Jackson,Mississippi ,US,NBA,1996-97
Antonio Harvey,8,1994,2003,187,1954,230,565,1,3,92,180,155,433,58,54,130,108,255,553,.407,.333,.511,10.4,3.0,2.3,0.3,0.3,0.7,"Jul 6, 1970",Pascagoula,Mississippi ,US,NBA,1993-94
Spencer Haywood*,13,1970,1983,844,29408,6776,14445,1,19,3558,4471,2026,8675,1541,355,629,969,2388,17111,.469,,.796,34.8,20.3,10.3,1.8,0.6,1.1,"Apr 22, 1949",Silver City,Mississippi ,US,NBA,1969-70
Rodney Hood,8,2015,2022,448,10977,1688,4023,647,1770,633,753,158,1160,736,301,80,426,855,4656,.420,.366,.841,24.5,10.4,2.6,1.6,0.7,0.2,"Oct 20, 1992",Meridian,Mississippi ,US,NBA,2014-15
Eddie Hughes,3,1988,1990,97,1158,116,279,28,77,36,52,24,93,159,65,3,56,122,296,.416,.364,.692,11.9,3.1,1.0,1.6,0.7,0.0,"May 26, 1960",Greenville,Mississippi ,US,NBA,1987-88
Player,Yrs,0,To,G,MP,FG,FGA,3P,3PA,FT,FTA,ORB,TRB,AST,STL,BLK,TOV,PF,PTS,FG%,3P%,FT%,MP,PTS,TRB,AST,STL,BLK,Date,City,Mississippi ,US,NBA,-1-
Lindsey Hunter,17,1994,2010,937,23253,2970,7663,1075,2984,941,1261,438,2021,2506,1120,165,1159,1857,7956,.388,.360,.746,24.8,8.5,2.2,2.7,1.2,0.2,"Dec 3, 1970",Utica,Mississippi ,US,NBA,1993-94
Wardell Jackson,1,1975,1975,56,939,96,242,,,51,71,53,133,30,26,5,,126,243,.397,,.718,16.8,4.3,2.4,0.5,0.5,0.1,"Jul 18, 1951",Yazoo City,Mississippi ,US,NBA,1974-75
Al Jefferson,14,2005,2018,915,26299,6161,12344,8,66,2013,2833,2054,7690,1347,628,1093,1211,2347,14343,.499,.121,.711,28.7,15.7,8.4,1.5,0.7,1.2,"Jan 4, 1985",Monticello,Mississippi ,US,NBA,2004-05
Clay Johnson,3,1982,1984,80,688,84,205,1,3,55,76,54,93,45,33,9,44,99,224,.410,.333,.724,8.6,2.8,1.2,0.6,0.4,0.1,"Jul 18, 1956",Yazoo City,Mississippi ,US,NBA,1981-82
George Johnson,13,1973,1986,904,18102,1802,3995,1,2,764,1101,1960,5887,929,456,2082,872,2707,4369,.451,,.694,20.0,4.8,6.5,1.0,0.5,2.5,"Dec 18, 1948",Tylertown,Mississippi ,US,NBA,1972-73
John Johnson,12,1971,1982,869,25681,4575,10254,0,1,2050,2633,1021,4778,3285,487,235,917,2505,11200,.446,,.779,29.6,12.9,5.5,3.8,0.8,0.4,"Oct 18, 1947",Carthage,Mississippi ,US,NBA,1970-71
Trey Johnson,3,2009,2012,23,169,20,52,1,3,18,19,5,20,15,2,1,11,26,59,.385,.333,.947,7.3,2.6,0.9,0.7,0.1,0.0,"Aug 30, 1984",Jackson,Mississippi ,US,NBA,2008-09
Charles Jones,4,1985,1989,201,3009,365,740,1,9,284,465,269,758,206,98,108,234,313,1015,.493,.111,.611,15.0,5.0,3.8,1.0,0.5,0.5,"Jan 12, 1962",Scooba,Mississippi ,US,NBA,1984-85
Arvesta Kelly,5,1968,1972,188,3895,598,1343,50,198,260,408,190,497,331,,,337,424,1506,.445,.253,.637,20.7,8.0,2.6,1.8,,,"Nov 20, 1945",Jackson,Mississippi ,US,NBA,1967-68
Randolph Keys,5,1989,1996,241,3318,522,1229,40,147,178,247,210,551,192,135,45,175,523,1262,.425,.272,.721,13.8,5.2,2.3,0.8,0.6,0.2,"Apr 19, 1966",Collins,Mississippi ,US,NBA,1988-89
Sam Lacey,13,1971,1983,1002,31873,4276,9693,3,16,1748,2369,1647,9687,3754,999,1160,978,3473,10303,.441,,.738,31.8,10.3,9.7,3.7,1.3,1.5,"Mar 28, 1948",Indianola,Mississippi ,US,NBA,1970-71
Wendell Ladner,5,1971,1975,300,7883,1498,3884,112,444,366,514,806,2481,621,140,7,614,1168,3474,.386,.252,.712,26.3,11.6,8.3,2.1,1.6,0.1,"Oct 6, 1948",Necaise Crossing,Mississippi ,US,NBA,1970-71
Ronnie Lester,6,1981,1986,250,4959,679,1449,5,22,453,575,148,473,1003,187,32,474,395,1816,.469,.227,.788,19.8,7.3,1.9,4.0,0.7,0.1,"Jan 1, 1959",Canton,Mississippi ,US,NBA,1980-81
Danny Manning,15,1989,2003,883,24202,5026,9835,41,199,2274,3120,1523,4615,2063,1000,752,1853,2895,12367,.511,.206,.729,27.4,14.0,5.2,2.3,1.1,0.9,"May 17, 1966",Hattiesburg,Mississippi ,US,NBA,1988-89
Ed Manning,9,1968,1976,604,10234,1518,3392,1,8,504,660,406,2717,494,137,27,326,1439,3541,.448,,.764,16.9,5.9,4.5,0.8,0.8,0.2,"Jan 2, 1944",Summit,Mississippi ,US,NBA,1967-68
Antonio McDyess,15,1996,2011,1015,28053,5046,10161,7,60,2128,3178,2478,7638,1300,782,1102,1623,3077,12227,.497,.117,.670,27.6,12.0,7.5,1.3,0.8,1.1,"Sep 7, 1974",Quitman,Mississippi ,US,NBA,1995-96
Derrick McKey,15,1988,2002,937,27229,3908,8048,203,642,2247,2885,1515,4387,2254,1072,611,1713,2700,10266,.486,.316,.779,29.1,11.0,4.7,2.4,1.1,0.7,"Oct 10, 1966",Meridian,Mississippi ,US,NBA,1987-88
Cliff Meely,5,1972,1976,318,6329,1121,2687,,,416,616,180,1703,398,88,106,,929,2658,.417,,.675,19.9,8.4,5.4,1.3,0.6,0.7,"Jul 10, 1947",Rosedale,Mississippi ,US,NBA,1971-72
Dewitt Menyard,1,1968,1968,71,1756,256,692,0,0,131,197,,551,84,,,99,218,643,.370,,.665,24.7,9.1,7.8,1.2,,,"May 24, 1944",Columbus,Mississippi ,US,NBA,1967-68
Dave Minor,2,1952,1953,116,3168,339,942,,,199,264,,527,288,,,,372,877,.360,,.754,27.3,7.6,4.5,2.5,,,"Feb 23, 1922",Ruleville,Mississippi ,US,NBA,1951-52
Player,Yrs,0,To,G,MP,FG,FGA,3P,3PA,FT,FTA,ORB,TRB,AST,STL,BLK,TOV,PF,PTS,FG%,3P%,FT%,MP,PTS,TRB,AST,STL,BLK,Date,City,Mississippi ,US,NBA,-1-
Leland Mitchell,1,1968,1968,78,1091,122,350,21,76,56,85,,182,73,,,108,159,321,.349,.276,.659,14.0,4.1,2.3,0.9,,,"Feb 22, 1941",Kiln,Mississippi ,US,NBA,1967-68
Dyron Nix,1,1990,1990,20,109,14,39,0,0,11,16,8,26,5,3,1,7,15,39,.359,,.688,5.5,2.0,1.3,0.3,0.2,0.1,"Feb 11, 1967",Meridian,Mississippi ,US,NBA,1989-90
Audie Norris,3,1983,1985,187,2585,283,554,0,3,253,382,197,576,147,85,69,247,513,819,.511,.000,.662,13.8,4.4,3.1,0.8,0.5,0.4,"Dec 18, 1960",Jackson,Mississippi ,US,NBA,1982-83
Sylvester Norris,1,1980,1980,17,189,18,43,0,0,4,6,10,43,6,3,12,19,41,40,.419,,.667,11.1,2.4,2.5,0.4,0.2,0.7,"Feb 18, 1957",Jackson,Mississippi ,US,NBA,1979-80
Willie Norwood,7,1972,1978,430,7341,1218,2494,,,773,1109,393,1597,364,218,22,56,1049,3209,.488,,.697,17.1,7.5,3.7,0.8,0.8,0.1,"Aug 8, 1947",Carrolton,Mississippi ,US,NBA,1971-72
Johnny O'Bryant,4,2015,2018,147,1684,213,530,18,50,65,98,129,352,69,32,19,77,199,509,.402,.360,.663,11.5,3.5,2.4,0.5,0.2,0.1,"Jun 1, 1993",Cleveland,Mississippi ,US,NBA,2014-15
Travis Outlaw,11,2004,2014,622,13026,1994,4713,344,1021,941,1265,480,1974,514,331,381,512,1035,5273,.423,.337,.744,20.9,8.5,3.2,0.8,0.5,0.6,"Sep 18, 1984",Starkville,Mississippi ,US,NBA,2003-04
Kenny Payne,4,1990,1993,144,1167,218,532,17,58,55,64,45,170,61,38,22,67,129,508,.410,.293,.859,8.1,3.5,1.2,0.4,0.3,0.2,"Nov 25, 1966",Laurel,Mississippi ,US,NBA,1989-90
Reggie Perry,2,2021,2022,36,398,72,157,7,37,19,28,42,120,26,15,12,26,73,170,.459,.189,.679,11.1,4.7,3.3,0.7,0.4,0.3,"Mar 21, 2000",Flowood,Mississippi ,US,NBA,2020-21
Michael Phelps,3,1986,1988,132,1372,195,469,2,22,78,122,45,141,138,71,3,96,147,470,.416,.091,.639,10.4,3.6,1.1,1.0,0.5,0.0,"Oct 3, 1961",Vicksburg,Mississippi ,US,NBA,1985-86
Bob Quick,4,1969,1972,142,1925,295,650,0,0,258,346,6,395,94,,,4,244,848,.454,,.746,13.6,6.0,2.8,0.7,,,"Mar 5, 1946",Thornton,Mississippi ,US,NBA,1968-69
Mike Ratliff,2,1973,1974,60,685,98,235,,,45,84,0,194,38,0,0,,111,241,.417,,.536,11.4,4.0,3.2,0.6,0.0,0.0,"Jun 7, 1951",New Albany,Mississippi ,US,NBA,1972-73
Justin Reed,3,2005,2007,136,1436,174,431,0,4,124,165,76,186,68,31,19,79,219,472,.404,.000,.752,10.6,3.5,1.4,0.5,0.2,0.1,"Jan 16, 1982",Jackson,Mississippi ,US,NBA,2004-05
James Robinson,7,1994,2001,381,6935,1050,2662,400,1151,382,574,199,660,715,205,71,504,648,2882,.394,.348,.666,18.2,7.6,1.7,1.9,0.5,0.2,"Aug 31, 1970",Jackson,Mississippi ,US,NBA,1993-94
Gene Short,1,1976,1976,34,222,32,91,,,20,32,19,48,10,8,3,,36,84,.352,,.625,6.5,2.5,1.4,0.3,0.2,0.1,"Aug 7, 1953",Macon,Mississippi ,US,NBA,1975-76
Purvis Short,12,1979,1990,842,24549,5934,12507,125,443,2614,3174,1424,3625,2123,878,178,1720,2479,14607,.474,,.824,29.2,17.3,4.3,2.5,1.0,0.2,"Jul 2, 1957",Hattiesburg,Mississippi ,US,NBA,1978-79
John Smith,2,1969,1970,147,3362,351,907,0,2,172,308,401,1213,116,,,202,513,874,.387,.000,.558,22.9,5.9,8.3,0.8,,,"May 24, 1944",Columbus,Mississippi ,US,NBA,1968-69
Larry Smith,13,1981,1993,883,22879,2519,4743,0,7,866,1630,3401,8125,941,699,457,1280,2966,5904,.531,.000,.531,25.9,6.7,9.2,1.1,0.8,0.5,"Jan 18, 1958",Rolling Fork,Mississippi ,US,NBA,1980-81
John Stroud,1,1981,1981,9,88,11,34,0,0,3,4,7,13,9,1,0,4,7,25,.324,,.750,9.8,2.8,1.4,1.0,0.1,0.0,"Oct 29, 1957",New Albany,Mississippi ,US,NBA,1980-81
Sedric Toney,5,1986,1994,112,1410,139,381,31,91,100,128,22,98,235,48,1,114,159,409,.365,.341,.781,12.6,3.7,0.9,2.1,0.4,0.0,"Apr 13, 1962",Columbus,Mississippi ,US,NBA,1985-86
Player,Yrs,0,To,G,MP,FG,FGA,3P,3PA,FT,FTA,ORB,TRB,AST,STL,BLK,TOV,PF,PTS,FG%,3P%,FT%,MP,PTS,TRB,AST,STL,BLK,Date,City,Mississippi ,US,NBA,-1-
Chet Walker*,13,1963,1975,1032,33433,6876,14628,,,5079,6384,245,7314,2126,117,10,,2727,18831,.470,,.796,32.4,18.2,7.1,2.1,0.7,0.1,"Feb 22, 1940",Bethlehem,Mississippi ,US,NBA,1962-63
Henry Ward,2,1976,1977,88,859,188,423,6,23,31,44,55,173,41,22,15,45,129,413,.444,,.705,9.8,4.7,2.0,0.5,0.3,0.2,"Jan 30, 1952",Jackson,Mississippi ,US,NBA,1975-76
Jim Ware,3,1967,1969,64,444,58,198,0,0,34,53,2,153,14,,,1,67,150,.293,,.642,6.9,2.3,2.4,0.2,,,"May 2, 1944",Natchez,Mississippi ,US,NBA,1966-67
Cornell Warner,7,1971,1977,445,10508,1190,2630,,,480,714,588,3353,494,132,144,,1225,2860,.452,,.672,23.6,6.4,7.5,1.1,0.5,0.6,"Aug 12, 1948",Jackson,Mississippi ,US,NBA,1970-71
Eric Washington,2,1998,1999,104,2300,274,682,81,234,87,115,82,216,108,78,43,106,230,716,.402,.346,.757,22.1,6.9,2.1,1.0,0.8,0.4,"Mar 23, 1974",Pearl,Mississippi ,US,NBA,1997-98
Slick Watts,6,1974,1979,437,11513,1602,3876,,,697,1168,455,1398,2678,961,111,239,1314,3901,.413,,.597,26.3,8.9,3.2,6.1,2.2,0.3,"Jul 22, 1951",Rolling Fork,Mississippi ,US,NBA,1973-74
Clarence Weatherspoon,13,1993,2005,915,27736,4025,8537,10,51,2423,3261,2126,6846,1346,880,794,1430,2028,10483,.471,.196,.743,30.3,11.5,7.5,1.5,1.0,0.9,"Sep 8, 1970",Crawford,Mississippi ,US,NBA,1992-93
Nick Weatherspoon,7,1974,1980,453,9680,1712,3763,0,0,662,929,789,2232,418,344,145,319,1228,4086,.455,,.713,21.4,9.0,4.9,0.9,0.8,0.3,"Jul 20, 1950",Greenwood,Mississippi ,US,NBA,1973-74
Quinndary Weatherspoon,3,2020,2022,42,272,33,73,3,16,19,23,6,32,24,12,4,18,41,88,.452,.188,.826,6.5,2.1,0.8,0.6,0.3,0.1,"Sep 10, 1996",Canton,Mississippi ,US,NBA,2019-20
Dwayne Whitfield,1,1996,1996,8,122,13,30,0,0,14,22,9,25,2,3,2,8,14,40,.433,,.636,15.3,5.0,3.1,0.3,0.4,0.3,"Aug 21, 1972",Aberdeen,Mississippi ,US,NBA,1995-96
Mo Williams,13,2004,2016,818,23872,4051,9326,1094,2891,1563,1795,407,2264,3990,721,121,1849,2005,10759,.434,.378,.871,29.2,13.2,2.8,4.9,0.9,0.1,"Dec 19, 1982",Jackson,Mississippi ,US,NBA,2003-04
George Wilson,7,1965,1971,410,5768,841,2261,,,534,789,,2144,307,,,,901,2216,.372,,.677,14.1,5.4,5.2,0.7,,,"May 9, 1942",Meridian,Mississippi ,US,NBA,1964-65
Robert Woodard II,2,2021,2022,25,87,10,36,2,10,5,10,9,27,5,1,4,2,7,27,.278,.200,.500,3.5,1.1,1.1,0.2,0.0,0.2,"Sep 22, 1999",Starkville,Mississippi ,US,NBA,2020-21
Blake Ahearn,3,2008,2012,19,226,21,77,14,47,32,33,1,22,22,7,0,22,27,88,.273,.298,.970,11.9,4.6,1.2,1.2,0.4,0.0,"May 27, 1984",St. Louis,Missouri ,US,NBA,2007-08
Matt Aitch,1,1968,1968,45,637,100,247,0,2,52,77,,160,18,,,37,69,252,.405,.000,.675,14.2,5.6,3.6,0.4,,,"Sep 21, 1944",St. Louis,Missouri ,US,NBA,1967-68
Kim Anderson,1,1979,1979,21,224,24,77,,,15,28,17,45,15,4,5,22,42,63,.312,,.536,10.7,3.0,2.1,0.7,0.2,0.2,"May 12, 1955",Sedalia,Missouri ,US,NBA,1978-79
Don Anielak,1,1955,1955,1,10,0,4,,,3,4,,2,0,,,,0,3,.000,,.750,10.0,3.0,2.0,0.0,,,"Nov 1, 1930",St. Louis,Missouri ,US,NBA,1954-55
Bradley Beal,13,2013,2025,788,27168,6274,13509,1694,4503,2829,3442,685,3213,3375,867,334,1919,1776,17071,.464,.376,.822,34.5,21.7,4.1,4.3,1.1,0.4,"Jun 28, 1993",St. Louis,Missouri ,US,NBA,2012-13
Gary Bergen,1,1957,1957,6,40,3,11,,,2,2,,8,1,,,,4,8,.273,,1.000,6.7,1.3,1.3,0.2,,,"Jul 16, 1932",Independence,Missouri ,US,NBA,1956-57
Anthony Bonner,6,1991,1996,318,7372,881,1881,2,16,435,737,708,1726,442,346,84,450,784,2199,.468,.125,.590,23.2,6.9,5.4,1.4,1.1,0.3,"Jun 8, 1968",St. Louis,Missouri ,US,NBA,1990-91
Bill Bradley*,10,1968,1977,742,22799,3927,8763,,,1363,1623,198,2354,2533,209,65,,2363,9217,.448,,.840,30.7,12.4,3.2,3.4,0.7,0.2,"Jul 28, 1943",Crystal City,Missouri ,US,NBA,1967-68
Alec Burks,14,2012,2025,772,17222,2698,6504,929,2415,1850,2298,425,2596,1499,522,158,885,1378,8175,.415,.385,.805,22.3,10.6,3.4,1.9,0.7,0.2,"Jul 20, 1991",Grandview,Missouri ,US,NBA,2011-12
Chris Carr,6,1996,2001,297,4505,730,1753,159,470,369,457,176,658,294,93,46,310,502,1988,.416,.338,.807,15.2,6.7,2.2,1.0,0.3,0.2,"Mar 12, 1974",Ironton,Missouri ,US,NBA,1995-96
Jay Carty,1,1969,1969,28,192,34,89,,,8,11,,58,11,,,,31,76,.382,,.727,6.9,2.7,2.1,0.4,,,"Jul 4, 1941",West Plains,Missouri ,US,NBA,1968-69
Yuri Collins,1,2025,2025,1,6,1,3,0,0,0,0,1,2,1,1,0,0,3,2,.333,,,6.0,2.0,2.0,1.0,1.0,0.0,"Mar 7, 2001",St. Louis,Missouri ,US,NBA,2024-25
Tyler Cook,3,2020,2022,65,692,100,153,1,2,45,75,50,162,21,15,6,31,68,246,.654,.500,.600,10.6,3.8,2.5,0.3,0.2,0.1,"Sep 23, 1997",St. Louis,Missouri ,US,NBA,2019-20
Don Dee,1,1969,1969,58,989,138,387,0,1,56,75,104,292,33,,,72,179,332,.357,.000,.747,17.1,5.7,5.0,0.6,,,"Aug 9, 1943",Boonville,Missouri ,US,NBA,1968-69
Bob Ferry,10,1960,1969,634,12828,2225,5142,,,1330,2003,,3343,906,,,,1438,5780,.433,,.664,20.2,9.1,5.3,1.4,,,"May 31, 1937",St. Louis,Missouri ,US,NBA,1959-60
Jerry Fowler,1,1952,1952,6,41,4,13,,,1,4,,10,2,,,,9,9,.308,,.250,6.8,1.5,1.7,0.3,,,"Jun 20, 1927",Boonville,Missouri ,US,NBA,1951-52
Hiram Fuller,1,2004,2004,4,43,3,8,0,0,2,6,4,11,2,0,1,4,5,8,.375,,.333,10.8,2.0,2.8,0.5,0.0,0.3,"May 15, 1981",East St. Louis,Missouri ,US,NBA,2003-04
Bill Garnett,4,1983,1986,300,5260,572,1167,0,9,494,686,468,1298,393,159,173,332,832,1638,.490,.000,.720,17.5,5.5,4.3,1.3,0.5,0.6,"Apr 22, 1960",Kansas City,Missouri ,US,NBA,1982-83
Jacob Gilyard,2,2023,2024,42,740,61,153,52,129,2,2,9,50,144,36,5,32,42,176,.399,.403,1.000,17.6,4.2,1.2,3.4,0.9,0.1,"Jul 14, 1998",Kansas City,Missouri ,US,NBA,2022-23
Ben Hansbrough,1,2013,2013,28,200,15,45,6,23,21,27,2,18,21,7,2,18,23,57,.333,.261,.778,7.1,2.0,0.6,0.8,0.3,0.1,"Dec 23, 1987",Poplar Bluff,Missouri ,US,NBA,2012-13
Player,Yrs,0,To,G,MP,FG,FGA,3P,3PA,FT,FTA,ORB,TRB,AST,STL,BLK,TOV,PF,PTS,FG%,3P%,FT%,MP,PTS,TRB,AST,STL,BLK,Date,City,Missouri ,US,NBA,-1-
Tyler Hansbrough,7,2010,2016,428,7233,947,2156,3,22,984,1333,745,1808,181,207,91,319,869,2881,.439,.136,.738,16.9,6.7,4.2,0.4,0.5,0.2,"Nov 3, 1985",Poplar Bluff,Missouri ,US,NBA,2009-10
Josh Harrellson,3,2012,2014,75,888,105,240,33,95,22,35,80,227,26,30,36,33,96,265,.438,.347,.629,11.8,3.5,3.0,0.3,0.4,0.5,"Feb 12, 1989",St. Charles,Missouri ,US,NBA,2011-12
Steve Harris,5,1986,1990,207,2840,592,1363,1,20,255,303,154,365,238,116,29,169,265,1440,.434,.050,.842,13.7,7.0,1.8,1.1,0.6,0.1,"Oct 15, 1963",Kansas City,Missouri ,US,NBA,1985-86
Shaquille Harrison,7,2018,2024,183,2780,364,837,52,185,178,248,73,445,301,178,65,120,269,958,.435,.281,.718,15.2,5.2,2.4,1.6,1.0,0.4,"Oct 6, 1993",Kansas City,Missouri ,US,NBA,2017-18
Malcolm Hill,2,2022,2023,24,221,26,56,14,39,11,14,11,38,8,7,3,3,25,77,.464,.359,.786,9.2,3.2,1.6,0.3,0.3,0.1,"Oct 26, 1995",St. Louis,Missouri ,US,NBA,2021-22
Derek Hood,1,2000,2000,2,4,0,3,0,0,0,0,0,1,0,0,0,0,0,0,.000,,,2.0,0.0,0.5,0.0,0.0,0.0,"Dec 22, 1976",Kansas City,Missouri ,US,NBA,1999-00
Larry Hughes,13,1999,2012,727,22368,3738,9200,524,1696,2242,2963,738,3039,2290,1092,255,1554,1645,10242,.406,.309,.757,30.8,14.1,4.2,3.1,1.5,0.4,"Jan 23, 1979",St. Louis,Missouri ,US,NBA,1998-99
Robin Jones,2,1977,1978,75,1131,150,319,,,70,119,108,310,82,38,39,7,140,370,.470,,.588,15.1,4.9,4.1,1.1,0.5,0.5,"Feb 2, 1954",St. Louis,Missouri ,US,NBA,1976-77
Harold Kottman,1,1947,1947,53,,59,188,,,47,101,,,17,,,,58,165,.314,,.465,,3.1,,0.3,,,"Aug 22, 1922",Forest Green,Missouri ,US,NBA,1946-47
Jim Krebs,7,1958,1964,515,10661,1696,4188,,,736,975,,3177,429,,,,1539,4128,.405,,.755,20.7,8.0,6.2,0.8,,,"Sep 8, 1935",Webster Groves,Missouri ,US,NBA,1957-58
David Lee,12,2006,2017,829,24293,4587,8566,1,29,2057,2666,2150,7320,1825,625,329,1454,2170,11232,.535,.034,.772,29.3,13.5,8.8,2.2,0.8,0.4,"Apr 29, 1983",St. Louis,Missouri ,US,NBA,2005-06
Saben Lee,4,2021,2024,134,1943,237,563,35,129,188,256,60,260,378,94,29,123,165,697,.421,.271,.734,14.5,5.2,1.9,2.8,0.7,0.2,"Jun 23, 1999",St. Louis,Missouri ,US,NBA,2020-21
Leary Lentz,2,1968,1969,148,3633,478,1179,0,4,223,338,108,919,120,,,151,278,1179,.405,.000,.660,24.5,8.0,6.2,0.8,,,"Feb 23, 1945",Clarkton,Missouri ,US,NBA,1967-68
Tyronn Lue,11,1999,2009,554,12564,1765,4039,460,1175,720,868,132,943,1727,286,10,659,1057,4710,.437,.391,.829,22.7,8.5,1.7,3.1,0.5,0.0,"May 3, 1977",Mexico,Missouri ,US,NBA,1998-99
Ed Macauley*,10,1950,1959,641,18071,3742,8589,,,3750,4929,,4325,2079,,,,1667,11234,.436,,.761,35.7,17.5,7.5,3.2,,,"Mar 22, 1928",St. Louis,Missouri ,US,NBA,1949-50
Cuonzo Martin,2,1996,1997,7,32,3,12,3,5,0,2,2,3,3,1,0,2,2,9,.250,.600,.000,4.6,1.3,0.4,0.4,0.1,0.0,"Sep 23, 1971",St. Louis,Missouri ,US,NBA,1995-96
Don Martin,3,1947,1949,137,,176,624,,,58,111,,,36,,,,251,410,.282,,.523,,3.0,,0.3,,,"Feb 7, 1920",Poplar Bluff,Missouri ,US,NBA,1946-47
Patrick McCaw,5,2017,2021,199,3373,292,696,92,302,84,107,64,319,270,139,31,123,233,760,.420,.305,.785,16.9,3.8,1.6,1.4,0.7,0.2,"Oct 25, 1995",St. Louis,Missouri ,US,NBA,2016-17
Ben McLemore,9,2014,2022,556,12534,1768,4270,868,2392,611,783,222,1269,563,353,106,608,1175,5015,.414,.363,.780,22.5,9.0,2.3,1.0,0.6,0.2,"Feb 11, 1993",St. Louis,Missouri ,US,NBA,2013-14
Chet McNabb,1,1948,1948,2,,0,1,,,0,0,,,0,,,,1,0,.000,,,,0.0,,0.0,,,"Sep 19, 1920",Powell,Missouri ,US,NBA,1947-48
Player,Yrs,0,To,G,MP,FG,FGA,3P,3PA,FT,FTA,ORB,TRB,AST,STL,BLK,TOV,PF,PTS,FG%,3P%,FT%,MP,PTS,TRB,AST,STL,BLK,Date,City,Missouri ,US,NBA,-1-
Jay Miller,4,1968,1971,117,1245,236,569,0,1,177,247,106,205,47,,,100,191,649,.415,,.717,10.6,5.5,1.8,0.4,,,"Jul 19, 1943",St. Louis,Missouri ,US,NBA,1967-68
Gene Moore,7,1969,1975,465,11780,2334,5003,10,33,916,1350,1562,4360,648,30,207,1158,1730,5594,.467,.303,.679,25.3,12.0,9.4,1.4,0.5,1.4,"Jul 29, 1945",St. Louis,Missouri ,US,NBA,1968-69
Juwan Morgan,3,2020,2022,52,312,31,59,8,23,6,11,21,61,16,5,3,10,43,76,.525,.348,.545,6.0,1.5,1.2,0.3,0.1,0.1,"Apr 17, 1997",Waynesville,Missouri ,US,NBA,2019-20
Ivano Newbill,3,1995,1998,134,1430,76,193,1,1,45,104,140,354,50,50,29,71,213,198,.394,1.000,.433,10.7,1.5,2.6,0.4,0.4,0.2,"Dec 12, 1970",Sedalia,Missouri ,US,NBA,1994-95
Rich Niemann,4,1969,1972,187,2922,500,1051,0,0,230,313,291,1079,158,,,225,514,1230,.476,,.735,15.6,6.6,5.8,0.8,,,"Jul 2, 1946",St. Louis,Missouri ,US,NBA,1968-69
Bevo Nordmann,4,1962,1965,133,1628,237,516,,,97,198,,517,73,,,,293,571,.459,,.490,12.2,4.3,3.9,0.5,,,"Dec 11, 1939",St. Louis,Missouri ,US,NBA,1961-62
Bob O'Brien,2,1948,1949,46,,27,131,,,27,58,,,10,,,,72,81,.206,,.466,,1.8,,0.2,,,"Jan 26, 1927",Kansas City,Missouri ,US,NBA,1947-48
Barry Orms,2,1969,1970,141,3007,348,941,5,26,181,336,140,505,181,,,148,370,882,.370,,.539,21.3,6.3,3.6,1.3,,,"May 1, 1946",St. Louis,Missouri ,US,NBA,1968-69
Anthony Peeler,13,1993,2005,827,20464,3101,7255,940,2445,875,1095,564,2136,1956,775,138,1019,1670,8017,.427,.384,.799,24.7,9.7,2.6,2.4,0.9,0.2,"Nov 25, 1969",Kansas City,Missouri ,US,NBA,1992-93
Jontay Porter,2,2021,2024,37,414,48,119,23,68,18,23,30,96,61,23,21,28,47,137,.403,.338,.783,11.2,3.7,2.6,1.6,0.6,0.6,"Nov 15, 1999",Columbia,Missouri ,US,NBA,2020-21
Otto Porter Jr.,11,2014,2024,527,13400,2088,4376,684,1724,559,701,602,2599,783,586,221,399,919,5419,.477,.397,.797,25.4,10.3,4.9,1.5,1.1,0.4,"Jun 3, 1993",St. Louis,Missouri ,US,NBA,2013-14
Willie Reed,3,2016,2018,152,1885,319,539,2,6,111,198,213,575,46,33,99,66,240,751,.592,.333,.561,12.4,4.9,3.8,0.3,0.2,0.7,"May 16, 1990",Kansas City,Missouri ,US,NBA,2015-16
Gene Rhodes,1,1953,1953,65,1162,109,342,,,119,169,,98,91,,,,78,337,.319,,.704,17.9,5.2,1.5,1.4,,,"Sep 2, 1927",St. Louis,Missouri ,US,NBA,1952-53
Jeremiah Robinson-Earl,4,2022,2025,176,3026,384,881,141,415,119,149,244,736,165,92,36,105,225,1028,.436,.340,.799,17.2,5.8,4.2,0.9,0.5,0.2,"Nov 3, 2000",Kansas City,Missouri ,US,NBA,2021-22
Marshall Rogers,1,1977,1977,26,176,43,116,,,14,15,6,11,10,8,3,,33,100,.371,,.933,6.8,3.8,0.4,0.4,0.3,0.1,"Aug 27, 1953",St. Louis,Missouri ,US,NBA,1976-77
Kenny Rollins,3,1949,1953,168,426,326,1056,,,165,220,,45,344,,,,342,817,.309,,.750,9.9,4.9,1.0,2.0,,,"Sep 14, 1923",Charlestown,Missouri ,US,NBA,1948-49
Dick Rosenthal,2,1955,1957,85,1594,218,602,,,139,198,,352,170,,,,201,575,.362,,.702,18.8,6.8,4.1,2.0,,,"Jan 20, 1930",St. Louis,Missouri ,US,NBA,1954-55
Giff Roux,3,1947,1949,151,,239,854,,,139,272,,,49,,,,185,617,.280,,.511,,4.1,,0.3,,,"Jun 28, 1923",Bonne Terre,Missouri ,US,NBA,1946-47
Brandon Rush,9,2009,2017,481,10564,1220,2861,522,1300,288,408,187,1413,468,222,262,400,620,3250,.426,.402,.706,22.0,6.8,2.9,1.0,0.5,0.5,"Jul 7, 1985",Kansas City,Missouri ,US,NBA,2008-09
Kareem Rush,7,2003,2010,346,5956,876,2189,288,805,173,246,104,572,353,150,74,298,459,2213,.400,.358,.703,17.2,6.4,1.7,1.0,0.4,0.2,"Oct 30, 1980",Kansas City,Missouri ,US,NBA,2002-03
Player,Yrs,0,To,G,MP,FG,FGA,3P,3PA,FT,FTA,ORB,TRB,AST,STL,BLK,TOV,PF,PTS,FG%,3P%,FT%,MP,PTS,TRB,AST,STL,BLK,Date,City,Missouri ,US,NBA,-1-
Marv Schatzman,1,1950,1950,34,,43,174,,,29,50,,,38,,,,49,115,.247,,.580,,3.4,,1.1,,,"Feb 18, 1927",St. Louis,Missouri ,US,NBA,1949-50
Les Selvage,2,1968,1970,82,2449,375,1058,147,465,206,278,0,219,252,,,196,241,1103,.354,.316,.741,29.9,13.5,2.7,3.1,,,"Mar 7, 1943",St. Louis,Missouri ,US,NBA,1967-68
Landry Shamet,7,2019,2025,373,7909,1041,2539,673,1759,360,432,86,623,585,178,56,252,638,3115,.410,.383,.833,21.2,8.4,1.7,1.6,0.5,0.2,"Mar 13, 1997",Kansas City,Missouri ,US,NBA,2018-19
Scott Sims,1,1978,1978,12,95,10,26,,,10,15,5,13,20,3,0,19,16,30,.385,,.667,7.9,2.5,1.1,1.7,0.3,0.0,"Apr 18, 1955",Kirksville,Missouri ,US,NBA,1977-78
Xavier Sneed,2,2022,2023,13,87,7,20,4,14,4,4,2,11,6,0,1,3,9,22,.350,.286,1.000,6.7,1.7,0.8,0.5,0.0,0.1,"Dec 21, 1997",St. Louis,Missouri ,US,NBA,2021-22
Norm Stewart,1,1957,1957,5,37,4,15,,,2,6,,5,2,,,,9,10,.267,,.333,7.4,2.0,1.0,0.4,,,"Jan 20, 1935",Leonard,Missouri ,US,NBA,1956-57
Steve Stipanovich,5,1984,1988,403,12591,2015,4160,10,56,1283,1611,771,3131,938,415,380,777,1435,5323,.484,.179,.796,31.2,13.2,7.8,2.3,1.0,0.9,"Nov 17, 1960",St. Louis,Missouri ,US,NBA,1983-84
Jayson Tatum,8,2018,2025,567,19524,4615,10042,1490,3998,2578,3072,495,4143,2121,625,374,1329,1192,13298,.460,.373,.839,34.4,23.5,7.3,3.7,1.1,0.7,"Mar 3, 1998",St. Louis,Missouri ,US,NBA,2017-18
David Thirdkill,5,1983,1987,179,1469,189,414,1,11,131,232,79,209,84,47,13,105,226,510,.457,.091,.565,8.2,2.8,1.2,0.5,0.3,0.1,"Apr 12, 1960",St. Louis,Missouri ,US,NBA,1982-83
Malcolm Thomas,4,2012,2015,40,329,30,69,1,11,15,25,27,96,14,6,7,25,30,76,.435,.091,.600,8.2,1.9,2.4,0.4,0.2,0.2,"Nov 8, 1988",Columbia,Missouri ,US,NBA,2011-12
Anthony Tolliver,13,2009,2021,730,14197,1466,3538,865,2320,654,848,545,2416,650,272,215,462,1171,4451,.414,.373,.771,19.4,6.1,3.3,0.9,0.4,0.3,"Jun 1, 1985",Springfield,Missouri ,US,NBA,2008-09
Dean Tolson,3,1975,1978,80,681,153,280,,,96,176,85,179,34,36,27,1,97,402,.546,,.545,8.5,5.0,2.2,0.4,0.5,0.3,"Nov 25, 1951",Kansas City,Missouri ,US,NBA,1974-75
Ish Wainright,3,2022,2024,116,1336,132,355,83,252,35,45,75,207,69,62,29,37,174,382,.372,.329,.778,11.5,3.3,1.8,0.6,0.5,0.3,"Sep 12, 1994",Kansas City,Missouri ,US,NBA,2021-22
Jahidi White,7,1999,2005,334,5913,736,1443,0,1,482,903,707,1944,63,119,355,397,887,1954,.510,.000,.534,17.7,5.9,5.8,0.2,0.4,1.1,"Feb 19, 1976",St. Louis,Missouri ,US,NBA,1998-99
Jo Jo White*,12,1970,1981,837,29941,6169,13884,1,6,2060,2471,472,3345,4095,686,112,504,2056,14399,.444,,.834,35.8,17.2,4.0,4.9,1.3,0.2,"Nov 16, 1946",St. Louis,Missouri ,US,NBA,1969-70
Win Wilfong,4,1958,1961,268,4810,684,1897,,,458,616,,910,565,,,,649,1826,.361,,.744,17.9,6.8,3.4,2.1,,,"Mar 18, 1933",Puxico,Missouri ,US,NBA,1957-58
Lee Winfield,7,1970,1976,403,7383,1191,2511,,,577,864,72,828,1003,68,41,,682,2959,.474,,.668,18.3,7.3,2.1,2.5,0.5,0.3,"Feb 4, 1947",St. Louis,Missouri ,US,NBA,1969-70
Loren Woods,6,2002,2008,215,2428,208,496,1,7,138,215,263,682,74,55,128,138,278,555,.419,.143,.642,11.3,2.6,3.2,0.3,0.3,0.6,"Jun 21, 1978",St. Louis,Missouri ,US,NBA,2001-02
Jack Cotton,1,1950,1950,54,,97,332,,,82,161,,,65,,,,184,276,0.292,,0.509,,5.1,,1.2,,,"Oct 25, 1924",Miles City,Montana ,US,NBA,1949-50
Jim Creighton,1,1976,1976,32,172.0,12,43,,,7,16,13.0,45.0,4,2.0,9.0,,23,31,0.279,,0.438,5.4,1.0,1.4,0.1,0.1,0.3,"Apr 18, 1950",Billings,Montana ,US,NBA,1975-76
Brad Holland,3,1980,1982,93,686.0,118,293,4.0,21.0,53,71,19.0,59.0,63,47.0,3.0,52.0,81,293,0.403,0.19,0.746,7.4,3.2,0.6,0.7,0.5,0.0,"Dec 6, 1956",Billings,Montana ,US,NBA,1979-80
Phil Jackson*,12,1968,1980,807,14201.0,2076,4583,0.0,2.0,1276,1734,515.0,3454.0,898,281.0,199.0,134.0,2366,5428,0.453,,0.736,17.6,6.7,4.3,1.1,0.6,0.4,"Sep 17, 1945",Deer Lodge,Montana ,US,NBA,1967-68
Ed Kalafat,3,1955,1957,209,4358.0,490,1422,,,494,718,,1182.0,310,,,,684,1474,0.345,,0.688,20.9,7.1,5.7,1.5,,,"Oct 13, 1932",,Montana ,US,NBA,1954-55
Coby Karl,2,2008,2010,24,184.0,20,58,6.0,24.0,12,16,7.0,32.0,24,7.0,3.0,15.0,18,58,0.345,0.25,0.75,7.7,2.4,1.3,1.0,0.3,0.1,"Mar 6, 1983",Great Falls,Montana ,US,NBA,2007-08
Larry Krystkowiak,9,1987,1997,420,9097.0,1294,2830,5.0,36.0,832,1046,643.0,2051.0,513,264.0,62.0,522.0,1048,3425,0.457,0.139,0.795,21.7,8.2,4.9,1.2,0.6,0.1,"Sep 23, 1964",Missoula,Montana ,US,NBA,1986-87
Ray Kuka,2,1948,1949,52,,99,309,,,55,93,,,38,,,,133,253,0.32,,0.591,,4.9,,0.7,,,"Feb 17, 1922",Havre,Montana ,US,NBA,1947-48
Mike Lewis,6,1969,1974,337,10118.0,1613,3237,0.0,4.0,855,1164,1480.0,4022.0,1000,0.0,0.0,883.0,1249,4081,0.498,0.0,0.735,30.0,12.1,11.9,3.0,0.0,0.0,"Mar 18, 1946",Missoula,Montana ,US,NBA,1968-69
Adam Morrison,3,2007,2010,161,3278.0,467,1252,124.0,375.0,142,200,82.0,342.0,222,40.0,12.0,172.0,273,1200,0.373,0.331,0.71,20.4,7.5,2.1,1.4,0.2,0.1,"Jul 19, 1984",Glendive,Montana ,US,NBA,2006-07
Keith Tower,4,1994,1997,53,416.0,39,91,0.0,1.0,20,36,25.0,69.0,7,6.0,12.0,19.0,69,98,0.429,0.0,0.556,7.8,1.8,1.3,0.1,0.1,0.2,"May 15, 1970",Libby,Montana ,US,NBA,1993-94
Wally Anderzunas,1,1970,1970,44,370.0,65,166,,,29,46,,82.0,9,,,,47,159,0.392,,0.63,8.4,3.6,1.9,0.2,,,"Jan 11, 1946",Omaha,Nebraska ,US,NBA,1969-70
Bob Boozer,11,1961,1971,874,25549.0,4961,10738,,,3042,3998,,7119.0,1237,,,,2489,12964,0.462,,0.761,29.2,14.8,8.1,1.4,,,"Apr 26, 1937",Omaha,Nebraska ,US,NBA,1960-61
Leon Brown,1,1947,1947,5,,0,3,,,0,0,,,0,,,,2,0,0.0,,,,0.0,,0.0,,,"Oct 12, 1919",Hastings,Nebraska ,US,NBA,1946-47
Chuck Gardner,1,1968,1968,42,487.0,71,175,0.0,4.0,55,79,,136.0,13,,,52.0,74,197,0.406,0.0,0.696,11.6,4.7,3.2,0.3,,,"Sep 30, 1944",Lincoln,Nebraska ,US,NBA,1967-68
Mike Higgins,2,1990,1991,18,111.0,9,18,0.0,0.0,12,17,6.0,9.0,5,2.0,4.0,5.0,21,30,0.5,,0.706,6.2,1.7,0.5,0.3,0.1,0.2,"Feb 17, 1967",Grand Island,Nebraska ,US,NBA,1989-90
Fred Hoiberg,10,1996,2005,541,9978.0,959,2227,373.0,941.0,653,765,143.0,1438.0,846,428.0,59.0,292.0,783,2944,0.431,0.396,0.854,18.4,5.4,2.7,1.6,0.8,0.1,"Oct 15, 1972",Lincoln,Nebraska ,US,NBA,1995-96
Dave Hoppen,6,1988,1993,169,2401.0,326,629,1.0,5.0,184,245,220.0,647.0,100,43.0,29.0,138.0,389,837,0.518,0.2,0.751,14.2,5.0,3.8,0.6,0.3,0.2,"Mar 13, 1964",Omaha,Nebraska ,US,NBA,1987-88
Rich King,4,1992,1995,72,309.0,44,112,0.0,2.0,47,71,30.0,74.0,21,5.0,7.0,28.0,62,135,0.393,0.0,0.662,4.3,1.9,1.0,0.3,0.1,0.1,"Apr 4, 1969",Lincoln,Nebraska ,US,NBA,1991-92
Bart Kofoed,5,1988,1993,111,702.0,58,150,3.0,16.0,43,70,16.0,56.0,108,19.0,4.0,56.0,95,162,0.387,0.188,0.614,6.3,1.5,0.5,1.0,0.2,0.0,"Mar 24, 1964",Omaha,Nebraska ,US,NBA,1987-88
Tom Kropp,2,1976,1977,78,552.0,80,182,,,33,47,26.0,62.0,47,20.0,1.0,,97,193,0.44,,0.702,7.1,2.5,0.8,0.6,0.3,0.0,"Feb 12, 1953",Grand Island,Nebraska ,US,NBA,1975-76
Justin Patton,4,2018,2021,22,296.0,36,89,10.0,40.0,4,6,17.0,60.0,19,15.0,14.0,6.0,44,86,0.404,0.25,0.667,13.5,3.9,2.7,0.9,0.7,0.6,"Jun 14, 1997",Omaha,Nebraska ,US,NBA,2017-18
Mark Pope,6,1998,2005,153,1634.0,116,289,10.0,56.0,43,75,92.0,261.0,63,32.0,45.0,47.0,242,285,0.401,0.179,0.573,10.7,1.9,1.7,0.4,0.2,0.3,"Sep 11, 1972",Omaha,Nebraska ,US,NBA,1997-98
Kenny Sailors,5,1947,1951,276,,1255,3813,,,970,1362,,120.0,781,,,,1016,3480,0.329,,0.712,,12.6,2.0,2.8,,,"Jan 14, 1921",Bushnell,Nebraska ,US,NBA,1946-47
Baylor Scheierman,1,2025,2025,13,74.0,3,19,1.0,14.0,2,2,2.0,18.0,7,3.0,0.0,1.0,6,9,0.158,0.071,1.0,5.7,0.7,1.4,0.5,0.2,0.0,"Sep 26, 2000",Hastings,Nebraska ,US,NBA,2024-25
Alex Stivrins,2,1986,1993,22,90.0,20,43,0.0,2.0,4,8,10.0,22.0,4,2.0,2.0,10.0,13,44,0.465,0.0,0.5,4.1,2.0,1.0,0.2,0.1,0.1,"Nov 29, 1962",Lincoln,Nebraska ,US,NBA,1985-86
Khyri Thomas,3,2019,2021,39,409.0,59,152,24.0,76.0,18,24,12.0,39.0,36,19.0,11.0,13.0,39,160,0.388,0.316,0.75,10.5,4.1,1.0,0.9,0.5,0.3,"May 8, 1996",Omaha,Nebraska ,US,NBA,2018-19
JT Thor,4,2022,2025,174,2054.0,208,491,77.0,237.0,63,95,93.0,347.0,85,43.0,64.0,75.0,158,556,0.424,0.325,0.663,11.8,3.2,2.0,0.5,0.2,0.4,"Aug 26, 2002",Omaha,Nebraska ,US,NBA,2021-22
Rex Walters,7,1994,2000,335,4602.0,572,1296,187.0,518.0,216,267,81.0,403.0,569,129.0,30.0,291.0,439,1547,0.441,0.361,0.809,13.7,4.6,1.2,1.7,0.4,0.1,"Mar 12, 1970",Omaha,Nebraska ,US,NBA,1993-94
Greg Anthony,11,1992,2002,757,15850,1914,4750,610,1748,1059,1445,271,1417,2997,887,79,1043,1324,5497,0.403,0.349,0.733,20.9,7.3,1.9,4.0,1.2,0.1,"Nov 15, 1967",Las Vegas,Nevada ,US,NBA,1991-92
Marcus Banks,8,2004,2011,348,5571,741,1715,125,382,454,591,100,519,728,266,57,436,674,2061,0.432,0.327,0.768,16.0,5.9,1.5,2.1,0.8,0.2,"Nov 19, 1981",Las Vegas,Nevada ,US,NBA,2003-04
Tyler Bey,1,2021,2021,18,71,7,22,1,4,3,5,8,19,3,0,1,3,6,18,0.318,0.25,0.6,3.9,1.0,1.1,0.2,0.0,0.1,"Feb 10, 1998",Las Vegas,Nevada ,US,NBA,2020-21
Troy Brown Jr.,6,2019,2024,356,6778,824,1949,306,873,242,309,257,1288,508,235,42,235,461,2196,0.423,0.351,0.783,19.0,6.2,3.6,1.4,0.7,0.1,"Jul 28, 1999",Las Vegas,Nevada ,US,NBA,2018-19
Zach Collins,7,2018,2025,353,6630,1060,2221,224,675,444,584,503,1656,630,147,242,479,891,2788,0.477,0.332,0.76,18.8,7.9,4.7,1.8,0.4,0.7,"Nov 19, 1997",Las Vegas,Nevada ,US,NBA,2017-18
Ricky Davis,12,1999,2010,736,21927,3747,8410,583,1614,1835,2349,566,2550,2426,732,187,1606,1430,9912,0.446,0.361,0.781,29.8,13.5,3.5,3.3,1.0,0.3,"Sep 23, 1979",Las Vegas,Nevada ,US,NBA,1998-99
Carrick Felix,1,2014,2014,7,38,7,14,2,5,3,4,1,6,4,0,0,4,4,19,0.5,0.4,0.75,5.4,2.7,0.9,0.6,0.0,0.0,"Aug 17, 1990",Las Vegas,Nevada ,US,NBA,2013-14
Pat Garrity,10,1999,2008,552,11062,1479,3543,631,1587,428,531,343,1457,443,246,104,417,1274,4017,0.417,0.398,0.806,20.0,7.3,2.6,0.8,0.4,0.2,"Aug 23, 1976",Las Vegas,Nevada ,US,NBA,1998-99
Darington Hobson,1,2012,2012,5,39,2,13,0,6,0,0,0,3,6,0,0,2,1,4,0.154,0.0,,7.8,0.8,0.6,1.2,0.0,0.0,"Sep 29, 1987",Las Vegas,Nevada ,US,NBA,2011-12
Pierre Jackson,1,2017,2017,8,84,13,39,3,11,6,7,1,9,19,2,0,3,5,35,0.333,0.273,0.857,10.5,4.4,1.1,2.4,0.3,0.0,"Aug 29, 1991",Las Vegas,Nevada ,US,NBA,2016-17
Maxwell Lewis,2,2024,2025,44,137,7,29,2,10,2,3,4,7,8,3,1,12,6,18,0.241,0.2,0.667,3.1,0.4,0.2,0.2,0.1,0.0,"Jul 27, 2002",Las Vegas,Nevada ,US,NBA,2023-24
Orlando Robinson,3,2023,2025,89,982,113,235,11,37,61,82,101,277,85,26,24,50,122,298,0.481,0.297,0.744,11.0,3.3,3.1,1.0,0.3,0.3,"Jul 10, 2000",Las Vegas,Nevada ,US,NBA,2022-23
Willie Smith,4,1977,1980,78,1200,144,360,17,71,52,69,63,134,277,85,2,109,131,357,0.4,,0.754,15.4,4.6,1.7,3.6,1.1,0.0,"Oct 26, 1953",Las Vegas,Nevada ,US,NBA,1976-77
Julian Strawther,2,2024,2025,107,1821,277,671,133,390,86,108,21,191,125,54,22,74,197,773,0.413,0.341,0.796,17.0,7.2,1.8,1.2,0.5,0.2,"Apr 18, 2002",Las Vegas,Nevada ,US,NBA,2023-24
C.J. Watson,10,2008,2017,600,12093,1516,3617,471,1263,841,1036,218,1156,1485,559,67,650,894,4344,0.419,0.373,0.812,20.2,7.2,1.9,2.5,0.9,0.1,"Apr 17, 1984",Las Vegas,Nevada ,US,NBA,2007-08
Matt Bonner,12,2005,2016,792,13356,1749,3768,797,1923,337,432,622,2371,552,285,213,299,1307,4632,0.464,0.414,0.78,16.9,5.8,3.0,0.7,0.4,0.3,"Apr 5, 1980",Concord,New Hampshire ,US,NBA,2004-05
Rafael Addison,6,1987,1997,379,5697,920,2047,69,245,277,359,262,780,339,148,83,284,671,2186,.449,.282,.772,15.0,5.8,2.1,0.9,0.4,0.2,"Jul 22, 1964",Jersey City,New Jersey ,US,NBA,1986-87
Bam Adebayo,8,2018,2025,542,16487,3236,6005,65,241,1873,2487,1218,4809,1938,573,476,1171,1324,8410,.539,.270,.753,30.4,15.5,8.9,3.6,1.1,0.9,"Jul 18, 1997",Newark,New Jersey ,US,NBA,2017-18
Malik Allen,10,2002,2011,478,7262,1039,2365,3,16,253,325,466,1353,228,130,220,320,897,2334,.439,.188,.778,15.2,4.9,2.8,0.5,0.3,0.5,"Jun 27, 1978",Willingboro,New Jersey ,US,NBA,2001-02
Al Attles*,11,1961,1971,711,17826,2499,5545,,,1330,2106,,2463,2483,,,,2417,6328,.451,,.632,25.1,8.9,3.5,3.5,,,"Nov 7, 1936",Newark,New Jersey ,US,NBA,1960-61
Wade Baldwin,3,2017,2019,56,579,60,169,9,36,45,58,14,69,78,21,10,57,63,174,.355,.250,.776,10.3,3.1,1.2,1.4,0.4,0.2,"Mar 29, 1996",Belle Mead,New Jersey ,US,NBA,2016-17
Dominick Barlow,3,2023,2025,78,966,124,245,8,26,51,75,99,243,64,25,40,26,115,307,.506,.308,.680,12.4,3.9,3.1,0.8,0.3,0.5,"May 26, 2003",Hackensack,New Jersey ,US,NBA,2022-23
Rick Barry*,14,1966,1980,1020,38153,9695,21283,176,593,5713,6397,982,6863,4952,1104,269,1364,3028,25279,.456,,.893,37.4,24.8,6.7,4.9,2.0,0.5,"Mar 28, 1944",Elizabeth,New Jersey ,US,NBA,1965-66
Ed Beach,1,1951,1951,12,,8,38,,,6,9,,25,3,,,,14,22,.211,,.667,,1.8,2.1,0.3,,,"Jan 25, 1929",Elizabeth,New Jersey ,US,NBA,1950-51
Spider Bennett,1,1969,1969,59,993,147,385,6,25,140,216,62,147,84,,,145,165,440,.382,.240,.648,16.8,7.5,2.5,1.4,,,"Aug 4, 1943",Lakewood,New Jersey ,US,NBA,1968-69
Mike Bibby,14,1999,2012,1001,33962,5410,12412,1517,3999,2361,2943,529,3103,5517,1172,149,2134,1931,14698,.436,.379,.802,33.9,14.7,3.1,5.5,1.2,0.1,"May 13, 1978",Cherry Hill,New Jersey ,US,NBA,1998-99
Alex Blackwell,1,1993,1993,27,109,14,42,0,3,6,8,10,23,7,4,2,5,14,34,.333,.000,.750,4.0,1.3,0.9,0.3,0.1,0.1,"Jun 27, 1970",Toms River,New Jersey ,US,NBA,1992-93
George Blaney,1,1962,1962,36,363,54,142,,,9,17,,36,45,,,,34,117,.380,,.529,10.1,3.3,1.0,1.3,,,"Nov 12, 1939",Jersey City,New Jersey ,US,NBA,1961-62
Jake Bornheimer,2,1949,1950,75,,122,414,,,98,146,,,53,,,,158,342,.295,,.671,,4.6,,0.7,,,"Jun 29, 1927",New Brunswick,New Jersey ,US,NBA,1948-49
Ira Bowman,3,2000,2002,17,68,7,11,0,1,1,2,1,5,9,3,0,2,3,15,.636,.000,.500,4.0,0.9,0.3,0.5,0.2,0.0,"Jun 11, 1973",Newark,New Jersey ,US,NBA,1999-00
Marques Bragg,1,1996,1996,53,369,54,120,0,0,23,41,38,79,8,17,8,26,71,131,.450,,.561,7.0,2.5,1.5,0.2,0.3,0.2,"Mar 24, 1970",East Orange,New Jersey ,US,NBA,1995-96
Isaiah Briscoe,1,2019,2019,39,559,55,138,11,34,15,26,5,74,87,11,2,31,66,136,.399,.324,.577,14.3,3.5,1.9,2.2,0.3,0.1,"Apr 13, 1996",Newark,New Jersey ,US,NBA,2018-19
Gary Brokaw,4,1975,1978,241,4724,731,1640,,,466,654,87,407,715,107,76,12,489,1928,.446,,.713,19.6,8.0,1.7,3.0,0.4,0.3,"Jan 11, 1954",New Brunswick,New Jersey ,US,NBA,1974-75
MarShon Brooks,5,2012,2019,200,3456,613,1371,109,316,257,342,132,424,282,120,42,248,269,1592,.447,.345,.751,17.3,8.0,2.1,1.4,0.6,0.2,"Jan 26, 1989",Long Branch,New Jersey ,US,NBA,2011-12
Mike Brown,11,1987,1997,626,10961,1126,2476,1,8,877,1271,934,2762,424,253,169,643,1372,3130,.455,.125,.690,17.5,5.0,4.4,0.7,0.4,0.3,"Jul 19, 1963",Newark,New Jersey ,US,NBA,1986-87
Jalen Brunson,7,2019,2025,478,13908,3161,6460,756,1930,1507,1831,223,1522,2390,342,45,824,879,8585,.489,.392,.823,29.1,18.0,3.2,5.0,0.7,0.1,"Aug 31, 1996",New Brunswick,New Jersey ,US,NBA,2018-19
Player,Yrs,0,To,G,MP,FG,FGA,3P,3PA,FT,FTA,ORB,TRB,AST,STL,BLK,TOV,PF,PTS,FG%,3P%,FT%,MP,PTS,TRB,AST,STL,BLK,Date,City,New Jersey ,US,NBA,-1-
Mark Bryant,15,1989,2003,797,13479,1739,3481,1,12,834,1196,1120,2992,491,330,195,661,2018,4313,.500,.083,.697,16.9,5.4,3.8,0.6,0.4,0.2,"Apr 25, 1965",Glen Ridge,New Jersey ,US,NBA,1988-89
Dave Budd,5,1961,1965,353,6389,962,2092,,,581,852,,1623,337,,,,814,2505,.460,,.682,18.1,7.1,4.6,1.0,,,"Oct 28, 1938",Woodbury,New Jersey ,US,NBA,1960-61
Walt Budko,4,1949,1952,253,1126,684,2000,,,669,884,,684,471,,,,859,2037,.342,,.757,17.9,8.1,5.4,1.9,,,"Jul 30, 1925",Kearney,New Jersey ,US,NBA,1948-49
Andrew Bynum,8,2006,2014,418,10690,1917,3446,1,9,987,1431,1007,3221,490,133,657,644,1028,4822,.556,.111,.690,25.6,11.5,7.7,1.2,0.3,1.6,"Oct 27, 1987",Plainsboro,New Jersey ,US,NBA,2005-06
Tommy Byrnes,5,1947,1951,264,,653,2182,,,402,620,,71,311,,,,387,1708,.299,,.648,,6.5,1.5,1.2,,,"Feb 19, 1923",Teaneck,New Jersey ,US,NBA,1946-47
Gerry Calabrese,2,1951,1952,104,937,179,514,,,134,191,,149,148,,,,187,492,.348,,.702,16.2,4.7,1.4,1.4,,,"Feb 4, 1925",Hoboken,New Jersey ,US,NBA,1950-51
Tony Campbell,11,1985,1995,690,15180,3180,6981,67,264,1567,1984,912,2117,1019,582,157,1083,1536,7994,.456,.254,.790,22.0,11.6,3.1,1.5,0.8,0.2,"May 7, 1962",Teaneck,New Jersey ,US,NBA,1984-85
Derrick Caracter,1,2011,2011,41,215,32,66,0,0,17,23,19,43,7,4,10,19,47,81,.485,,.739,5.2,2.0,1.0,0.2,0.1,0.2,"May 4, 1988",Fanwood,New Jersey ,US,NBA,2010-11
Rakeem Christmas,2,2016,2017,30,225,21,45,0,0,21,29,27,57,4,3,6,8,38,63,.467,,.724,7.5,2.1,1.9,0.1,0.1,0.2,"Dec 1, 1991",Irvington,New Jersey ,US,NBA,2015-16
Earl Clark,6,2010,2015,261,3630,453,1125,82,250,150,226,195,778,134,83,136,175,323,1138,.403,.328,.664,13.9,4.4,3.0,0.5,0.3,0.5,"Jan 17, 1988",Plainfield,New Jersey ,US,NBA,2009-10
Charles Cooke,1,2018,2018,13,38,2,14,1,8,1,2,0,2,1,1,0,1,0,6,.143,.125,.500,2.9,0.5,0.2,0.1,0.1,0.0,"Jul 1, 1994",Trenton,New Jersey ,US,NBA,2017-18
Sharife Cooper,1,2022,2022,13,39,3,14,1,6,0,0,0,5,5,0,0,5,1,7,.214,.167,,3.0,0.5,0.4,0.4,0.0,0.0,"Jun 11, 2001",Newark,New Jersey ,US,NBA,2021-22
Chris Copeland,4,2013,2016,171,2111,366,858,154,422,112,149,65,272,107,32,30,129,237,998,.427,.365,.752,12.3,5.8,1.6,0.6,0.2,0.2,"Mar 17, 1984",Orange,New Jersey ,US,NBA,2012-13
Hollis Copeland,2,1980,1982,93,1260,198,406,0,2,68,92,73,161,89,65,27,88,173,464,.488,.000,.739,13.5,5.0,1.7,1.0,0.7,0.3,"Dec 20, 1955",Trenton,New Jersey ,US,NBA,1979-80
Joe Crispin,1,2002,2002,21,156,26,68,15,39,12,13,2,11,26,5,0,10,10,79,.382,.385,.923,7.4,3.8,0.5,1.2,0.2,0.0,"Jul 18, 1979",Pitman,New Jersey ,US,NBA,2001-02
John Crotty,11,1993,2003,477,5795,625,1449,144,375,509,608,136,502,999,181,20,428,597,1903,.431,.384,.837,12.1,4.0,1.1,2.1,0.4,0.0,"Jul 15, 1969",Orange,New Jersey ,US,NBA,1992-93
Brian Davis,1,1994,1994,68,374,40,126,1,3,50,68,21,55,22,16,4,19,34,131,.317,.333,.735,5.5,1.9,0.8,0.3,0.2,0.1,"Jun 21, 1970",Atlantic City,New Jersey ,US,NBA,1993-94
Warren Davis,6,1968,1973,447,13090,2022,4215,2,16,1403,2030,1380,4097,944,,,1076,1507,5449,.480,.125,.691,29.3,12.2,9.2,2.1,,,"Jun 30, 1943",Atlantic City,New Jersey ,US,NBA,1967-68
Corky Devlin,3,1956,1958,210,4025,560,1532,,,376,507,,449,446,,,,337,1496,.366,,.742,19.2,7.1,2.1,2.1,,,"Dec 21, 1931",Atlantic City,New Jersey ,US,NBA,1955-56
Harry Donovan,1,1950,1950,45,,90,275,,,73,106,,,38,,,,107,253,.327,,.689,,5.6,,0.8,,,"Sep 10, 1926",Union City,New Jersey ,US,NBA,1949-50
Player,Yrs,0,To,G,MP,FG,FGA,3P,3PA,FT,FTA,ORB,TRB,AST,STL,BLK,TOV,PF,PTS,FG%,3P%,FT%,MP,PTS,TRB,AST,STL,BLK,Date,City,New Jersey ,US,NBA,-1-
Kenneth Faried,8,2012,2019,478,11728,2190,4009,10,45,1040,1590,1465,3884,470,351,392,626,1180,5430,.546,.222,.654,24.5,11.4,8.1,1.0,0.7,0.8,"Nov 19, 1989",Newark,New Jersey ,US,NBA,2011-12
Hank Finkel,9,1967,1975,551,6866,1125,2508,,,540,816,74,2151,426,10,10,,1090,2790,.449,,.662,12.5,5.1,3.9,0.8,0.1,0.1,"Apr 20, 1942",Union City,New Jersey ,US,NBA,1966-67
Chris Ford,10,1973,1982,794,22043,3160,6874,126,336,868,1188,820,2394,2719,1152,192,726,1817,7314,.460,,.731,27.8,9.2,3.0,3.4,1.6,0.3,"Jan 11, 1949",Atlantic City,New Jersey ,US,NBA,1972-73
Jimmy Foster,2,1975,1976,89,1158,132,354,1,14,66,98,38,117,190,58,9,151,196,331,.373,.071,.673,13.0,3.7,1.3,2.1,0.7,0.1,"Dec 16, 1951",Jersey City,New Jersey ,US,NBA,1974-75
Randy Foye,11,2007,2017,752,19279,2704,6750,1104,3017,1217,1429,245,1686,2112,528,220,1106,1584,7729,.401,.366,.852,25.6,10.3,2.2,2.8,0.7,0.3,"Sep 24, 1983",Newark,New Jersey ,US,NBA,2006-07
Gary Garland,1,1980,1980,78,1106,155,356,6,19,18,26,50,138,145,54,4,73,80,334,.435,.316,.692,14.2,4.3,1.8,1.9,0.7,0.1,"Oct 12, 1957",East Orange,New Jersey ,US,NBA,1979-80
Chris Gatling,11,1992,2002,700,13760,2804,5469,50,201,1574,2386,1248,3741,461,464,375,1069,1870,7232,.513,.249,.660,19.7,10.3,5.3,0.7,0.7,0.5,"Sep 3, 1967",Elizabeth,New Jersey ,US,NBA,1991-92
Reggie Geary,2,1997,1998,101,931,78,227,20,61,33,67,23,82,110,50,14,57,131,209,.344,.328,.493,9.2,2.1,0.8,1.1,0.5,0.1,"Aug 31, 1973",Trenton,New Jersey ,US,NBA,1996-97
Tate George,4,1991,1995,177,2019,297,717,1,14,141,172,65,180,325,76,11,157,182,736,.414,.071,.820,11.4,4.2,1.0,1.8,0.4,0.1,"May 29, 1968",Newark,New Jersey ,US,NBA,1990-91
Ben Goldfaden,1,1947,1947,2,,0,2,,,2,4,,,0,,,,3,2,.000,,.500,,1.0,,0.0,,,"Sep 6, 1913",Newark,New Jersey ,US,NBA,1946-47
Gerald Govan,9,1968,1976,681,22925,2142,5288,5,24,962,1419,1564,7119,2164,139,97,1617,2032,5251,.405,.208,.678,33.7,7.7,10.5,3.2,0.7,0.5,"Jan 2, 1942",Jersey City,New Jersey ,US,NBA,1967-68
Greg Grant,6,1990,1996,274,3350,314,820,41,146,98,138,64,248,751,161,8,231,282,767,.383,.281,.710,12.2,2.8,0.9,2.7,0.6,0.0,"Aug 29, 1966",Trenton,New Jersey ,US,NBA,1989-90
Bob Greacen,3,1970,1972,47,355,46,123,0,0,21,35,1,67,41,,,2,57,113,.374,,.600,7.6,2.4,1.4,0.9,,,"Sep 15, 1947",Merchantville,New Jersey ,US,NBA,1969-70
Mike Grosso,1,1972,1972,25,335,45,102,0,0,13,23,49,123,11,,,20,64,103,.441,,.565,13.4,4.1,4.9,0.4,,,"Sep 7, 1947",Raritan,New Jersey ,US,NBA,1971-72
Jordan Hall,1,2023,2023,9,83,9,28,3,15,7,9,3,12,11,1,0,7,6,28,.321,.200,.778,9.2,3.1,1.3,1.2,0.1,0.0,"Jan 14, 2002",Wildwood,New Jersey ,US,NBA,2022-23
Ron Harper Jr.,2,2023,2024,10,52,8,16,3,9,1,1,3,7,5,0,1,0,5,20,.500,.333,1.000,5.2,2.0,0.7,0.5,0.0,0.1,"Apr 12, 2000",Paterson,New Jersey ,US,NBA,2022-23
Al Harrington,16,1999,2014,981,28009,5028,11318,977,2778,2204,3030,1495,5482,1649,858,246,1838,3069,13237,.444,.352,.727,28.6,13.5,5.6,1.7,0.9,0.3,"Feb 17, 1980",Orange,New Jersey ,US,NBA,1998-99
Tom Heinsohn*,9,1957,1965,654,19254,4773,11787,,,2648,3353,,5749,1318,,,,2454,12194,.405,,.790,29.4,18.6,8.8,2.0,,,"Aug 26, 1934",Union City,New Jersey ,US,NBA,1956-57
Gerald Henderson,8,2010,2017,535,13854,2249,5111,249,762,1240,1564,314,1716,1009,358,183,639,930,5987,.440,.327,.793,25.9,11.2,3.2,1.9,0.7,0.3,"Dec 9, 1987",Caldwell,New Jersey ,US,NBA,2009-10
Jack Hewson,1,1948,1948,24,,22,89,,,21,30,,,1,,,,39,65,.247,,.700,,2.7,,0.0,,,"Sep 7, 1924",Waldick,New Jersey ,US,NBA,1947-48
Player,Yrs,0,To,G,MP,FG,FGA,3P,3PA,FT,FTA,ORB,TRB,AST,STL,BLK,TOV,PF,PTS,FG%,3P%,FT%,MP,PTS,TRB,AST,STL,BLK,Date,City,New Jersey ,US,NBA,-1-
Nat Hickey,1,1948,1948,2,,0,6,,,2,3,,,0,,,,5,2,.000,,.667,,1.0,,0.0,,,"Jan 30, 1902",Hoboken,New Jersey ,US,NBA,1947-48
Cleo Hill,1,1962,1962,58,1050,107,309,,,106,137,,178,114,,,,98,320,.346,,.774,18.1,5.5,3.1,2.0,,,"May 24, 1938",Newark,New Jersey ,US,NBA,1961-62
Art Hillhouse,2,1947,1948,71,,134,483,,,150,203,,,44,,,,169,418,.277,,.739,,5.9,,0.6,,,"Jun 12, 1916",Rutherford,New Jersey ,US,NBA,1946-47
Roy Hinson,8,1984,1991,507,15543,2776,5568,0,12,1654,2232,1056,3452,495,306,882,1009,1888,7206,.499,.000,.741,30.7,14.2,6.8,1.0,0.6,1.7,"May 2, 1961",Trenton,New Jersey ,US,NBA,1983-84
Dennis Horner,1,2012,2012,8,22,1,4,0,1,3,4,2,5,0,0,0,1,1,5,.250,.000,.750,2.8,0.6,0.6,0.0,0.0,0.0,"Feb 5, 1988",Linwood,New Jersey ,US,NBA,2011-12
Markus Howard,2,2021,2022,68,381,79,207,46,135,27,32,3,33,25,13,1,25,40,231,.382,.341,.844,5.6,3.4,0.5,0.4,0.2,0.0,"Mar 3, 1999",Morristown,New Jersey ,US,NBA,2020-21
Bobby Hurley,5,1994,1998,269,4170,361,1023,64,235,246,320,53,283,880,120,7,385,360,1032,.353,.272,.769,15.5,3.8,1.1,3.3,0.4,0.0,"Jun 28, 1971",Jersey City,New Jersey ,US,NBA,1993-94
Jaren Jackson Jr.,7,2019,2025,388,11062,2517,5404,660,1907,1436,1816,532,2169,576,393,755,731,1416,7130,.466,.346,.791,28.5,18.4,5.6,1.5,1.0,1.9,"Sep 15, 1999",Plainfield,New Jersey ,US,NBA,2018-19
Howie Janotta,1,1950,1950,9,,9,30,,,13,16,,,4,,,,10,31,.300,,.813,,3.4,,0.4,,,"Oct 19, 1924",Hackensack,New Jersey ,US,NBA,1949-50
Horace Jenkins,1,2005,2005,15,104,15,45,0,9,12,13,3,9,9,5,1,7,6,42,.333,.000,.923,6.9,2.8,0.6,0.6,0.3,0.1,"Oct 14, 1974",Elizabeth,New Jersey ,US,NBA,2004-05
Dahntay Jones,13,2004,2017,624,9799,1203,2739,107,325,840,1118,252,1082,529,261,144,507,1206,3353,.439,.329,.751,15.7,5.4,1.7,0.8,0.4,0.2,"Dec 27, 1980",Trenton,New Jersey ,US,NBA,2003-04
Mike Kearns,1,1955,1955,6,25,0,5,,,1,4,,3,5,,,,1,1,.000,,.250,4.2,0.2,0.5,0.8,,,"Jun 18, 1929",Trenton,New Jersey ,US,NBA,1954-55
Gary Keller,2,1968,1969,122,1714,262,675,0,5,211,334,74,550,47,,,128,270,735,.388,.000,.632,14.0,6.0,4.5,0.4,,,"Jun 13, 1944",Elizabeth,New Jersey ,US,NBA,1967-68
Jerry Kelly,2,1947,1948,46,,94,323,,,74,112,,,21,,,,131,262,.291,,.661,,5.7,,0.5,,,"Jun 14, 1918",Union City,New Jersey ,US,NBA,1946-47
Tom Kerwin,1,1968,1968,13,68,7,22,0,0,0,2,,20,1,,,2,5,14,.318,,.000,5.2,1.1,1.5,0.1,,,"Jul 19, 1944",Newark,New Jersey ,US,NBA,1967-68
Jack Kiley,2,1952,1953,53,504,46,203,,,32,56,,51,65,,,,61,124,.227,,.571,9.5,2.3,1.0,1.2,,,"Jan 5, 1929",Irvington,New Jersey ,US,NBA,1951-52
Chad Kinch,1,1981,1981,41,353,52,141,0,0,14,18,7,33,45,11,6,30,33,118,.369,,.778,8.6,2.9,0.8,1.1,0.3,0.1,"May 22, 1958",Perth Amboy,New Jersey ,US,NBA,1980-81
Louis King,4,2020,2023,27,280,48,115,20,57,13,20,8,44,25,12,4,8,37,129,.417,.351,.650,10.4,4.8,1.6,0.9,0.4,0.1,"Apr 6, 1999",Seacaucus,New Jersey ,US,NBA,2019-20
Brandin Knight,1,2005,2005,1,3,0,1,0,0,0,0,0,0,1,0,0,0,0,0,.000,,,3.0,0.0,0.0,1.0,0.0,0.0,"Dec 16, 1981",Livingston,New Jersey ,US,NBA,2004-05
Brevin Knight,12,1998,2009,729,18176,2019,4897,16,119,1288,1632,282,1785,4481,1229,87,1367,1856,5342,.412,.134,.789,24.9,7.3,2.4,6.1,1.7,0.1,"Nov 8, 1975",Livingston,New Jersey ,US,NBA,1997-98
Player,Yrs,0,To,G,MP,FG,FGA,3P,3PA,FT,FTA,ORB,TRB,AST,STL,BLK,TOV,PF,PTS,FG%,3P%,FT%,MP,PTS,TRB,AST,STL,BLK,Date,City,New Jersey ,US,NBA,-1-
Andy Kostecka,1,1949,1949,21,,46,110,,,43,70,,,14,,,,48,135,.418,,.614,,6.4,,0.7,,,"Feb 10, 1921",Newark,New Jersey ,US,NBA,1948-49
Herb Krautblatt,1,1949,1949,10,,4,18,,,5,11,,,4,,,,14,13,.222,,.455,,1.3,,0.4,,,"Nov 19, 1926",Newark,New Jersey ,US,NBA,1948-49
Mo Layton,5,1972,1978,267,4494,773,1725,0,0,299,399,23,357,706,51,12,66,533,1845,.448,,.749,16.8,6.9,1.3,2.6,0.4,0.1,"Dec 24, 1948",Newark,New Jersey ,US,NBA,1971-72
George Lehmann,7,1968,1974,376,9712,1616,3863,409,1121,817,971,151,619,1677,13,4,960,859,4458,.418,,.841,25.8,11.9,1.6,4.5,0.4,0.1,"May 1, 1941",Riverside,New Jersey ,US,NBA,1967-68
Seth Lundy,1,2024,2024,9,52,4,17,3,13,3,4,1,7,0,0,0,1,6,14,.235,.231,.750,5.8,1.6,0.8,0.0,0.0,0.0,"Apr 2, 2000",Paulsboro,New Jersey ,US,NBA,2023-24
John Mahnken,7,1947,1953,414,1352,966,3557,,,456,702,,533,539,,,,1143,2388,.272,,.650,10.5,5.8,2.9,1.3,,,"Jun 16, 1922",Jersey City,New Jersey ,US,NBA,1946-47
Naji Marshall,5,2021,2025,275,5598,808,1809,215,687,399,507,197,989,580,204,50,308,400,2230,.447,.313,.787,20.4,8.1,3.6,2.1,0.7,0.2,"Jan 24, 1998",Atlantic City,New Jersey ,US,NBA,2020-21
Bob McCann,5,1990,1998,178,2385,296,618,1,5,146,253,154,468,104,80,79,134,349,739,.479,.200,.577,13.4,4.2,2.6,0.6,0.4,0.4,"Apr 22, 1964",Morristown,New Jersey ,US,NBA,1989-90
Bucky McConnell,1,1953,1953,14,297,27,71,,,14,29,,34,41,,,,39,68,.380,,.483,21.2,4.9,2.4,2.9,,,"Jul 1, 1928",,New Jersey ,US,NBA,1952-53
Forrest McKenzie,1,1987,1987,6,42,7,28,1,2,2,2,2,7,1,1,0,3,9,17,.250,.500,1.000,7.0,2.8,1.2,0.2,0.2,0.0,"Feb 16, 1963",Camden,New Jersey ,US,NBA,1986-87
Roshown McLeod,3,1999,2001,113,2130,338,827,5,45,136,166,91,308,124,41,14,140,198,817,.409,.111,.819,18.8,7.2,2.7,1.1,0.4,0.1,"Nov 17, 1975",Jersey City,New Jersey ,US,NBA,1998-99
Gary Melchionni,2,1974,1975,137,2780,434,978,,,206,248,91,329,298,89,21,,201,1074,.444,,.831,20.3,7.8,2.4,2.2,0.6,0.2,"Jan 19, 1951",Camden,New Jersey ,US,NBA,1973-74
Dariq Whitehead,2,2024,2025,11,81,13,30,11,24,2,5,1,10,4,3,2,6,2,39,.433,.458,.400,7.4,3.5,0.9,0.4,0.3,0.2,"Aug 1, 2004",Newark,New Jersey ,US,NBA,2023-24
Justin Minaya,3,2023,2025,44,488,29,98,15,61,5,10,35,74,27,12,15,13,47,78,.296,.246,.500,11.1,1.8,1.7,0.6,0.3,0.3,"Mar 26, 1999",Harrington Park,New Jersey ,US,NBA,2022-23
Glenn Mosley,2,1978,1979,32,242,36,88,,,26,45,27,69,21,8,10,25,40,98,.409,,.578,7.6,3.1,2.2,0.7,0.3,0.3,"Dec 26, 1955",Newark,New Jersey ,US,NBA,1977-78
Xavier Munford,2,2016,2018,20,265,33,83,9,25,8,16,4,32,26,14,3,17,29,83,.398,.360,.500,13.3,4.2,1.6,1.3,0.7,0.2,"Jun 1, 1992",Hillside,New Jersey ,US,NBA,2015-16
Eric Murdock,9,1992,2000,508,11882,1889,4310,296,863,1044,1329,339,1261,2467,830,69,991,981,5118,.438,.343,.786,23.4,10.1,2.5,4.9,1.6,0.1,"Jun 14, 1968",Somerville,New Jersey ,US,NBA,1991-92
Troy Murphy,12,2002,2013,729,19921,2848,6400,613,1578,1551,1977,1373,5708,1088,478,294,886,1890,7860,.445,.388,.785,27.3,10.8,7.8,1.5,0.7,0.4,"May 2, 1980",Morristown,New Jersey ,US,NBA,2001-02
Ken Murray,3,1951,1955,181,2118,541,1617,,,389,521,,599,482,,,,350,1471,.335,,.747,18.4,8.1,3.3,2.7,,,"Apr 20, 1928",West Orange,New Jersey ,US,NBA,1950-51
Cotton Nash,2,1965,1968,84,1143,153,450,0,1,164,214,,273,65,,,49,120,470,.340,,.766,13.6,5.6,3.3,0.8,,,"Jul 24, 1942",Jersey City,New Jersey ,US,NBA,1964-65
Player,Yrs,0,To,G,MP,FG,FGA,3P,3PA,FT,FTA,ORB,TRB,AST,STL,BLK,TOV,PF,PTS,FG%,3P%,FT%,MP,PTS,TRB,AST,STL,BLK,Date,City,New Jersey ,US,NBA,-1-
Al Negratti,1,1947,1947,11,,13,69,,,5,8,,,5,,,,20,31,.188,,.625,,2.8,,0.5,,,"Jun 12, 1921",,New Jersey ,US,NBA,1946-47
Tommy O'Keefe,1,1951,1951,6,,10,28,,,3,4,,7,10,,,,5,23,.357,,.750,,3.8,1.2,1.7,,,"Jun 3, 1928",Jersey City,New Jersey ,US,NBA,1950-51
Mike O'Koren,8,1981,1988,407,8810,1449,2960,35,129,422,648,489,1391,856,311,89,541,894,3355,.490,.271,.651,21.6,8.2,3.4,2.1,0.8,0.2,"Feb 7, 1958",Jersey City,New Jersey ,US,NBA,1980-81
Shaquille O'Neal*,19,1993,2011,1207,41918,11330,19457,1,22,5935,11252,4209,13099,3026,739,2732,3310,4146,28596,.582,.045,.527,34.7,23.7,10.9,2.5,0.6,2.3,"Mar 6, 1972",Newark,New Jersey ,US,NBA,1992-93
Joe Pace,2,1977,1978,79,557,91,195,,,73,122,66,168,27,14,38,44,115,255,.467,,.598,7.1,3.2,2.1,0.3,0.2,0.5,"Dec 18, 1953",New Brunswick,New Jersey ,US,NBA,1976-77
Togo Palazzi,6,1955,1960,324,4344,937,2429,,,508,696,,1113,233,,,,570,2382,.386,,.730,13.4,7.4,3.4,0.7,,,"Aug 8, 1932",Union City,New Jersey ,US,NBA,1954-55
Billy Paultz,15,1971,1985,1124,30392,5434,10933,0,17,2231,3231,2384,8959,2206,455,1457,1860,2973,13099,.497,,.690,27.0,11.7,8.0,2.0,0.5,1.5,"Jul 30, 1948",River Edge,New Jersey ,US,NBA,1970-71
Aulcie Perry,1,1975,1975,21,415,81,186,0,1,19,30,40,105,20,12,16,34,58,181,.435,.000,.633,19.8,8.6,5.0,1.0,0.6,0.8,"Jul 3, 1950",Newark,New Jersey ,US,NBA,1974-75
Tim Perry,8,1989,1996,481,9436,1313,2710,92,289,565,872,727,1911,436,221,414,491,800,3283,.485,.318,.648,19.6,6.8,4.0,0.9,0.5,0.9,"Jun 4, 1965",Freehold,New Jersey ,US,NBA,1988-89
Kasib Powell,1,2008,2008,11,304,35,95,8,33,6,9,8,44,18,9,2,5,18,84,.368,.242,.667,27.6,7.6,4.0,1.6,0.8,0.2,"Mar 18, 1981",Teaneck,New Jersey ,US,NBA,2007-08
Myles Powell,1,2022,2022,11,52,5,17,1,6,2,2,1,6,3,1,0,3,8,13,.294,.167,1.000,4.7,1.2,0.5,0.3,0.1,0.0,"Jul 7, 1997",Trenton,New Jersey ,US,NBA,2021-22
A.J. Price,6,2010,2015,261,3929,549,1444,218,690,207,279,68,377,567,125,9,229,237,1523,.380,.316,.742,15.1,5.8,1.4,2.2,0.5,0.0,"Oct 7, 1986",Orange,New Jersey ,US,NBA,2009-10
Ray Radziszewski,1,1958,1958,1,6,0,3,,,0,0,,2,1,,,,1,0,.000,,,6.0,0.0,2.0,1.0,,,"Mar 1, 1935",Jersey City,New Jersey ,US,NBA,1957-58
Davon Reed,4,2018,2023,122,1299,136,333,67,174,34,51,28,212,92,50,15,47,122,373,.408,.385,.667,10.6,3.1,1.7,0.8,0.4,0.1,"Jun 11, 1995",Princeton,New Jersey ,US,NBA,2017-18
Richie Regan,3,1956,1958,215,5494,699,2030,,,387,540,,554,629,,,,532,1785,.344,,.717,25.6,8.3,2.6,2.9,,,"Nov 30, 1930",Newark,New Jersey ,US,NBA,1955-56
Naz Reid,6,2020,2025,383,7814,1664,3373,522,1379,551,754,425,1831,478,240,350,446,919,4401,.493,.379,.731,20.4,11.5,4.8,1.2,0.6,0.9,"Aug 26, 1999",Asbury Park,New Jersey ,US,NBA,2019-20
Rodrick Rhodes,3,1998,2000,72,1234,125,360,3,15,127,205,38,88,121,69,12,119,146,380,.347,.200,.620,17.1,5.3,1.2,1.7,1.0,0.2,"Sep 24, 1973",Jersey City,New Jersey ,US,NBA,1997-98
Malachi Richardson,3,2017,2019,70,625,67,187,28,93,36,46,10,70,24,16,2,26,63,198,.358,.301,.783,8.9,2.8,1.0,0.3,0.2,0.0,"Jan 5, 1996",Trenton,New Jersey ,US,NBA,2016-17
David Rivers,3,1989,1992,114,1286,139,349,1,12,104,131,53,147,282,61,10,166,117,383,.398,.083,.794,11.3,3.4,1.3,2.5,0.5,0.1,"Jan 20, 1965",Jersey City,New Jersey ,US,NBA,1988-89
Dennis Rodman*,14,1987,2000,911,28839,2766,5310,82,355,1069,1832,4329,11954,1600,611,531,1484,2843,6683,.521,.231,.584,31.7,7.3,13.1,1.8,0.7,0.6,"May 13, 1961",Trenton,New Jersey ,US,NBA,1986-87
Player,Yrs,0,To,G,MP,FG,FGA,3P,3PA,FT,FTA,ORB,TRB,AST,STL,BLK,TOV,PF,PTS,FG%,3P%,FT%,MP,PTS,TRB,AST,STL,BLK,Date,City,New Jersey ,US,NBA,-1-
Lou Roe,2,1996,1997,66,479,46,138,5,20,33,51,37,92,21,13,9,28,52,130,.333,.250,.647,7.3,2.0,1.4,0.3,0.2,0.1,"Jul 14, 1972",Atlantic City,New Jersey ,US,NBA,1995-96
Brian Rowsom,3,1988,1990,82,1092,158,347,2,3,139,170,101,273,47,29,23,44,130,457,.455,.667,.818,13.3,5.6,3.3,0.6,0.4,0.3,"Oct 23, 1965",Newark,New Jersey ,US,NBA,1987-88
Pep Saul,6,1950,1955,384,6219,781,2170,,,590,798,,683,596,,,,687,2152,.360,,.739,23.0,5.6,2.0,1.6,,,"Feb 16, 1924",West Orange,New Jersey ,US,NBA,1949-50
Ben Scharnus,2,1947,1949,52,,33,166,,,37,60,,,19,,,,83,103,.199,,.617,,2.0,,0.4,,,"Dec 11, 1917",Newark,New Jersey ,US,NBA,1946-47
Herb Scherer,2,1951,1952,32,167,43,149,,,29,49,,76,23,,,,81,115,.289,,.592,13.9,3.6,2.4,0.7,,,"Dec 21, 1928",Maplewood,New Jersey ,US,NBA,1950-51
James Scott,1,1997,1997,8,32,0,8,0,4,1,2,1,6,3,2,0,2,5,1,.000,.000,.500,4.0,0.1,0.8,0.4,0.3,0.0,"Jun 6, 1972",Paterson,New Jersey ,US,NBA,1996-97
Connie Simmons,10,1947,1956,598,7036,2180,6211,,,1499,2211,,2294,940,,,,1843,5859,.351,,.678,22.9,9.8,6.2,1.6,,,"Mar 15, 1925",Newark,New Jersey ,US,NBA,1946-47
Chris Smith,1,2014,2014,2,2,0,0,0,0,0,0,0,0,0,0,0,0,0,0,,,,1.0,0.0,0.0,0.0,0.0,0.0,"Oct 13, 1987",Millstone Township,New Jersey ,US,NBA,2013-14
J.R. Smith,16,2005,2020,977,26275,4380,10465,1930,5178,1458,1990,494,3073,2077,974,204,1315,2191,12148,.419,.373,.733,26.9,12.4,3.1,2.1,1.0,0.2,"Sep 9, 1985",Freehold,New Jersey ,US,NBA,2004-05
Jim Spanarkel,5,1980,1984,259,5290,844,1796,12,48,805,941,300,652,572,248,38,399,495,2505,.470,.250,.855,20.4,9.7,2.5,2.2,1.0,0.1,"Jun 28, 1957",Jersey City,New Jersey ,US,NBA,1979-80
Art Spector,4,1947,1950,169,,322,1149,,,208,362,,,143,,,,351,852,.280,,.575,,5.0,,0.8,,,"Oct 17, 1918",Camden,New Jersey ,US,NBA,1946-47
Dick Surhoff,2,1953,1954,58,545,56,190,,,66,92,,94,32,,,,89,178,.295,,.717,9.4,3.1,1.6,0.6,,,"Nov 16, 1929",Union City,New Jersey ,US,NBA,1952-53
Brian Taylor,10,1973,1982,601,19149,3190,6468,211,593,1277,1637,616,1608,2478,1106,152,1034,1696,7868,.493,,.780,31.9,13.1,2.7,4.1,2.1,0.3,"Jun 9, 1951",Perth Amboy,New Jersey ,US,NBA,1972-73
Tyshawn Taylor,2,2013,2014,61,491,63,178,9,25,39,57,5,33,57,25,1,56,54,174,.354,.360,.684,8.0,2.9,0.5,0.9,0.4,0.0,"Apr 12, 1990",Hoboken,New Jersey ,US,NBA,2012-13
Tim Thomas,13,1998,2010,824,21336,3458,7922,962,2609,1576,2079,807,3379,1272,609,300,1217,2261,9454,.437,.369,.758,25.9,11.5,4.1,1.5,0.7,0.4,"Feb 26, 1977",Paterson,New Jersey ,US,NBA,1997-98
Billy Thompson,6,1987,1992,300,6697,1074,2128,2,13,416,617,670,1615,514,158,272,529,817,2566,.505,.154,.674,22.3,8.6,5.4,1.7,0.5,0.9,"Dec 1, 1963",Camden,New Jersey ,US,NBA,1986-87
Jason Thompson,8,2009,2016,588,14819,2112,4255,6,42,980,1492,1264,3880,635,283,414,747,1751,5210,.496,.143,.657,25.2,8.9,6.6,1.1,0.5,0.7,"Jul 21, 1986",Camden,New Jersey ,US,NBA,2008-09
Karl-Anthony Towns,10,2016,2025,625,21278,5289,10089,1083,2702,2751,3281,1751,6916,1983,505,760,1687,2128,14412,.524,.401,.838,34.0,23.1,11.1,3.2,0.8,1.2,"Nov 15, 1995",Edison,New Jersey ,US,NBA,2015-16
Kelly Tripucka,10,1982,1991,707,20959,4434,9380,168,465,3106,3660,937,2703,2090,678,137,1697,1634,12142,.473,.361,.849,29.6,17.2,3.8,3.0,1.0,0.2,"Feb 16, 1959",Glen Ridge,New Jersey ,US,NBA,1981-82
Butch van Breda Kolff,4,1947,1950,175,,242,794,,,342,511,,,256,,,,350,826,.305,,.669,,4.7,,1.5,,,"Oct 28, 1922",Glen Ridge,New Jersey ,US,NBA,1946-47
Player,Yrs,0,To,G,MP,FG,FGA,3P,3PA,FT,FTA,ORB,TRB,AST,STL,BLK,TOV,PF,PTS,FG%,3P%,FT%,MP,PTS,TRB,AST,STL,BLK,Date,City,New Jersey ,US,NBA,-1-
Bob Verga,6,1968,1974,342,10754,2614,5964,127,429,1563,2086,576,1336,1004,12,0,991,1004,6918,.438,,.749,31.4,20.2,3.9,2.9,0.6,0.0,"Sep 7, 1945",Neptune,New Jersey ,US,NBA,1967-68
Dajuan Wagner,4,2003,2007,103,2202,354,967,92,287,164,213,29,142,195,69,14,136,212,964,.366,.321,.770,21.4,9.4,1.4,1.9,0.7,0.1,"Feb 4, 1983",Camden,New Jersey ,US,NBA,2002-03
Milt Wagner,2,1988,1991,53,496,86,204,8,27,35,40,4,35,76,8,7,34,56,215,.422,.296,.875,9.4,4.1,0.7,1.4,0.2,0.1,"Feb 20, 1963",Camden,New Jersey ,US,NBA,1987-88
Jameel Warney,1,2018,2018,3,27,7,12,0,0,3,5,4,9,0,0,0,1,2,17,.583,,.600,9.0,5.7,3.0,0.0,0.0,0.0,"Jan 31, 1994",New Brunswick,New Jersey ,US,NBA,2017-18
Darryl Watkins,2,2008,2012,14,169,12,29,0,0,11,23,13,39,3,7,6,15,22,35,.414,,.478,12.1,2.5,2.8,0.2,0.5,0.4,"Nov 8, 1984",Paterson,New Jersey ,US,NBA,2007-08
Elnardo Webster,1,1972,1972,24,237,50,109,1,4,21,29,15,44,16,,,35,39,122,.459,.250,.724,9.9,5.1,1.8,0.7,,,"Mar 6, 1948",Jersey City,New Jersey ,US,NBA,1971-72
David West,15,2004,2018,1034,29144,5703,11519,57,215,2571,3148,1784,6590,2273,764,850,1660,2408,14034,.495,.265,.817,28.2,13.6,6.4,2.2,0.7,0.8,"Aug 29, 1980",Teaneck,New Jersey ,US,NBA,2003-04
Clinton Wheeler,2,1988,1989,87,867,107,219,0,1,40,54,36,71,157,63,2,76,63,254,.489,.000,.741,10.0,2.9,0.8,1.8,0.7,0.0,"Oct 27, 1959",Neptune,New Jersey ,US,NBA,1987-88
Eric Williams,12,1996,2007,658,15731,1865,4490,219,688,1693,2301,704,2139,936,548,103,789,1596,5642,.415,.318,.736,23.9,8.6,3.3,1.4,0.8,0.2,"Jul 17, 1972",Newark,New Jersey ,US,NBA,1995-96
Jay Williams,1,2003,2003,75,1961,273,685,65,202,103,161,27,195,350,86,17,171,179,714,.399,.322,.640,26.1,9.5,2.6,4.7,1.1,0.2,"Sep 10, 1981",Plainfield,New Jersey ,US,NBA,2002-03
Bill Willoughby,8,1976,1984,488,8647,1224,2606,10,37,472,629,685,1891,413,209,292,390,964,2930,.470,,.750,17.7,6.0,3.9,0.8,0.4,0.6,"May 20, 1957",Englewood,New Jersey ,US,NBA,1975-76
Garry Witts,1,1982,1982,46,493,49,84,1,2,33,40,29,62,38,17,4,35,74,132,.583,.500,.825,10.7,2.9,1.3,0.8,0.4,0.1,"Jul 3, 1959",Elizabeth,New Jersey ,US,NBA,1981-82
Isaiah Wong,2,2024,2025,21,269,42,108,13,34,25,34,14,32,28,11,0,18,21,122,.389,.382,.735,12.8,5.8,1.5,1.3,0.5,0.0,"Jan 28, 2001",Piscataway,New Jersey ,US,NBA,2023-24
Lonnie Wright,5,1968,1972,335,8707,1443,3544,111,435,593,822,199,913,641,,,464,983,3590,.407,.255,.721,26.0,10.7,2.7,1.9,,,"Jan 23, 1945",Newark,New Jersey ,US,NBA,1967-68
Luther Wright,1,1994,1994,15,92,8,23,0,1,3,4,6,10,0,1,2,6,21,19,.348,.000,.750,6.1,1.3,0.7,0.0,0.1,0.1,"Sep 22, 1971",Jersey City,New Jersey ,US,NBA,1993-94
Bill Bridges,13,1963,1975,926,30878,4181,9463,,,2650,3824,257,11054,2553,69,36,,3375,11012,0.442,,0.693,33.3,11.9,11.9,2.8,0.7,0.4,"Apr 4, 1939",Hobbs,New Mexico ,US,NBA,1962-63
Cedric Jackson,1,2010,2010,12,74,6,20,1.0,6.0,7,12,2,8,14,3,2,11.0,7,20,0.3,0.167,0.583,6.2,1.7,0.7,1.2,0.3,0.2,"Mar 5, 1986",Alamogordo,New Mexico ,US,NBA,2009-10
Damion James,4,2011,2014,39,623,61,147,0.0,6.0,28,42,25,131,26,23,20,38.0,56,150,0.415,0.0,0.667,16.0,3.8,3.4,0.7,0.6,0.5,"Oct 7, 1987",Hobbs,New Mexico ,US,NBA,2010-11
Alex Kirk,1,2015,2015,5,14,1,4,0.0,0.0,2,2,1,1,1,0,0,0.0,1,4,0.25,,1.0,2.8,0.8,0.2,0.2,0.0,0.0,"Nov 14, 1991",Los Alamos,New Mexico ,US,NBA,2014-15
Matt Othick,1,1993,1993,4,39,3,5,2.0,4.0,0,2,1,2,7,1,0,4.0,7,8,0.6,0.5,0.0,9.8,2.0,0.5,1.8,0.3,0.0,"Mar 16, 1969",Clovis,New Mexico ,US,NBA,1992-93
Andre Roberson,7,2014,2021,307,6801,573,1211,112.0,443.0,124,265,362,1230,265,268,199,185.0,658,1382,0.473,0.253,0.468,22.2,4.5,4.0,0.9,0.9,0.6,"Dec 4, 1991",Las Cruces,New Mexico ,US,NBA,2013-14
Rudy White,5,1976,1981,124,1185,156,382,0.0,1.0,72,97,35,120,112,52,7,42.0,126,384,0.408,,0.742,9.6,3.1,1.0,0.9,0.4,0.1,"Jun 23, 1953",Silver City,New Mexico ,US,NBA,1975-76
Zaid Abdul-Aziz,10,1969,1978,505,11023,1769,4138,,,1019,1400,503,4065,601,131,205,14,1120,4557,.428,,.728,21.8,9.0,8.0,1.2,0.6,1.0,"Apr 7, 1946",Brooklyn,New York ,US,NBA,1968-69
Kareem Abdul-Jabbar*,20,1970,1989,1560,57446,15837,28307,1,18,6712,9304,2975,17440,5660,1160,3189,2527,4657,38387,.559,,.721,36.8,24.6,11.2,3.6,0.9,2.6,"Apr 16, 1947",New York,New York ,US,NBA,1969-70
Don Ackerman,1,1954,1954,28,220,14,63,,,15,28,,15,23,,,,43,43,.222,,.536,7.9,1.5,0.5,0.8,,,"Sep 4, 1930",New York,New York ,US,NBA,1953-54
Rawle Alkins,1,2019,2019,10,120,13,39,3,12,8,12,11,26,13,1,0,8,7,37,.333,.250,.667,12.0,3.7,2.6,1.3,0.1,0.0,"Oct 29, 1997",Brooklyn,New York ,US,NBA,2018-19
Derrick Alston,3,1995,1997,139,2657,318,650,1,7,114,234,228,525,94,95,87,112,298,751,.489,.143,.487,19.1,5.4,3.8,0.7,0.7,0.6,"Aug 20, 1972",Bronx,New York ,US,NBA,1994-95
Rafer Alston,11,2000,2010,671,19392,2450,6391,996,2815,903,1238,247,1891,3202,813,105,1195,1408,6799,.383,.354,.729,28.9,10.1,2.8,4.8,1.2,0.2,"Jul 24, 1976",New York,New York ,US,NBA,1999-00
Jose Alvarado,4,2022,2025,204,3950,587,1401,264,743,169,225,94,449,604,242,41,199,351,1607,.419,.355,.751,19.4,7.9,2.2,3.0,1.2,0.2,"Apr 12, 1998",Brooklyn,New York ,US,NBA,2021-22
Andy Anderson,3,1968,1970,194,4786,803,1958,10,63,465,616,191,527,327,,,316,462,2081,.410,.159,.755,24.7,10.7,2.7,1.7,,,"Jul 6, 1945",Buffalo,New York ,US,NBA,1967-68
Kenny Anderson,14,1992,2005,858,25868,4002,9512,547,1580,2238,2833,670,2641,5196,1258,111,1769,1974,10789,.421,.346,.790,30.1,12.6,3.1,6.1,1.5,0.1,"Oct 9, 1970",Queens,New York ,US,NBA,1991-92
Kyle Anderson,11,2015,2025,693,14919,1851,3881,285,841,738,1037,535,2988,1920,685,430,698,1072,4725,.477,.339,.712,21.5,6.8,4.3,2.8,1.0,0.6,"Sep 20, 1993",New York,New York ,US,NBA,2014-15
Carmelo Anthony,19,2004,2022,1260,43514,10119,22643,1731,4873,6320,7764,1983,7808,3422,1223,644,3052,3543,28289,.447,.355,.814,34.5,22.5,6.2,2.7,1.0,0.5,"May 29, 1984",Brooklyn,New York ,US,NBA,2003-04
Tiny Archibald*,13,1971,1984,876,31159,5899,12628,19,85,4664,5760,344,2046,6476,719,81,1123,2002,16481,.467,,.810,35.6,18.8,2.3,7.4,1.1,0.1,"Sep 2, 1948",New York,New York ,US,NBA,1970-71
Joe Arlauckas,1,1988,1988,9,85,14,43,0,0,6,8,6,13,8,3,4,4,16,34,.326,,.750,9.4,3.8,1.4,0.9,0.3,0.4,"Jul 20, 1965",Rochester,New York ,US,NBA,1987-88
Hilton Armstrong,6,2007,2014,292,3378,347,693,2,7,184,316,292,766,102,90,142,230,544,880,.501,.286,.582,11.6,3.0,2.6,0.3,0.3,0.5,"Nov 11, 1984",Peekskill,New York ,US,NBA,2006-07
Jesse Arnelle,1,1956,1956,31,409,52,164,,,43,69,,170,18,,,,60,147,.317,,.623,13.2,4.7,5.5,0.6,,,"Dec 30, 1933",New Rochelle,New York ,US,NBA,1955-56
Johnny Bach,1,1949,1949,34,,34,119,,,51,75,,,25,,,,24,119,.286,,.680,,3.5,,0.7,,,"Jul 10, 1924",Brooklyn,New York ,US,NBA,1948-49
Renaldo Balkman,6,2007,2012,221,3064,368,721,11,64,147,271,278,769,132,164,104,134,421,894,.510,.172,.542,13.9,4.0,3.5,0.6,0.7,0.5,"Jul 14, 1984",Staten Island,New York ,US,NBA,2006-07
Mo Bamba,7,2019,2025,360,6054,949,1989,291,814,262,385,549,1955,304,132,457,286,742,2451,.477,.357,.681,16.8,6.8,5.4,0.8,0.4,1.3,"May 12, 1998",Harlem,New York ,US,NBA,2018-19
Erick Barkley,2,2001,2002,27,266,32,90,4,15,9,10,5,21,40,19,1,17,31,77,.356,.267,.900,9.9,2.9,0.8,1.5,0.7,0.0,"Feb 21, 1978",Queens,New York ,US,NBA,2000-01
Andre Barrett,4,2005,2008,67,819,89,241,17,69,24,33,21,71,135,29,1,47,69,219,.369,.246,.727,12.2,3.3,1.1,2.0,0.4,0.0,"Feb 21, 1982",Bronx,New York ,US,NBA,2004-05
Player,Yrs,0,To,G,MP,FG,FGA,3P,3PA,FT,FTA,ORB,TRB,AST,STL,BLK,TOV,PF,PTS,FG%,3P%,FT%,MP,PTS,TRB,AST,STL,BLK,Date,City,New York ,US,NBA,-1-
Brent Barry,14,1996,2009,912,23643,2896,6301,1395,3442,1301,1581,450,2780,2892,955,253,1289,1754,8488,.460,.405,.823,25.9,9.3,3.0,3.2,1.0,0.3,"Dec 31, 1971",Hempstead,New York ,US,NBA,1995-96
Ed Bartels,2,1950,1951,32,,46,183,,,43,80,,84,32,,,,83,135,.251,,.538,,4.2,4.9,1.0,,,"Oct 8, 1925",New York,New York ,US,NBA,1949-50
Eddie Basden,1,2006,2006,19,141,15,37,1,7,8,10,7,28,8,9,2,9,17,39,.405,.143,.800,7.4,2.1,1.5,0.4,0.5,0.1,"Feb 15, 1983",New York,New York ,US,NBA,2005-06
Ron Behagen,7,1974,1980,388,9131,1594,3750,0,0,789,1047,888,2712,624,290,160,189,1293,3977,.425,,.754,23.5,10.3,7.0,1.6,0.7,0.4,"Jan 14, 1951",New York,New York ,US,NBA,1973-74
Walter Berry,3,1987,1989,205,4863,1201,2227,1,5,479,751,398,971,292,122,151,404,586,2882,.539,.200,.638,23.7,14.1,4.7,1.4,0.6,0.7,"May 14, 1964",New York,New York ,US,NBA,1986-87
Wes Bialosuknia,1,1968,1968,70,1224,238,570,29,73,103,132,,89,57,,,62,101,608,.418,.397,.780,17.5,8.7,1.3,0.8,,,"Jun 8, 1945",Poughkeepsie,New York ,US,NBA,1967-68
Al Bianchi,10,1957,1966,687,13649,2212,5919,,,1126,1592,,1722,1497,,,,2069,5550,.374,,.707,19.9,8.1,2.5,2.2,,,"Mar 26, 1932",Long Island City,New York ,US,NBA,1956-57
Joe Binion,1,1987,1987,11,51,4,10,0,0,6,10,8,18,1,2,2,3,5,14,.400,,.600,4.6,1.3,1.6,0.1,0.2,0.2,"Mar 26, 1961",Rochester,New York ,US,NBA,1986-87
James Blackwell,1,1995,1995,13,80,8,13,0,0,2,3,2,11,11,4,0,5,8,18,.615,,.667,6.2,1.4,0.8,0.8,0.3,0.0,"Feb 25, 1968",Mount Kisco,New York ,US,NBA,1994-95
Antonio Blakeney,2,2018,2019,76,1143,219,539,51,143,80,115,11,139,62,19,10,46,60,569,.406,.357,.696,15.0,7.5,1.8,0.8,0.3,0.1,"Oct 4, 1996",Watertown,New York ,US,NBA,2017-18
Andray Blatche,9,2006,2014,564,12462,2327,4981,52,219,1000,1380,1043,3024,798,492,458,914,1382,5706,.467,.237,.725,22.1,10.1,5.4,1.4,0.9,0.8,"Aug 22, 1986",Syracuse,New York ,US,NBA,2005-06
Mike Bloom,2,1948,1949,93,,209,821,,,216,303,,,70,,,,169,634,.255,,.713,,6.8,,0.8,,,"Jan 14, 1915",New York,New York ,US,NBA,1947-48
Mark Blount,9,2001,2009,605,13981,2020,4011,37,103,864,1195,895,2784,513,327,508,933,1554,4941,.504,.359,.723,23.1,8.2,4.6,0.8,0.5,0.8,"Nov 30, 1975",Dobbs Ferry,New York ,US,NBA,2000-01
Buddy Boeheim,2,2023,2024,20,174,14,56,12,50,10,12,5,16,7,2,1,0,11,50,.250,.240,.833,8.7,2.5,0.8,0.4,0.1,0.1,"Nov 11, 1999",Fayetteville,New York ,US,NBA,2022-23
Bill Bolger,1,1954,1954,20,202,24,59,,,8,13,,36,11,,,,27,56,.407,,.615,10.1,2.8,1.8,0.6,,,"Aug 21, 1931",New York,New York ,US,NBA,1953-54
Curtis Borchardt,2,2004,2005,83,1117,96,228,0,1,66,89,99,278,64,14,46,70,200,258,.421,.000,.742,13.5,3.1,3.3,0.8,0.2,0.6,"Sep 13, 1980",Buffalo,New York ,US,NBA,2003-04
Jim Bostic,1,1978,1978,4,48,12,22,,,2,5,8,16,3,0,0,3,5,26,.545,,.400,12.0,6.5,4.0,0.8,0.0,0.0,"Jan 28, 1953",Brooklyn,New York ,US,NBA,1977-78
James Bouknight,3,2022,2024,79,900,136,375,63,188,48,63,31,133,73,22,7,49,81,383,.363,.335,.762,11.4,4.8,1.7,0.9,0.3,0.1,"Sep 18, 2000",Brooklyn,New York ,US,NBA,2021-22
Harry Boykoff,2,1950,1951,109,,414,1034,,,277,362,,220,209,,,,426,1105,.400,,.765,,10.1,4.6,1.9,,,"Jul 24, 1922",Brooklyn,New York ,US,NBA,1949-50
Steve Bracey,3,1973,1975,187,2853,487,1045,,,167,244,36,291,408,74,6,,323,1141,.466,,.684,15.3,6.1,1.6,2.2,0.6,0.1,"Aug 1, 1950",Brooklyn,New York ,US,NBA,1972-73
Player,Yrs,0,To,G,MP,FG,FGA,3P,3PA,FT,FTA,ORB,TRB,AST,STL,BLK,TOV,PF,PTS,FG%,3P%,FT%,MP,PTS,TRB,AST,STL,BLK,Date,City,New York ,US,NBA,-1-
Elton Brand,17,2000,2016,1058,34910,6599,13185,2,21,3627,4929,3304,9040,2184,940,1828,2060,3115,16827,.500,.095,.736,33.0,15.9,8.5,2.1,0.9,1.7,"Mar 11, 1979",Cortlandt Manor,New York ,US,NBA,1999-00
Jim Brasco,1,1953,1953,20,248,25,94,,,27,34,,24,21,,,,30,77,.266,,.794,12.4,3.9,1.2,1.1,,,"Feb 3, 1931",Brooklyn,New York ,US,NBA,1952-53
Carl Braun*,13,1948,1962,788,18409,3912,10211,,,2801,3484,,2122,2892,,,,2164,10625,.383,,.804,29.8,13.5,3.4,3.7,,,"Sep 25, 1927",Brooklyn,New York ,US,NBA,1947-48
Pete Brennan,1,1959,1959,16,136,13,43,,,14,25,,31,6,,,,15,40,.302,,.560,8.5,2.5,1.9,0.4,,,"Sep 23, 1936",Brooklyn,New York ,US,NBA,1958-59
Tom Brennan,1,1955,1955,11,52,5,11,,,0,0,,5,2,,,,5,10,.455,,,4.7,0.9,0.5,0.2,,,"Aug 6, 1930",Brooklyn,New York ,US,NBA,1954-55
Frank Brickowski,12,1985,1997,731,16278,2873,5538,55,170,1501,2028,1007,3410,1384,644,285,1372,2298,7302,.519,.324,.740,22.3,10.0,4.7,1.9,0.9,0.4,"Aug 14, 1959",Bayville,New York ,US,NBA,1984-85
Aud Brindley,1,1947,1947,12,,14,49,,,6,7,,,1,,,,16,34,.286,,.857,,2.8,,0.1,,,"Dec 31, 1923",Mineola,New York ,US,NBA,1946-47
Dave Britton,1,1981,1981,2,9,2,3,0,0,0,0,0,2,3,1,0,2,2,4,.667,,,4.5,2.0,1.0,1.5,0.5,0.0,"Aug 29, 1958",New York,New York ,US,NBA,1980-81
Chucky Brown,13,1990,2002,694,11962,1712,3487,22,97,679,972,665,2148,549,228,216,537,1177,4125,.491,.227,.699,17.2,5.9,3.1,0.8,0.3,0.3,"Feb 29, 1968",New York,New York ,US,NBA,1989-90
Damone Brown,4,2002,2005,39,351,43,128,4,14,18,27,18,52,19,5,7,31,44,108,.336,.286,.667,9.0,2.8,1.3,0.5,0.1,0.2,"Jun 28, 1979",Buffalo,New York ,US,NBA,2001-02
Ernest Brown,1,2002,2002,3,21,1,6,0,0,1,4,1,6,0,0,1,3,4,3,.167,,.250,7.0,1.0,2.0,0.0,0.0,0.3,"May 17, 1979",Bronx,New York ,US,NBA,2001-02
Larry Brown*,5,1968,1972,376,11309,1384,3357,48,209,1413,1737,191,1005,2509,,,1447,1059,4229,.412,.230,.813,30.1,11.2,2.7,6.7,,,"Sep 14, 1940",Brooklyn,New York ,US,NBA,1967-68
Moses Brown,6,2020,2025,161,1859,325,573,0,0,170,315,297,781,25,51,87,103,227,820,.567,,.540,11.5,5.1,4.9,0.2,0.3,0.5,"Oct 13, 1999",New York,New York ,US,NBA,2019-20
Roger Brown*,8,1968,1975,605,21454,3860,8227,312,971,2466,3116,1019,3758,2315,103,81,1494,1929,10498,.469,.321,.791,35.5,17.4,6.2,3.8,0.7,0.6,"May 22, 1942",Brooklyn,New York ,US,NBA,1967-68
George Bruns,1,1973,1973,13,236,31,66,2,4,22,27,1,8,36,,,20,26,86,.470,.500,.815,18.2,6.6,0.6,2.8,,,"Aug 30, 1946",Brooklyn,New York ,US,NBA,1972-73
Rick Brunson,9,1998,2006,337,4533,397,1050,100,276,196,283,85,447,876,201,21,356,362,1090,.378,.362,.693,13.5,3.2,1.3,2.6,0.6,0.1,"Jun 14, 1972",Syracuse,New York ,US,NBA,1997-98
Thomas Bryant,8,2018,2025,306,5536,1115,1890,152,426,414,535,441,1615,318,104,217,220,498,2796,.590,.357,.774,18.1,9.1,5.3,1.0,0.3,0.7,"Jul 31, 1997",Rochester,New York ,US,NBA,2017-18
George Bucci,1,1976,1976,33,237,50,124,0,4,28,41,15,37,15,12,3,22,19,128,.403,.000,.683,7.2,3.9,1.1,0.5,0.4,0.1,"Jul 9, 1953",Cornwall,New York ,US,NBA,1975-76
Dick Bunt,1,1953,1953,26,271,29,105,,,34,48,,28,17,,,,40,92,.276,,.708,10.4,3.5,1.1,0.7,,,"Jul 13, 1930",Queens,New York ,US,NBA,1952-53
Steve Burtt,4,1985,1993,101,1121,218,512,2,14,146,210,28,92,123,49,13,110,195,584,.426,.143,.695,11.1,5.8,0.9,1.2,0.5,0.1,"Nov 5, 1962",New York,New York ,US,NBA,1984-85
Player,Yrs,0,To,G,MP,FG,FGA,3P,3PA,FT,FTA,ORB,TRB,AST,STL,BLK,TOV,PF,PTS,FG%,3P%,FT%,MP,PTS,TRB,AST,STL,BLK,Date,City,New York ,US,NBA,-1-
Marty Byrnes,4,1979,1983,263,4254,585,1264,15,46,310,421,248,586,409,102,34,275,418,1495,.463,,.736,16.2,5.7,2.2,1.6,0.4,0.1,"Apr 30, 1956",Syracuse,New York ,US,NBA,1978-79
Rick Carlisle,5,1985,1990,188,1461,178,422,11,48,55,71,44,141,201,42,9,120,187,422,.422,.229,.775,7.8,2.2,0.8,1.1,0.2,0.0,"Oct 27, 1959",Ogdensburg,New York ,US,NBA,1984-85
George Carter,8,1968,1976,479,16234,3275,7352,49,163,2084,2564,1181,3243,959,164,48,1214,1632,8683,.445,,.813,33.9,18.1,6.8,2.0,1.0,0.3,"Jan 10, 1944",Buffalo,New York ,US,NBA,1967-68
Reggie Carter,2,1981,1982,135,1459,178,459,0,3,115,149,65,164,206,58,8,116,192,471,.388,.000,.772,10.8,3.5,1.2,1.5,0.4,0.1,"Oct 10, 1957",New York,New York ,US,NBA,1980-81
Troy Caupain,1,2019,2019,4,16,4,8,2,3,0,0,1,3,4,1,0,0,0,10,.500,.667,,4.0,2.5,0.8,1.0,0.3,0.0,"Nov 29, 1995",New York,New York ,US,NBA,2018-19
Duane Causwell,11,1991,2001,541,9409,1029,2029,2,7,588,952,794,2273,243,220,767,500,1471,2648,.507,.286,.618,17.4,4.9,4.2,0.4,0.4,1.4,"May 31, 1968",Queens Village,New York ,US,NBA,1990-91
Tyler Cavanaugh,2,2018,2019,50,557,70,162,33,94,19,23,48,135,28,9,4,15,64,192,.432,.351,.826,11.1,3.8,2.7,0.6,0.2,0.1,"Feb 9, 1994",Syracuse,New York ,US,NBA,2017-18
Al Cervi*,4,1950,1953,202,1151,405,1128,,,781,931,,261,648,,,,669,1591,.359,,.839,12.4,7.9,1.8,3.2,,,"Feb 12, 1917",Buffalo,New York ,US,NBA,1949-50
Lionel Chalmers,1,2005,2005,36,433,42,125,12,49,15,24,4,31,51,13,0,24,30,111,.336,.245,.625,12.0,3.1,0.9,1.4,0.4,0.0,"Nov 10, 1980",Albany,New York ,US,NBA,2004-05
Julian Champagnie,3,2023,2025,146,3121,412,982,256,690,140,166,95,480,183,100,71,120,179,1220,.420,.371,.843,21.4,8.4,3.3,1.3,0.7,0.5,"Jun 29, 2001",Staten Island,New York ,US,NBA,2022-23
Justin Champagnie,4,2022,2025,93,1235,177,376,63,181,48,63,114,297,65,52,35,49,116,465,.471,.348,.762,13.3,5.0,3.2,0.7,0.6,0.4,"Jun 29, 2001",Brooklyn,New York ,US,NBA,2021-22
Lorenzo Charles,1,1986,1986,36,273,49,88,0,0,24,36,13,39,8,2,6,18,37,122,.557,,.667,7.6,3.4,1.1,0.2,0.1,0.2,"Nov 25, 1963",Brooklyn,New York ,US,NBA,1985-86
Derrick Chievous,3,1989,1991,154,2240,399,900,8,33,280,371,160,364,110,77,17,187,247,1086,.443,.242,.755,14.5,7.1,2.4,0.7,0.5,0.1,"Jul 3, 1967",New York,New York ,US,NBA,1988-89
Fred Christ,1,1955,1955,6,48,5,18,,,10,11,,8,7,,,,3,20,.278,,.909,8.0,3.3,1.3,1.2,,,"Aug 6, 1930",Glendale,New York ,US,NBA,1954-55
Steve Chubin,3,1968,1970,226,5596,910,2284,10,51,1074,1310,214,861,885,,,747,753,2904,.398,.196,.820,24.8,12.8,3.8,3.9,,,"Feb 8, 1944",New York,New York ,US,NBA,1967-68
Speedy Claxton,7,2002,2009,334,8548,1126,2753,42,218,802,1053,194,830,1441,503,40,580,827,3096,.409,.193,.762,25.6,9.3,2.5,4.3,1.5,0.1,"May 8, 1978",Queens,New York ,US,NBA,2001-02
Jimmy Collins,2,1971,1972,74,612,118,285,,,45,56,,66,70,,,,54,281,.414,,.804,8.3,3.8,0.9,0.9,,,"Nov 24, 1946",Syracuse,New York ,US,NBA,1970-71
Ed Conlin,7,1956,1962,486,11392,1862,5039,,,1167,1556,,2349,949,,,,1076,4891,.370,,.750,23.4,10.1,4.8,2.0,,,"Sep 2, 1933",Brooklyn,New York ,US,NBA,1955-56
Marty Conlon,9,1992,2000,379,6316,967,1942,15,75,505,687,498,1310,378,148,73,413,684,2454,.498,.200,.735,16.7,6.5,3.5,1.0,0.4,0.2,"Jan 19, 1968",Bronx,New York ,US,NBA,1991-92
Chuck Connors,2,1947,1948,53,,99,393,,,41,87,,,41,,,,134,239,.252,,.471,,4.5,,0.8,,,"Apr 10, 1921",Brooklyn,New York ,US,NBA,1946-47
Player,Yrs,0,To,G,MP,FG,FGA,3P,3PA,FT,FTA,ORB,TRB,AST,STL,BLK,TOV,PF,PTS,FG%,3P%,FT%,MP,PTS,TRB,AST,STL,BLK,Date,City,New York ,US,NBA,-1-
Omar Cook,2,2004,2005,22,213,17,51,0,5,3,6,5,13,46,16,1,16,20,37,.333,.000,.500,9.7,1.7,0.6,2.1,0.7,0.0,"Jan 28, 1982",Brooklyn,New York ,US,NBA,2003-04
Ray Corley,3,1950,1953,102,65,166,546,,,110,183,,82,174,,,,151,442,.304,,.601,8.1,4.3,2.0,1.7,,,"Jan 14, 1928",Staten Island,New York ,US,NBA,1949-50
Larry Costello*,12,1955,1968,706,21198,3095,7068,,,2432,2891,,2705,3215,,,,2326,8622,.438,,.841,30.0,12.2,3.8,4.6,,,"Jul 2, 1931",Minoa,New York ,US,NBA,1954-55
Bob Cousy*,14,1951,1970,924,30165,6168,16468,,,4624,5756,,4786,6955,,,,2242,16960,.375,,.803,35.3,18.4,5.2,7.5,,,"Aug 9, 1928",New York,New York ,US,NBA,1950-51
Freddie Crawford,5,1967,1971,297,5047,832,1864,,,367,617,,746,610,,,,692,2031,.446,,.595,17.0,6.8,2.5,2.1,,,"Dec 23, 1941",New York,New York ,US,NBA,1966-67
Charlie Criss,8,1978,1985,418,8960,1315,3045,19,106,885,1065,130,592,1335,366,21,640,589,3534,.432,,.831,21.4,8.5,1.4,3.2,0.9,0.1,"Nov 6, 1948",Valhalla,New York ,US,NBA,1977-78
Billy Cunningham*,11,1966,1976,770,26844,6140,13587,15,57,4015,5502,485,7981,3305,390,66,508,2845,16310,.452,,.730,34.9,21.2,10.4,4.3,1.8,0.5,"Jun 3, 1943",Brooklyn,New York ,US,NBA,1965-66
Lloyd Daniels,5,1993,1998,200,3549,553,1373,152,481,153,206,183,440,312,102,61,211,298,1411,.403,.316,.743,17.7,7.1,2.2,1.6,0.5,0.3,"Sep 4, 1967",Brooklyn,New York ,US,NBA,1992-93
Charlie Davis,3,1972,1974,144,2653,506,1240,,,275,341,2,219,319,2,0,,344,1287,.408,,.806,18.4,8.9,1.5,2.2,0.3,0.0,"Sep 7, 1949",New York,New York ,US,NBA,1971-72
Mel Davis,4,1974,1977,190,2572,431,1147,,,146,206,228,816,164,66,22,,327,1008,.376,,.709,13.5,5.3,4.3,0.9,0.3,0.1,"Nov 9, 1950",New York,New York ,US,NBA,1973-74
Mike Davis,4,1970,1973,242,4851,933,2201,6,23,571,746,21,511,412,,,36,667,2443,.424,,.765,20.0,10.1,2.1,1.7,,,"Jul 26, 1946",Brooklyn,New York ,US,NBA,1969-70
Terry Dehere,6,1994,1999,402,7305,1082,2632,328,867,743,954,144,588,1034,213,36,617,830,3235,.411,.378,.779,18.2,8.0,1.5,2.6,0.5,0.1,"Sep 12, 1971",New York,New York ,US,NBA,1993-94
Red Dehnert,1,1947,1947,10,,6,15,,,2,6,,,0,,,,8,14,.400,,.333,,1.4,,0.0,,,"Jan 24, 1924",New York,New York ,US,NBA,1946-47
Joe DePre,3,1971,1973,119,2281,331,694,2,10,166,226,73,226,185,,,203,343,830,.477,.200,.735,19.2,7.0,1.9,1.6,,,"Dec 19, 1947",Westbury,New York ,US,NBA,1970-71
Dave Deutsch,1,1967,1967,19,93,6,36,,,9,20,,21,15,,,,17,21,.167,,.450,4.9,1.1,1.1,0.8,,,"May 13, 1945",Brooklyn,New York ,US,NBA,1966-67
Hank DeZonie,1,1951,1951,5,,6,25,,,5,7,,18,9,,,,6,17,.240,,.714,,3.4,3.6,1.8,,,"Feb 12, 1922",New York,New York ,US,NBA,1950-51
Hamidou Diallo,6,2019,2024,265,4918,908,1834,76,277,380,610,269,1009,283,225,76,280,580,2272,.495,.274,.623,18.6,8.6,3.8,1.1,0.8,0.3,"Jul 31, 1998",Queens,New York ,US,NBA,2018-19
Connie Dierking,10,1959,1971,706,15474,2867,6880,,,1360,1951,,4757,1053,,,,2075,7094,.417,,.697,21.9,10.0,6.7,1.5,,,"Oct 2, 1936",Brooklyn,New York ,US,NBA,1958-59
Ike Diogu,6,2006,2012,225,2795,488,958,1,2,371,472,275,689,69,36,65,200,425,1348,.509,.500,.786,12.4,6.0,3.1,0.3,0.2,0.3,"Sep 11, 1983",Buffalo,New York ,US,NBA,2005-06
Fred Diute,1,1955,1955,7,72,2,21,,,7,12,,13,4,,,,12,11,.095,,.583,10.3,1.6,1.9,0.6,,,"Jan 9, 1929",Binghamton,New York ,US,NBA,1954-55
Player,Yrs,0,To,G,MP,FG,FGA,3P,3PA,FT,FTA,ORB,TRB,AST,STL,BLK,TOV,PF,PTS,FG%,3P%,FT%,MP,PTS,TRB,AST,STL,BLK,Date,City,New York ,US,NBA,-1-
Joe Dolhon,2,1950,1951,77,,160,514,,,174,237,,18,174,,,,225,494,.311,,.734,,6.4,1.4,2.3,,,"Jul 9, 1927",Yonkers,New York ,US,NBA,1949-50
Billy Donovan,1,1988,1988,44,364,44,109,0,7,17,21,5,25,87,16,1,42,33,105,.404,.000,.810,8.3,2.4,0.6,2.0,0.4,0.0,"May 30, 1965",Rockville Centre,New York ,US,NBA,1987-88
Quincy Douby,3,2007,2009,143,1535,222,571,68,218,76,86,34,152,93,50,21,87,128,588,.389,.312,.884,10.7,4.1,1.1,0.7,0.3,0.1,"May 16, 1984",Brooklyn,New York ,US,NBA,2006-07
Sonny Dove,5,1968,1972,222,4971,994,2173,6,27,464,717,501,1334,219,,,427,679,2458,.457,,.647,22.4,11.1,6.0,1.0,,,"Aug 16, 1945",Brooklyn,New York ,US,NBA,1967-68
Danny Doyle,1,1963,1963,4,25,6,12,,,4,5,,8,3,,,,4,16,.500,,.800,6.3,4.0,2.0,0.8,,,"Feb 6, 1940",Long Island City,New York ,US,NBA,1962-63
Andre Drummond,13,2013,2025,896,24047,4713,8693,16,132,1776,3672,3735,10907,1093,1127,1143,1615,2579,11218,.542,.121,.484,26.8,12.5,12.2,1.2,1.3,1.3,"Aug 10, 1993",Mount Vernon,New York ,US,NBA,2012-13
Dick Duckett,1,1958,1958,34,424,54,158,,,24,27,,56,47,,,,60,132,.342,,.889,12.5,3.9,1.6,1.4,,,"Mar 25, 1933",Brooklyn,New York ,US,NBA,1957-58
Bob Duffy,3,1963,1965,94,1123,164,414,,,72,111,,104,167,,,,94,400,.396,,.649,11.9,4.3,1.1,1.8,,,"Sep 26, 1940",Cold Spring,New York ,US,NBA,1962-63
Mike Dunleavy,11,1977,1990,438,8428,1311,2809,142,419,732,904,147,689,1723,329,25,713,1013,3496,.467,,.810,19.2,8.0,1.6,3.9,0.8,0.1,"Mar 21, 1954",Brooklyn,New York ,US,NBA,1976-77
Ryan Dunn,1,2025,2025,51,917,130,297,48,157,11,23,48,165,43,21,28,20,112,319,.438,.306,.478,18.0,6.3,3.2,0.8,0.4,0.5,"Jan 7, 2003",New Hyde Park,New York ,US,NBA,2024-25
Dennis DuVal,2,1975,1976,50,267,39,108,,,18,27,9,31,34,22,4,,49,96,.361,,.667,5.3,1.9,0.6,0.7,0.4,0.1,"Mar 31, 1952",Westbury,New York ,US,NBA,1974-75
Cleanthony Early,2,2015,2016,56,801,88,254,26,99,39,52,26,123,42,26,15,49,73,241,.346,.263,.750,14.3,4.3,2.2,0.8,0.5,0.3,"Apr 17, 1991",Middletown,New York ,US,NBA,2014-15
Devin Ebanks,3,2011,2013,63,711,82,213,8,36,52,72,51,122,24,18,12,35,56,224,.385,.222,.722,11.3,3.6,1.9,0.4,0.3,0.2,"Oct 28, 1989",Queens,New York ,US,NBA,2010-11
Franklin Edwards,7,1982,1988,296,4436,738,1644,1,33,325,409,78,300,774,249,21,398,348,1802,.449,.030,.795,15.0,6.1,1.0,2.6,0.8,0.1,"Feb 2, 1959",New York,New York ,US,NBA,1981-82
Mario Elie,11,1991,2001,732,18654,2123,4492,574,1572,1445,1692,520,2017,1875,671,129,960,1438,6265,.473,.365,.854,25.5,8.6,2.8,2.6,0.9,0.2,"Nov 26, 1963",New York,New York ,US,NBA,1990-91
Leroy Ellis,14,1963,1976,1048,27520,4143,9378,,,1890,2595,534,8709,1405,146,151,,2661,10176,.442,,.728,26.3,9.7,8.3,1.3,0.8,0.8,"Mar 10, 1940",Far Rockaway,New York ,US,NBA,1962-63
Len Elmore,10,1975,1984,658,12389,1627,3968,1,5,693,955,1103,3360,616,582,674,780,1809,3948,.410,,.726,18.8,6.0,5.1,0.9,0.9,1.0,"Mar 28, 1952",New York,New York ,US,NBA,1974-75
Bo Erias,1,1958,1958,18,401,59,170,,,30,47,,83,26,,,,52,148,.347,,.638,22.3,8.2,4.6,1.4,,,"Jul 30, 1932",Astoria,New York ,US,NBA,1957-58
Julius Erving*,16,1972,1987,1243,45227,11818,23370,134,449,6256,8052,3689,10525,5176,2272,1941,3940,3494,30026,.506,,.777,36.4,24.2,8.5,4.2,2.0,1.7,"Feb 22, 1950",East Meadow,New York ,US,NBA,1971-72
Johnny Ezersky,3,1948,1950,135,,366,1270,,,299,447,,,169,,,,299,1031,.288,,.669,,7.6,,1.3,,,"Mar 21, 1922",New York,New York ,US,NBA,1947-48
Player,Yrs,0,To,G,MP,FG,FGA,3P,3PA,FT,FTA,ORB,TRB,AST,STL,BLK,TOV,PF,PTS,FG%,3P%,FT%,MP,PTS,TRB,AST,STL,BLK,Date,City,New York ,US,NBA,-1-
Phil Farbman,1,1949,1949,48,,50,163,,,55,81,,,36,,,,86,155,.307,,.679,,3.2,,0.8,,,"Apr 3, 1924",Brooklyn,New York ,US,NBA,1948-49
George Feigenbaum,2,1950,1953,17,79,18,79,,,16,33,,7,19,,,,29,52,.228,,.485,15.8,3.1,1.4,1.1,,,"Jul 2, 1928",Binghamton,New York ,US,NBA,1949-50
Ray Felix,9,1954,1962,637,15187,2406,5841,,,2162,3187,,5654,456,,,,2419,6974,.412,,.678,23.8,10.9,8.9,0.7,,,"Dec 10, 1930",New York,New York ,US,NBA,1953-54
Al Ferrari,6,1956,1963,371,7582,878,2389,,,769,1012,,830,943,,,,1008,2525,.368,,.760,20.4,6.8,2.2,2.5,,,"Jul 6, 1933",New York,New York ,US,NBA,1955-56
Kyle Filipowski,1,2025,2025,46,839,117,228,31,92,44,71,55,219,82,25,6,50,94,309,.513,.337,.620,18.2,6.7,4.8,1.8,0.5,0.1,"Nov 7, 2003",Middletown,New York ,US,NBA,2024-25
Danny Finn,3,1953,1955,142,3397,382,1169,,,278,464,,548,566,,,,453,1042,.327,,.599,23.9,7.3,3.9,4.0,,,"May 29, 1928",Brooklyn,New York ,US,NBA,1952-53
Bob Fitzgerald,2,1947,1949,78,,76,391,,,88,140,,,47,,,,179,240,.194,,.629,,3.1,,0.6,,,"Mar 14, 1923",Queens,New York ,US,NBA,1946-47
Dick Fitzgerald,2,1947,1948,61,,118,498,,,41,60,,,40,,,,90,277,.237,,.683,,4.5,,0.7,,,"Nov 18, 1920",Queens,New York ,US,NBA,1946-47
Jerry Fleishman,5,1947,1953,262,882,541,1953,,,430,674,,152,429,,,,607,1512,.277,,.638,26.7,5.8,4.6,1.6,,,"Feb 14, 1922",Brooklyn,New York ,US,NBA,1946-47
Vern Fleming,12,1985,1996,893,24721,3964,7954,38,210,2159,2826,979,3012,4293,926,105,1795,2003,10125,.498,.181,.764,27.7,11.3,3.4,4.8,1.0,0.1,"Feb 4, 1962",New York,New York ,US,NBA,1984-85
Bruce Flowers,1,1983,1983,53,699,110,206,0,2,41,53,71,180,47,19,12,43,99,261,.534,.000,.774,13.2,4.9,3.4,0.9,0.4,0.2,"Jun 13, 1957",Rochester,New York ,US,NBA,1982-83
Jonny Flynn,3,2010,2012,163,3738,551,1379,118,349,284,351,44,307,634,122,7,382,179,1504,.400,.338,.809,22.9,9.2,1.9,3.9,0.7,0.0,"Feb 6, 1989",Niagara Falls,New York ,US,NBA,2009-10
Larry Fogle,1,1976,1976,2,14,1,5,,,0,0,1,3,0,1,0,,4,2,.200,,,7.0,1.0,1.5,0.0,0.5,0.0,"Mar 19, 1953",Brooklyn,New York ,US,NBA,1975-76
Jeff Foote,1,2012,2012,4,39,2,6,0,0,0,0,1,6,0,0,1,2,5,4,.333,,,9.8,1.0,1.5,0.0,0.0,0.3,"Jul 14, 1987",Lockwood,New York ,US,NBA,2011-12
Donnie Forman,1,1949,1949,44,,68,231,,,43,67,,,74,,,,94,179,.294,,.642,,4.1,,1.7,,,"Jan 17, 1926",New York,New York ,US,NBA,1948-49
Nat Frankel,1,1947,1947,6,,4,27,,,8,12,,,3,,,,6,16,.148,,.667,,2.7,,0.5,,,"Nov 3, 1913",Brooklyn,New York ,US,NBA,1946-47
Michael Frazier,1,2020,2020,13,145,7,29,4,23,9,14,1,10,2,2,0,5,22,27,.241,.174,.643,11.2,2.1,0.8,0.2,0.2,0.0,"Mar 8, 1994",The Bronx,New York ,US,NBA,2019-20
Jimmer Fredette,6,2012,2019,241,3213,524,1282,193,519,197,224,53,243,331,94,11,223,222,1438,.409,.372,.879,13.3,6.0,1.0,1.4,0.4,0.0,"Feb 25, 1989",Glens Falls,New York ,US,NBA,2011-12
Channing Frye,13,2006,2019,890,19772,2931,6655,1049,2706,875,1064,767,4002,864,457,540,787,2255,7786,.440,.388,.822,22.2,8.7,4.5,1.0,0.5,0.6,"May 17, 1983",White Plains,New York ,US,NBA,2005-06
Bill Gabor,6,1950,1955,307,3680,1080,3141,,,837,1136,,448,626,,,,1050,2997,.344,,.737,19.4,9.8,1.8,2.0,,,"May 13, 1922",Binghamton,New York ,US,NBA,1949-50
Player,Yrs,0,To,G,MP,FG,FGA,3P,3PA,FT,FTA,ORB,TRB,AST,STL,BLK,TOV,PF,PTS,FG%,3P%,FT%,MP,PTS,TRB,AST,STL,BLK,Date,City,New York ,US,NBA,-1-
Sundiata Gaines,3,2010,2012,113,1311,182,458,44,146,100,178,46,175,207,83,3,93,100,508,.397,.301,.562,11.6,4.5,1.5,1.8,0.7,0.0,"Apr 18, 1986",Jamaica,New York ,US,NBA,2009-10
Jack Garfinkel,3,1947,1949,92,,207,754,,,62,88,,,134,,,,159,476,.275,,.705,,5.2,,1.5,,,"Jun 13, 1918",Brooklyn,New York ,US,NBA,1946-47
Rudy Gay,17,2007,2023,1120,34561,6670,14771,1186,3429,3116,3898,1447,6283,2280,1231,798,2245,2524,17642,.452,.346,.799,30.9,15.8,5.6,2.0,1.1,0.7,"Aug 17, 1986",Brooklyn,New York ,US,NBA,2006-07
Taj Gibson,16,2010,2025,989,22946,3460,6696,55,207,1385,1943,2121,5700,939,529,958,1038,2410,8360,.517,.266,.713,23.2,8.5,5.8,0.9,0.5,1.0,"Jun 24, 1985",Brooklyn,New York ,US,NBA,2009-10
Pop Goodwin,2,1947,1948,79,,134,503,,,79,102,,,22,,,,130,347,.266,,.775,,4.4,,0.3,,,"Dec 22, 1920",Brooklyn,New York ,US,NBA,1946-47
Leo Gottlieb,2,1947,1948,84,,208,722,,,49,76,,,36,,,,107,465,.288,,.645,,5.5,,0.4,,,"Nov 28, 1920",New York,New York ,US,NBA,1946-47
Butch Graves,1,1985,1985,4,11,2,6,0,1,1,5,0,2,1,1,0,1,4,5,.333,.000,.200,2.8,1.3,0.5,0.3,0.3,0.0,"Jan 5, 1962",Scarsdale,New York ,US,NBA,1984-85
Danny Green,15,2010,2024,832,20899,2546,6047,1577,3946,535,665,501,2827,1277,853,634,825,1454,7204,.421,.400,.805,25.1,8.7,3.4,1.5,1.0,0.8,"Jun 22, 1987",North Babylon,New York ,US,NBA,2009-10
Luther Green,3,1970,1973,90,935,154,402,0,7,76,150,118,321,30,,,75,139,384,.383,,.507,10.4,4.3,3.6,0.3,,,"Nov 13, 1946",New York,New York ,US,NBA,1969-70
Si Green,9,1957,1966,504,13132,1732,4481,,,1172,1735,,2152,1655,,,,1421,4636,.387,,.676,26.1,9.2,4.3,3.3,,,"Aug 20, 1933",New York,New York ,US,NBA,1956-57
Sidney Green,10,1984,1993,679,13247,1993,4386,1,27,1093,1481,1300,4128,635,369,223,1038,1797,5080,.454,.037,.738,19.5,7.5,6.1,0.9,0.5,0.3,"Jan 4, 1961",Brooklyn,New York ,US,NBA,1983-84
Dick Grubar,1,1970,1970,2,8,2,3,0,0,0,0,0,0,1,,,0,1,4,.667,,,4.0,2.0,0.0,0.5,,,"Jul 26, 1947",Schenectady,New York ,US,NBA,1969-70
Richie Guerin*,13,1957,1970,848,27449,5174,12451,,,4328,5549,,4278,4211,,,,2769,14676,.416,,.780,32.4,17.3,5.0,5.0,,,"May 29, 1932",New York,New York ,US,NBA,1956-57
Mouhamadou Gueye,1,2024,2024,11,120,11,38,0,3,4,9,12,23,5,3,18,12,15,26,.289,.000,.444,10.9,2.4,2.1,0.5,0.3,1.6,"Jul 6, 1998",Staten Island,New York ,US,NBA,2023-24
Tom Gugliotta,13,1993,2005,763,23556,3871,8584,208,732,1945,2570,1595,5589,2140,1079,492,1735,1884,9895,.451,.284,.757,30.9,13.0,7.3,2.8,1.4,0.6,"Dec 19, 1969",Huntington Station,New York ,US,NBA,1992-93
Coulby Gunther,2,1947,1949,84,,311,937,,,271,422,,,65,,,,181,893,.332,,.642,,10.6,,0.8,,,"Feb 5, 1923",New York,New York ,US,NBA,1946-47
Rudy Hackett,2,1976,1977,28,460,58,141,0,0,39,63,24,91,31,15,9,24,56,155,.411,,.619,16.4,5.5,3.3,1.1,0.5,0.3,"May 10, 1953",Mount Vernon,New York ,US,NBA,1975-76
Jeff Halliburton,2,1972,1973,92,1075,233,529,,,96,118,,145,116,,,,157,562,.440,,.814,11.7,6.1,1.6,1.3,,,"Jul 3, 1949",Rockville Centre,New York ,US,NBA,1971-72
Zendon Hamilton,6,2001,2006,134,1560,176,400,0,0,233,353,184,464,33,39,28,108,215,585,.440,,.660,11.6,4.4,3.5,0.2,0.3,0.2,"Apr 27, 1975",Floral Park,New York ,US,NBA,2000-01
Maurice Harkless,10,2013,2022,621,14019,1686,3554,378,1182,509,816,658,2198,572,583,399,521,1265,4259,.474,.320,.624,22.6,6.9,3.5,0.9,0.9,0.6,"May 11, 1993",Queens,New York ,US,NBA,2012-13
Player,Yrs,0,To,G,MP,FG,FGA,3P,3PA,FT,FTA,ORB,TRB,AST,STL,BLK,TOV,PF,PTS,FG%,3P%,FT%,MP,PTS,TRB,AST,STL,BLK,Date,City,New York ,US,NBA,-1-
Jerry Harkness,3,1964,1969,86,1572,216,491,1,5,185,278,10,233,156,,,97,140,618,.440,,.665,18.3,7.2,2.7,1.8,,,"May 7, 1940",New York,New York ,US,NBA,1963-64
Tobias Harris,14,2012,2025,952,30179,5879,12305,1285,3515,2308,2759,956,5861,2255,746,526,1319,1891,15351,.478,.366,.837,31.7,16.1,6.2,2.4,0.8,0.6,"Jul 15, 1992",Islip,New York ,US,NBA,2011-12
Billy Hassett,2,1950,1951,91,,129,462,,,147,224,,34,184,,,,208,405,.279,,.656,,4.5,1.1,2.0,,,"Oct 21, 1921",New York,New York ,US,NBA,1949-50
Connie Hawkins*,9,1968,1976,616,22232,4144,8647,5,31,3235,4154,867,5450,2556,244,150,355,1873,11528,.479,,.779,36.1,18.7,8.8,4.1,1.2,0.8,"Jul 17, 1942",Brooklyn,New York ,US,NBA,1967-68
Jim Hayes,1,1971,1971,47,494,46,109,0,0,52,67,20,45,47,,,45,73,144,.422,,.776,10.5,3.1,1.0,1.0,,,"Feb 18, 1948",Rockville Centre,New York ,US,NBA,1970-71
Lazar Hayward,3,2011,2013,72,591,70,202,21,78,46,60,25,90,35,17,8,28,65,207,.347,.269,.767,8.2,2.9,1.3,0.5,0.2,0.1,"Nov 26, 1986",Buffalo,New York ,US,NBA,2010-11
Brendan Haywood,13,2002,2015,816,18680,2110,3999,0,4,1318,2246,2081,4875,442,320,1109,851,2043,5538,.528,.000,.587,22.9,6.8,6.0,0.5,0.4,1.4,"Nov 27, 1979",New York,New York ,US,NBA,2001-02
Larry Hennessy,2,1956,1957,74,817,141,422,,,49,64,,94,73,,,,65,331,.334,,.766,11.0,4.5,1.3,1.0,,,"May 20, 1929",New Rochelle,New York ,US,NBA,1955-56
Sonny Hertzberg,5,1947,1951,293,,946,3166,,,671,847,,260,618,,,,619,2563,.299,,.792,,8.7,4.0,2.1,,,"Jul 29, 1922",Brooklyn,New York ,US,NBA,1946-47
Art Heyman,6,1964,1970,310,8246,1418,3318,72,256,1122,1597,256,1461,864,,,441,763,4030,.427,,.703,26.6,13.0,4.7,2.8,,,"Jun 24, 1941",New York,New York ,US,NBA,1963-64
Roy Hibbert,9,2009,2017,662,16389,2622,5641,6,24,1361,1802,1527,4173,885,241,1146,1038,2067,6611,.465,.250,.755,24.8,10.0,6.3,1.3,0.4,1.7,"Dec 11, 1986",Queens,New York ,US,NBA,2008-09
Armond Hill,8,1977,1984,468,11785,1150,2817,1,13,913,1101,230,917,2194,548,61,833,1445,3214,.408,,.829,25.2,6.9,2.0,4.7,1.2,0.1,"Mar 31, 1953",Brooklyn,New York ,US,NBA,1976-77
Mel Hirsch,1,1947,1947,13,,9,45,,,1,2,,,10,,,,18,19,.200,,.500,,1.5,,0.8,,,"Jul 31, 1921",Brooklyn,New York ,US,NBA,1946-47
Julius Hodge,2,2006,2007,23,98,11,25,0,0,6,12,7,15,18,6,0,11,13,28,.440,,.500,4.3,1.2,0.7,0.8,0.3,0.0,"Nov 18, 1983",New York,New York ,US,NBA,2005-06
John Holland,2,2018,2019,25,175,17,59,11,36,9,13,6,24,5,7,2,8,10,54,.288,.306,.692,7.0,2.2,1.0,0.2,0.3,0.1,"Nov 6, 1988",Bronx,New York ,US,NBA,2017-18
Red Holzman*,6,1949,1954,358,2106,830,2622,,,506,742,,344,721,,,,478,2166,.317,,.682,13.0,6.1,1.5,2.0,,,"Aug 10, 1920",Brooklyn,New York ,US,NBA,1948-49
Kevin Huerter,7,2019,2025,461,12893,1996,4537,961,2568,339,446,269,1569,1342,420,159,558,1041,5292,.440,.374,.760,28.0,11.5,3.4,2.9,0.9,0.3,"Aug 27, 1998",Albany,New York ,US,NBA,2018-19
Elijah Hughes,2,2021,2022,54,498,57,174,33,118,10,13,7,67,28,15,9,23,40,157,.328,.280,.769,9.2,2.9,1.2,0.5,0.3,0.2,"Mar 10, 1998",Poughkeepsie,New York ,US,NBA,2020-21
Geoff Huston,8,1980,1987,496,12252,1836,3805,16,63,692,978,201,684,2509,331,32,899,844,4380,.483,.254,.708,24.7,8.8,1.4,5.1,0.7,0.1,"Nov 8, 1957",Brooklyn,New York ,US,NBA,1979-80
Marc Iavaroni,7,1983,1989,531,8371,899,1959,0,17,530,746,565,1725,514,185,200,639,1255,2328,.459,.000,.710,15.8,4.4,3.2,1.0,0.3,0.4,"Sep 15, 1956",Jamaica,New York ,US,NBA,1982-83
Player,Yrs,0,To,G,MP,FG,FGA,3P,3PA,FT,FTA,ORB,TRB,AST,STL,BLK,TOV,PF,PTS,FG%,3P%,FT%,MP,PTS,TRB,AST,STL,BLK,Date,City,New York ,US,NBA,-1-
Jonathan Isaac,6,2018,2025,256,5391,748,1687,215,660,305,405,352,1289,207,243,340,204,412,2016,.443,.326,.753,21.1,7.9,5.0,0.8,0.9,1.3,"Oct 3, 1997",The Bronx,New York ,US,NBA,2017-18
Royal Ivey,10,2005,2014,492,6162,622,1531,162,449,235,333,147,557,501,230,38,255,757,1641,.406,.361,.706,12.5,3.3,1.1,1.0,0.5,0.1,"Dec 20, 1981",Harlem,New York ,US,NBA,2004-05
Andre Jackson Jr.,2,2024,2025,110,1461,132,275,44,116,18,29,101,277,125,46,19,79,197,326,.480,.379,.621,13.3,3.0,2.5,1.1,0.4,0.2,"Nov 13, 2001",Amsterdam,New York ,US,NBA,2023-24
Greg Jackson,1,1975,1975,49,802,73,176,,,36,62,19,69,96,23,9,,130,182,.415,,.581,16.4,3.7,1.4,2.0,0.5,0.2,"Aug 2, 1952",Brooklyn,New York ,US,NBA,1974-75
Mark Jackson,17,1988,2004,1296,39121,4793,10731,734,2213,2169,2818,1281,4963,10334,1608,117,3155,2230,12489,.447,.332,.770,30.2,9.6,3.8,8.0,1.2,0.1,"Apr 1, 1965",Brooklyn,New York ,US,NBA,1987-88
Tony Jackson,2,1968,1969,138,4091,659,1759,123,447,749,880,100,741,279,,,295,331,2190,.375,.275,.851,29.6,15.9,5.4,2.0,,,"Nov 7, 1942",Brooklyn,New York ,US,NBA,1967-68
Mike James,12,2002,2014,595,14364,2139,5132,687,1813,898,1120,212,1324,2075,458,38,895,1201,5863,.417,.379,.802,24.1,9.9,2.2,3.5,0.8,0.1,"Jun 23, 1975",Copiague,New York ,US,NBA,2001-02
Charles Jenkins,2,2012,2013,110,1334,179,412,4,22,46,61,16,100,214,48,8,81,107,408,.434,.182,.754,12.1,3.7,0.9,1.9,0.4,0.1,"Feb 28, 1989",Brooklyn,New York ,US,NBA,2011-12
Ty Jerome,6,2020,2025,212,3763,636,1408,254,678,201,237,84,426,590,151,20,199,308,1727,.452,.375,.848,17.8,8.1,2.0,2.8,0.7,0.1,"Jul 8, 1997",New York,New York ,US,NBA,2019-20
Cheese Johnson,1,1980,1980,9,53,12,30,0,0,3,5,6,14,2,1,0,4,11,27,.400,,.600,5.9,3.0,1.6,0.2,0.1,0.0,"Sep 7, 1957",New York,New York ,US,NBA,1979-80
Dakari Johnson,1,2018,2018,31,161,22,39,0,0,11,20,16,34,8,6,8,3,27,55,.564,,.550,5.2,1.8,1.1,0.3,0.2,0.3,"Sep 22, 1995",Brooklyn,New York ,US,NBA,2017-18
Eric Johnson,1,1990,1990,48,272,20,84,1,6,13,17,8,28,64,17,2,26,49,54,.238,.167,.765,5.7,1.1,0.6,1.3,0.4,0.0,"Feb 7, 1966",Brooklyn,New York ,US,NBA,1989-90
George Johnson,8,1979,1986,464,9878,1704,3684,21,111,785,1008,831,2610,817,432,282,879,1349,4214,.463,,.779,21.3,9.1,5.6,1.8,0.9,0.6,"Dec 8, 1956",Brooklyn,New York ,US,NBA,1978-79
Vinnie Johnson,13,1980,1992,984,24308,4882,10515,83,327,1978,2673,1451,3109,3212,852,253,1569,2063,11825,.464,.254,.740,24.7,12.0,3.2,3.3,0.9,0.3,"Sep 1, 1956",Brooklyn,New York ,US,NBA,1979-80
Charles Jones,2,1999,2000,85,1138,105,324,58,179,28,45,26,104,135,48,10,57,76,296,.324,.324,.622,13.4,3.5,1.2,1.6,0.6,0.1,"Jul 17, 1975",Brooklyn,New York ,US,NBA,1998-99
Hutch Jones,2,1983,1984,13,103,17,40,0,0,7,10,10,17,4,4,0,8,14,41,.425,,.700,7.9,3.2,1.3,0.3,0.3,0.0,"Sep 1, 1959",Buffalo,New York ,US,NBA,1982-83
Kevin Jones,1,2013,2013,32,334,43,107,0,0,9,15,38,78,10,9,5,8,25,95,.402,,.600,10.4,3.0,2.4,0.3,0.3,0.2,"Aug 25, 1989",Mount Vernon,New York ,US,NBA,2012-13
Mark Jones,1,1984,1984,6,16,3,6,0,1,1,2,2,2,5,0,0,2,2,7,.500,.000,.500,2.7,1.2,0.3,0.8,0.0,0.0,"Apr 10, 1961",Rochester,New York ,US,NBA,1983-84
Shelton Jones,1,1989,1989,51,682,93,209,0,1,58,80,32,113,42,21,15,47,58,244,.445,.000,.725,13.4,4.8,2.2,0.8,0.4,0.3,"Apr 6, 1966",Copiague,New York ,US,NBA,1988-89
Adonis Jordan,2,1994,1999,10,97,8,27,3,12,2,4,3,6,22,3,1,8,6,21,.296,.250,.500,9.7,2.1,0.6,2.2,0.3,0.1,"Aug 21, 1970",Brooklyn,New York ,US,NBA,1993-94
Player,Yrs,0,To,G,MP,FG,FGA,3P,3PA,FT,FTA,ORB,TRB,AST,STL,BLK,TOV,PF,PTS,FG%,3P%,FT%,MP,PTS,TRB,AST,STL,BLK,Date,City,New York ,US,NBA,-1-
Michael Jordan*,15,1985,2003,1072,41011,12192,24537,581,1778,7327,8772,1668,6672,5633,2514,893,2924,2783,32292,.497,.327,.835,38.3,30.1,6.2,5.3,2.3,0.8,"Feb 17, 1963",Brooklyn,New York ,US,NBA,1984-85
Kevin Joyce,3,1974,1976,180,4731,815,1988,15,81,261,332,100,304,580,170,34,322,441,1906,.410,.185,.786,26.3,10.6,1.7,3.2,0.9,0.2,"Jun 27, 1951",Bayside,New York ,US,NBA,1973-74
George Kaftan,5,1949,1953,212,1335,586,1585,,,422,649,,424,399,,,,388,1594,.370,,.650,17.8,7.5,3.1,1.9,,,"Feb 22, 1928",New York,New York ,US,NBA,1948-49
Ralph Kaplowitz,2,1947,1948,105,,217,824,,,158,211,,,57,,,,222,592,.263,,.749,,5.6,,0.5,,,"May 18, 1919",New York,New York ,US,NBA,1946-47
Tony Kappen,1,1947,1947,59,,128,537,,,128,161,,,28,,,,78,384,.238,,.795,,6.5,,0.5,,,"Apr 13, 1919",Brooklyn,New York ,US,NBA,1946-47
Bob Kauffman,7,1969,1975,525,13568,2306,4835,,,1437,1919,164,3682,1429,56,22,,1374,6049,.477,,.749,25.8,11.5,7.0,2.7,0.4,0.1,"Jul 13, 1946",Brooklyn,New York ,US,NBA,1968-69
Tommy Kearns,1,1959,1959,1,7,1,1,,,0,0,,0,0,,,,1,2,1.000,,,7.0,2.0,0.0,0.0,,,"Oct 6, 1936",New York,New York ,US,NBA,1958-59
Ken Keller,1,1947,1947,28,,10,30,,,2,5,,,1,,,,15,22,.333,,.400,,0.8,,0.0,,,"Aug 16, 1922",Brooklyn,New York ,US,NBA,1946-47
Ryan Kelly,4,2014,2017,163,3125,324,857,102,323,231,290,77,504,215,79,84,106,309,981,.378,.316,.797,19.2,6.0,3.1,1.3,0.5,0.5,"Apr 9, 1991",Carmel,New York ,US,NBA,2013-14
Tom Kelly,1,1949,1949,27,,73,218,,,45,73,,,38,,,,73,191,.335,,.616,,7.1,,1.4,,,"Mar 5, 1924",New York,New York ,US,NBA,1948-49
Tim Kempton,8,1987,1998,280,3758,458,953,0,3,343,507,241,795,307,121,44,289,603,1259,.481,.000,.677,13.4,4.5,2.8,1.1,0.4,0.2,"Jan 25, 1964",Jamaica,New York ,US,NBA,1986-87
Billy Kenville,6,1954,1960,345,6778,848,2337,,,738,974,,1206,715,,,,670,2434,.363,,.758,19.6,7.1,3.5,2.1,,,"Dec 1, 1930",Elmhurst,New York ,US,NBA,1953-54
Irv Kiffin,1,1980,1980,26,212,32,96,0,0,18,25,12,40,19,10,2,30,43,82,.333,,.720,8.2,3.2,1.5,0.7,0.4,0.1,"Aug 8, 1951",New York,New York ,US,NBA,1979-80
Sean Kilpatrick,4,2015,2018,157,3082,545,1319,194,579,332,385,40,429,236,73,13,206,191,1616,.413,.335,.862,19.6,10.3,2.7,1.5,0.5,0.1,"Jan 6, 1990",Yonkers,New York ,US,NBA,2014-15
Albert King,9,1982,1992,534,12836,2709,5875,56,209,996,1259,760,2262,1171,452,196,1151,1612,6470,.461,.268,.791,24.0,12.1,4.2,2.2,0.8,0.4,"Dec 17, 1959",Brooklyn,New York ,US,NBA,1981-82
Bernard King*,14,1978,1993,874,29417,7830,15109,23,134,3972,5444,1704,5060,2863,866,230,2791,2885,19655,.518,,.730,33.7,22.5,5.8,3.3,1.0,0.3,"Dec 4, 1956",Brooklyn,New York ,US,NBA,1977-78
Jim Kissane,1,1969,1969,2,15,2,6,0,0,2,2,0,3,0,,,1,3,6,.333,,1.000,7.5,3.0,1.5,0.0,,,"Aug 17, 1946",New Hyde Park,New York ,US,NBA,1968-69
Nathan Knight,3,2021,2023,108,837,128,269,18,68,127,172,81,213,43,26,24,54,105,401,.476,.265,.738,7.8,3.7,2.0,0.4,0.2,0.2,"Sep 20, 1997",Syracuse,New York ,US,NBA,2020-21
Toby Knight,4,1978,1982,283,7331,1602,3087,0,2,436,589,556,1444,335,242,185,444,896,3640,.519,,.740,25.9,12.9,5.1,1.2,0.9,0.7,"May 3, 1955",Bronx,New York ,US,NBA,1977-78
Barry Kramer,2,1965,1970,59,563,73,217,0,1,67,92,7,113,44,,,11,77,213,.336,,.728,9.5,3.6,1.9,0.7,,,"Nov 10, 1942",Schenectady,New York ,US,NBA,1964-65
Player,Yrs,0,To,G,MP,FG,FGA,3P,3PA,FT,FTA,ORB,TRB,AST,STL,BLK,TOV,PF,PTS,FG%,3P%,FT%,MP,PTS,TRB,AST,STL,BLK,Date,City,New York ,US,NBA,-1-
Dan Kraus,1,1949,1949,13,,5,35,,,11,24,,,7,,,,24,21,.143,,.458,,1.6,,0.5,,,"Feb 13, 1923",The Bronx,New York ,US,NBA,1948-49
Mitch Kupchak,9,1977,1986,510,9905,2003,3832,0,5,1196,1698,963,2730,377,164,176,682,1117,5202,.523,,.704,19.4,10.2,5.4,0.7,0.3,0.3,"May 24, 1954",Hicksville,New York ,US,NBA,1976-77
Christian Laettner,13,1993,2005,868,25760,4036,8405,92,353,2957,3604,1621,5806,2224,917,675,1932,2768,11121,.480,.261,.820,29.7,12.8,6.7,2.6,1.1,0.8,"Aug 17, 1969",Angola,New York ,US,NBA,1992-93
Anthony Lamb,3,2021,2023,88,1618,194,434,96,272,64,81,83,286,121,34,25,73,168,548,.447,.353,.790,18.4,6.2,3.3,1.4,0.4,0.3,"Jan 20, 1998",Rochester,New York ,US,NBA,2020-21
Doron Lamb,2,2013,2014,100,1272,123,323,50,127,49,70,16,95,75,24,1,53,106,345,.381,.394,.700,12.7,3.5,1.0,0.8,0.2,0.0,"Nov 6, 1991",Queens,New York ,US,NBA,2012-13
Bob Lanier*,14,1971,1984,959,32103,7761,15092,2,13,3724,4858,1843,9698,3007,777,1100,1112,3048,19248,.514,,.767,33.5,20.1,10.1,3.1,1.1,1.5,"Sep 10, 1948",Buffalo,New York ,US,NBA,1970-71
York Larese,1,1962,1962,59,703,122,327,,,58,72,,77,94,,,,104,302,.373,,.806,11.9,5.1,1.3,1.6,,,"Jul 18, 1938",New York,New York ,US,NBA,1961-62
Rudy LaRusso,10,1960,1969,736,24487,4102,9521,,,3303,4308,,6936,1556,,,,2553,11507,.431,,.767,33.3,15.6,9.4,2.1,,,"Nov 11, 1937",Brooklyn,New York ,US,NBA,1959-60
Jalen Lecque,2,2020,2021,9,44,5,19,0,5,5,5,2,7,4,0,0,2,3,15,.263,.000,1.000,4.9,1.7,0.8,0.4,0.0,0.0,"Jun 13, 2000",New York,New York ,US,NBA,2019-20
Ed Leede,2,1950,1951,121,,293,877,,,363,505,,118,225,,,,311,949,.334,,.719,,7.8,2.1,1.9,,,"Jul 17, 1927",New York,New York ,US,NBA,1949-50
Barry Leibowitz,1,1968,1968,82,2168,320,873,6,39,248,308,,170,301,,,224,208,894,.367,.154,.805,26.4,10.9,2.1,3.7,,,"Sep 10, 1945",New York,New York ,US,NBA,1967-68
Andrew Levane,3,1949,1953,103,68,197,635,,,69,109,,9,204,,,,158,463,.310,,.633,9.7,4.5,1.3,2.0,,,"Apr 11, 1920",Brooklyn,New York ,US,NBA,1948-49
Freddie Lewis,2,1949,1950,95,,318,1018,,,163,213,,,132,,,,207,799,.312,,.765,,8.4,,1.4,,,"Jan 6, 1921",Brooklyn,New York ,US,NBA,1948-49
Scottie Lewis,1,2022,2022,2,7,0,0,0,0,1,2,0,0,1,1,0,0,0,1,,,.500,3.5,0.5,0.0,0.5,0.5,0.0,"Mar 12, 2000",Bronx,New York ,US,NBA,2021-22
Art Long,3,2001,2003,98,1220,148,323,2,3,47,97,130,319,48,27,42,85,220,345,.458,.667,.485,12.4,3.5,3.3,0.5,0.3,0.4,"Oct 1, 1972",Rochester,New York ,US,NBA,2000-01
Kevin Loughery,11,1963,1973,755,22208,4477,10829,,,2621,3262,,2254,2803,,,,2543,11575,.413,,.803,29.4,15.3,3.0,3.7,,,"Mar 28, 1940",Brooklyn,New York ,US,NBA,1962-63
Al Lucas,1,1949,1949,2,,1,3,,,0,0,,,2,,,,0,2,.333,,,,1.0,,1.0,,,"Jul 4, 1922",New York,New York ,US,NBA,1948-49
Jim Luisi,1,1954,1954,31,367,31,95,,,27,41,,25,35,,,,45,89,.326,,.659,11.8,2.9,0.8,1.1,,,"Nov 2, 1928",New York,New York ,US,NBA,1953-54
Ray Lumpp,5,1949,1953,300,2739,895,2444,,,672,876,,391,654,,,,793,2462,.366,,.767,23.4,8.2,2.2,2.2,,,"Jul 11, 1923",Brooklyn,New York ,US,NBA,1948-49
Tyler Lydon,2,2018,2019,26,96,9,18,4,10,1,3,7,18,6,2,0,4,10,23,.500,.400,.333,3.7,0.9,0.7,0.2,0.1,0.0,"Apr 9, 1996",Hudson,New York ,US,NBA,2017-18
Player,Yrs,0,To,G,MP,FG,FGA,3P,3PA,FT,FTA,ORB,TRB,AST,STL,BLK,TOV,PF,PTS,FG%,3P%,FT%,MP,PTS,TRB,AST,STL,BLK,Date,City,New York ,US,NBA,-1-
Mike Macaluso,1,1974,1974,30,112,19,44,,,10,17,10,25,3,7,1,,31,48,.432,,.588,3.7,1.6,0.8,0.1,0.2,0.0,"Jul 20, 1951",Buffalo,New York ,US,NBA,1973-74
Ronnie MacGilvray,1,1955,1955,6,57,2,12,,,4,7,,9,11,,,,5,8,.167,,.571,9.5,1.3,1.5,1.8,,,"Jul 20, 1930",Poughkeepsie,New York ,US,NBA,1954-55
Scott Machado,2,2013,2019,10,40,7,12,1,2,3,3,0,1,9,3,0,8,2,18,.583,.500,1.000,4.0,1.8,0.1,0.9,0.3,0.0,"Jun 8, 1990",Queens,New York ,US,NBA,2012-13
Ollie Mack,3,1980,1982,128,2513,396,864,0,16,124,184,132,319,230,85,11,109,173,916,.458,.000,.674,19.6,7.2,2.5,1.8,0.7,0.1,"Jun 6, 1957",New York,New York ,US,NBA,1979-80
Norm Mager,1,1951,1951,24,,40,142,,,44,56,,47,23,,,,68,124,.282,,.786,,5.2,2.0,1.0,,,"Mar 23, 1926",Brooklyn,New York ,US,NBA,1950-51
Mo Mahoney,2,1953,1954,8,45,4,12,,,4,5,,9,2,,,,7,12,.333,,.800,5.6,1.5,1.1,0.3,,,"Nov 20, 1927",Brooklyn,New York ,US,NBA,1952-53
Lionel Malamed,1,1949,1949,44,,97,290,,,64,77,,,61,,,,53,258,.334,,.831,,5.9,,1.4,,,"Nov 15, 1924",New York,New York ,US,NBA,1948-49
Mike Maloy,3,1971,1973,71,861,168,396,0,1,106,151,100,268,48,,,75,153,442,.424,.000,.702,12.1,6.2,3.8,0.7,,,"May 10, 1949",New York,New York ,US,NBA,1970-71
Sandro Mamukelashvili,4,2022,2025,165,1813,284,606,97,277,103,142,172,498,151,39,42,82,140,768,.469,.350,.725,11.0,4.7,3.0,0.9,0.2,0.3,"May 23, 1999",New York,New York ,US,NBA,2021-22
Frank Mangiapane,1,1947,1947,6,,2,13,,,1,3,,,0,,,,6,5,.154,,.333,,0.8,,0.0,,,"Aug 5, 1925",New York,New York ,US,NBA,1946-47
Terance Mann,6,2020,2025,387,8510,1172,2350,299,802,420,537,372,1371,737,211,87,297,723,3063,.499,.373,.782,22.0,7.9,3.5,1.9,0.5,0.2,"Oct 18, 1996",Brooklyn,New York ,US,NBA,2019-20
Stephon Marbury,13,1997,2009,846,31891,5769,13324,991,3048,3768,4804,579,2516,6471,1022,121,2547,2014,16297,.433,.325,.784,37.7,19.3,3.0,7.6,1.2,0.1,"Feb 20, 1977",Brooklyn,New York ,US,NBA,1996-97
Saul Mariaschin,1,1948,1948,43,,125,463,,,83,117,,,60,,,,121,333,.270,,.709,,7.7,,1.4,,,"Sep 1, 1924",Brooklyn,New York ,US,NBA,1947-48
Ricky Marsh,1,1978,1978,60,851,123,289,,,23,33,16,75,90,29,19,50,111,269,.426,,.697,14.2,4.5,1.3,1.5,0.5,0.3,"Mar 10, 1954",New York,New York ,US,NBA,1977-78
Maurice Martin,2,1987,1988,69,422,74,196,4,19,52,87,25,65,49,19,9,43,69,204,.378,.211,.598,6.1,3.0,0.9,0.7,0.3,0.1,"Jul 2, 1964",Liberty,New York ,US,NBA,1986-87
Whitey Martin,1,1962,1962,66,1018,95,292,,,37,55,,158,115,,,,158,227,.325,,.673,15.4,3.4,2.4,1.7,,,"Apr 11, 1939",Hamburg,New York ,US,NBA,1961-62
Jamal Mashburn,11,1994,2004,611,22762,4277,10222,767,2226,2323,3032,697,3271,2414,632,109,1585,1533,11644,.418,.345,.766,37.3,19.1,5.4,4.0,1.0,0.2,"Nov 29, 1972",New York,New York ,US,NBA,1993-94
Al Masino,2,1953,1954,99,1954,160,462,,,158,253,,205,182,,,,296,478,.346,,.625,19.7,4.8,2.1,1.8,,,"Feb 5, 1928",Richmond,New York ,US,NBA,1952-53
Matt Mazza,1,1950,1950,26,,33,110,,,32,45,,,29,,,,34,98,.300,,.711,,3.8,,1.1,,,"Sep 23, 1923",Niagara Falls,New York ,US,NBA,1949-50
Brendan McCann,3,1958,1960,41,331,23,113,,,28,40,,50,65,,,,37,74,.204,,.700,8.1,1.8,1.2,1.6,,,"Jul 5, 1935",Brooklyn,New York ,US,NBA,1957-58
Player,Yrs,0,To,G,MP,FG,FGA,3P,3PA,FT,FTA,ORB,TRB,AST,STL,BLK,TOV,PF,PTS,FG%,3P%,FT%,MP,PTS,TRB,AST,STL,BLK,Date,City,New York ,US,NBA,-1-
Mike McCarron,2,1947,1950,68,,239,853,,,180,293,,,62,,,,189,658,.280,,.614,,9.7,,0.9,,,"Mar 2, 1922",New York,New York ,US,NBA,1946-47
Johnny McCarthy,6,1957,1964,316,8828,958,2714,,,534,859,,1145,1184,,,,885,2450,.353,,.622,27.9,7.8,3.6,3.7,,,"Apr 25, 1934",Buffalo,New York ,US,NBA,1956-57
Paul McCracken,3,1973,1977,37,437,63,140,,,34,57,7,73,33,6,0,,52,160,.450,,.596,11.8,4.3,2.0,0.9,0.5,0.0,"Sep 11, 1950",New York,New York ,US,NBA,1972-73
Rodney McCray,10,1984,1993,768,24876,3516,6997,57,219,1925,2529,1645,5087,2750,585,493,1419,1734,9014,.503,.260,.761,32.4,11.7,6.6,3.6,0.8,0.6,"Aug 29, 1961",Mount Vernon,New York ,US,NBA,1983-84
Scooter McCray,3,1984,1987,77,892,83,196,0,0,58,95,70,190,74,21,26,68,114,224,.423,,.611,11.6,2.9,2.5,1.0,0.3,0.3,"Feb 8, 1960",Mount Vernon,New York ,US,NBA,1983-84
Chris McCullough,3,2016,2018,59,532,78,183,15,49,23,42,41,112,15,30,19,20,54,194,.426,.306,.548,9.0,3.3,1.9,0.3,0.5,0.3,"Feb 5, 1995",Bronx,New York ,US,NBA,2015-16
Al McGuire*,4,1952,1955,191,2966,251,663,,,255,463,,418,363,,,,501,757,.379,,.551,15.5,4.0,2.2,1.9,,,"Sep 7, 1928",New York,New York ,US,NBA,1951-52
Allie McGuire,1,1974,1974,2,10,2,4,,,0,0,0,2,1,0,0,,2,4,.500,,,5.0,2.0,1.0,0.5,0.0,0.0,"Jul 10, 1951",New York,New York ,US,NBA,1973-74
Dick McGuire*,11,1950,1960,738,17170,2048,5259,,,1825,2836,,2784,4205,,,,1695,5921,.389,,.644,28.3,8.0,4.2,5.7,,,"Jan 25, 1926",Huntington,New York ,US,NBA,1949-50
Jack McMahon,8,1953,1960,524,14228,1615,4790,,,1007,1580,,1390,1939,,,,1483,4237,.337,,.637,27.2,8.1,2.7,3.7,,,"Dec 3, 1928",Brooklyn,New York ,US,NBA,1952-53
Tom McMillen,11,1976,1986,729,14770,2420,5014,3,25,1071,1329,957,2913,788,198,191,693,1740,5914,.483,,.806,20.3,8.1,4.0,1.1,0.3,0.3,"May 26, 1952",Elmira,New York ,US,NBA,1975-76
Stan Miasek,6,1947,1953,365,3758,1375,4166,,,1101,1752,,999,518,,,,1358,3851,.330,,.628,28.7,10.6,7.6,1.4,,,"Sep 19, 1923",New York,New York ,US,NBA,1946-47
Nat Militzok,1,1947,1947,57,,90,343,,,64,112,,,42,,,,120,244,.262,,.571,,4.3,,0.7,,,"May 3, 1923",New York,New York ,US,NBA,1946-47
Eddie Miller,2,1953,1954,142,3675,517,1381,,,418,604,,1206,210,,,,444,1452,.374,,.692,25.9,10.2,8.5,1.5,,,"Jun 18, 1931",New Rochelle,New York ,US,NBA,1952-53
Harry Miller,1,1947,1947,53,,58,260,,,36,82,,,42,,,,119,152,.223,,.439,,2.9,,0.8,,,"Jul 28, 1923",Brooklyn,New York ,US,NBA,1946-47
Donovan Mitchell,8,2018,2025,522,17698,4594,10199,1581,4281,2157,2566,418,2234,2434,719,167,1406,1269,12926,.450,.369,.841,33.9,24.8,4.3,4.7,1.4,0.3,"Sep 7, 1996",Elmsford,New York ,US,NBA,2017-18
Eric Mobley,3,1995,1997,113,1570,180,333,3,4,77,162,139,351,57,27,61,103,194,440,.541,.750,.475,13.9,3.9,3.1,0.5,0.2,0.5,"Feb 1, 1970",Bronx,New York ,US,NBA,1994-95
Doug Moe,5,1968,1972,378,12081,2301,5377,19,89,1540,1924,895,2560,1197,,,940,1286,6161,.428,.213,.800,32.0,16.3,6.8,3.2,,,"Sep 21, 1938",Brooklyn,New York ,US,NBA,1967-68
Jack Molinas,1,1954,1954,32,958,114,292,,,142,187,,228,51,,,,83,370,.390,,.759,29.9,11.6,7.1,1.6,,,"Oct 31, 1931",New York,New York ,US,NBA,1953-54
Ron Moore,1,1988,1988,14,59,9,29,0,0,6,8,2,8,1,5,0,4,21,24,.310,,.750,4.2,1.7,0.6,0.1,0.4,0.0,"Jan 16, 1962",New York,New York ,US,NBA,1987-88
Player,Yrs,0,To,G,MP,FG,FGA,3P,3PA,FT,FTA,ORB,TRB,AST,STL,BLK,TOV,PF,PTS,FG%,3P%,FT%,MP,PTS,TRB,AST,STL,BLK,Date,City,New York ,US,NBA,-1-
Jaylen Morris,3,2018,2022,13,143,17,48,3,15,3,6,2,23,13,4,1,8,5,40,.354,.200,.500,11.0,3.1,1.8,1.0,0.3,0.1,"Sep 19, 1995",Amherst,New York ,US,NBA,2017-18
John Morton,3,1990,1992,128,1879,204,528,13,58,188,239,54,161,342,92,23,186,165,609,.386,.224,.787,14.7,4.8,1.3,2.7,0.7,0.2,"May 18, 1967",Bronx,New York ,US,NBA,1989-90
Arnett Moultrie,2,2013,2014,59,729,94,172,0,0,22,33,87,180,12,25,14,26,65,210,.547,,.667,12.4,3.6,3.1,0.2,0.4,0.2,"Nov 18, 1990",Queens,New York ,US,NBA,2012-13
Joe Mullaney,1,1950,1950,37,,9,70,,,12,15,,,52,,,,30,30,.129,,.800,,0.8,,1.4,,,"Nov 17, 1924",Long Island,New York ,US,NBA,1949-50
Bob Mullens,1,1947,1947,54,,125,445,,,64,102,,,54,,,,94,314,.281,,.627,,5.8,,1.0,,,"Nov 1, 1922",Brooklyn,New York ,US,NBA,1946-47
Chris Mullin*,16,1986,2001,986,32163,6740,13243,815,2120,3616,4178,1026,4034,3450,1530,549,2315,2050,17911,.509,.384,.865,32.6,18.2,4.1,3.5,1.6,0.6,"Jul 30, 1963",New York,New York ,US,NBA,1985-86
Jeff Mullins,12,1965,1976,804,24574,5383,11631,,,2251,2764,144,3427,3023,140,37,,2165,13017,.463,,.814,30.6,16.2,4.3,3.8,0.8,0.2,"Mar 18, 1942",Astoria,New York ,US,NBA,1964-65
Dick Murphy,1,1947,1947,31,,15,75,,,4,9,,,8,,,,15,34,.200,,.444,,1.1,,0.3,,,"Mar 10, 1921",,New York ,US,NBA,1946-47
Boris Nachamkin,1,1955,1955,6,59,6,20,,,8,13,,19,3,,,,6,20,.300,,.615,9.8,3.3,3.2,0.5,,,"Dec 6, 1933",New York,New York ,US,NBA,1954-55
Ruben Nembhard,1,1997,1997,10,113,16,37,0,6,8,10,3,8,17,9,0,8,12,40,.432,.000,.800,11.3,4.0,0.8,1.7,0.9,0.0,"Feb 20, 1972",Bronx,New York ,US,NBA,1996-97
Dave Newmark,3,1969,1971,176,2228,412,980,0,0,179,276,46,678,128,,,41,417,1003,.420,,.649,12.7,5.7,3.9,0.7,,,"Sep 11, 1946",Brooklyn,New York ,US,NBA,1968-69
Joakim Noah,13,2008,2020,672,18646,2248,4574,0,16,1385,1979,2141,6058,1907,534,874,1133,1874,5881,.491,.000,.700,27.7,8.8,9.0,2.8,0.8,1.3,"Feb 25, 1985",New York,New York ,US,NBA,2007-08
George Nostrand,4,1947,1950,221,,678,2222,,,448,832,,,184,,,,575,1804,.305,,.538,,8.2,,0.8,,,"Jan 25, 1924",Uniondale,New York ,US,NBA,1946-47
Markquis Nowell,1,2024,2024,1,4,0,1,0,0,2,2,2,2,2,1,0,0,0,2,.000,,1.000,4.0,2.0,2.0,2.0,1.0,0.0,"Dec 25, 1999",Harlem,New York ,US,NBA,2023-24
Jordan Nwora,4,2021,2024,206,3359,580,1341,237,631,167,207,125,659,216,91,51,200,222,1564,.433,.376,.807,16.3,7.6,3.2,1.0,0.4,0.2,"Sep 9, 1998",Buffalo,New York ,US,NBA,2020-21
John O'Boyle,1,1953,1953,5,97,8,26,,,5,7,,10,5,,,,20,21,.308,,.714,19.4,4.2,2.0,1.0,,,"Mar 7, 1928",New York,New York ,US,NBA,1952-53
Jimmy O'Brien,4,1972,1975,303,6148,720,1791,18,102,337,406,185,618,1244,152,3,534,518,1795,.402,.176,.830,20.3,5.9,2.0,4.1,1.0,0.0,"Apr 9, 1950",Brooklyn,New York ,US,NBA,1971-72
Dermie O'Connell,2,1949,1950,82,,198,740,,,77,145,,,156,,,,131,473,.268,,.531,,5.8,,1.9,,,"Apr 13, 1928",New York,New York ,US,NBA,1948-49
Buddy O'Grady,3,1947,1949,146,,207,781,,,123,178,,,97,,,,178,537,.265,,.691,,3.7,,0.7,,,"Jan 19, 1920",New York,New York ,US,NBA,1946-47
Kyle O'Quinn,8,2013,2020,472,6714,1085,2099,31,142,367,496,628,2166,643,189,453,458,960,2568,.517,.218,.740,14.2,5.4,4.6,1.4,0.4,1.0,"Mar 26, 1990",Queens,New York ,US,NBA,2012-13
Player,Yrs,0,To,G,MP,FG,FGA,3P,3PA,FT,FTA,ORB,TRB,AST,STL,BLK,TOV,PF,PTS,FG%,3P%,FT%,MP,PTS,TRB,AST,STL,BLK,Date,City,New York ,US,NBA,-1-
Dan O'Sullivan,4,1991,1996,45,297,27,68,0,1,26,35,22,65,10,4,5,12,45,80,.397,.000,.743,6.6,1.8,1.4,0.2,0.1,0.1,"Mar 3, 1968",Bronx,New York ,US,NBA,1990-91
Greg Oden,3,2009,2014,105,2028,317,552,0,0,206,313,256,656,51,40,130,138,374,840,.574,,.658,19.3,8.0,6.2,0.5,0.4,1.2,"Jan 22, 1988",Buffalo,New York ,US,NBA,2008-09
Lamar Odom,14,2000,2013,961,32131,4811,10393,664,2126,2495,3599,1821,8059,3554,848,892,2253,2916,12781,.463,.312,.693,33.4,13.3,8.4,3.7,0.9,0.9,"Nov 6, 1979",Jamaica,New York ,US,NBA,1999-00
Daniel Oturu,2,2021,2022,33,188,25,58,1,6,12,17,22,53,10,4,9,9,25,63,.431,.167,.706,5.7,1.9,1.6,0.3,0.1,0.3,"Sep 20, 1999",Brooklyn,New York ,US,NBA,2020-21
Tariq Owens,1,2020,2020,3,15,1,5,0,2,2,2,2,3,0,1,0,0,1,4,.200,.000,1.000,5.0,1.3,1.0,0.0,0.3,0.0,"Jun 30, 1995",Utica,New York ,US,NBA,2019-20
Tom Owens,12,1972,1983,877,20836,3924,7645,5,23,2045,2753,2171,5985,1533,331,423,1542,2862,9898,.513,,.743,23.8,11.3,6.8,1.7,0.5,0.6,"Jun 28, 1949",Bronx,New York ,US,NBA,1971-72
Jaysean Paige,1,2022,2022,1,7,0,3,0,2,0,0,0,1,1,0,0,1,2,0,.000,.000,,7.0,0.0,1.0,1.0,0.0,0.0,"Jul 30, 1994",Jamestown,New York ,US,NBA,2021-22
Walter Palmer,2,1991,1993,48,209,42,102,0,1,16,24,18,65,11,4,9,16,49,100,.412,.000,.667,4.4,2.1,1.4,0.2,0.1,0.2,"Oct 23, 1968",Ithaca,New York ,US,NBA,1990-91
Smush Parker,5,2003,2008,274,7069,908,2129,289,838,364,514,119,659,791,336,44,496,606,2469,.426,.345,.708,25.8,9.0,2.4,2.9,1.2,0.2,"Jun 1, 1981",New York,New York ,US,NBA,2002-03
Eric Paschall,3,2020,2022,158,3085,580,1173,95,291,297,392,140,509,214,53,25,164,244,1552,.494,.326,.758,19.5,9.8,3.2,1.4,0.3,0.2,"Nov 4, 1996",North Tarrytown,New York ,US,NBA,2019-20
George Pastushok,1,1947,1947,39,,48,183,,,25,46,,,15,,,,42,121,.262,,.543,,3.1,,0.4,,,"Jul 13, 1922",Brooklyn,New York ,US,NBA,1946-47
Jake Pelkington,1,1949,1949,54,,193,469,,,211,267,,,131,,,,216,597,.412,,.790,,11.1,,2.4,,,"Jan 3, 1916",,New York ,US,NBA,1948-49
Sam Perkins,17,1985,2001,1286,36598,5498,11984,849,2348,3479,4292,2324,7666,1975,1105,933,1586,3177,15324,.459,.362,.811,28.5,11.9,6.0,1.5,0.9,0.7,"Jun 14, 1961",Brooklyn,New York ,US,NBA,1984-85
Ed Peterson,2,1950,1951,115,,297,774,,,210,335,,288,99,,,,386,804,.384,,.627,,7.0,5.4,0.9,,,"Jun 27, 1924",Buffalo,New York ,US,NBA,1949-50
Derrick Phelps,1,1995,1995,3,5,0,1,0,0,0,2,0,0,1,0,0,0,3,0,.000,,.000,1.7,0.0,0.0,0.3,0.0,0.0,"Jul 31, 1972",Queens,New York ,US,NBA,1994-95
Jalen Pickett,2,2024,2025,53,409,49,113,25,66,5,6,6,44,69,11,3,20,26,128,.434,.379,.833,7.7,2.4,0.8,1.3,0.2,0.1,"Oct 22, 1999",Rochester,New York ,US,NBA,2023-24
Ed Pinckney,12,1986,1997,793,15698,1915,3577,0,18,1548,2024,1487,3952,727,612,435,845,1531,5378,.535,.000,.765,19.8,6.8,5.0,0.9,0.8,0.5,"Mar 27, 1963",Bronx,New York ,US,NBA,1985-86
Shamorie Ponds,1,2020,2020,4,11,3,5,1,2,2,2,0,1,2,0,1,0,2,9,.600,.500,1.000,2.8,2.3,0.3,0.5,0.0,0.3,"Jun 29, 1998",Brooklyn,New York ,US,NBA,2019-20
Harold Pressley,4,1987,1990,299,6802,1075,2458,208,581,344,442,517,1339,628,275,188,410,670,2702,.437,.358,.778,22.7,9.0,4.5,2.1,0.9,0.6,"Jul 14, 1963",Bronx,New York ,US,NBA,1986-87
Tony Price,1,1981,1981,5,29,2,7,0,0,0,0,0,0,3,2,1,2,3,4,.286,,,5.8,0.8,0.0,0.6,0.4,0.2,"Jan 5, 1957",Bronx,New York ,US,NBA,1980-81
Player,Yrs,0,To,G,MP,FG,FGA,3P,3PA,FT,FTA,ORB,TRB,AST,STL,BLK,TOV,PF,PTS,FG%,3P%,FT%,MP,PTS,TRB,AST,STL,BLK,Date,City,New York ,US,NBA,-1-
Lester Quiñones,3,2023,2025,45,429,62,154,34,95,25,36,25,79,39,7,2,26,44,183,.403,.358,.694,9.5,4.1,1.8,0.9,0.2,0.0,"Nov 16, 2000",Brentwood,New York ,US,NBA,2022-23
Howie Rader,1,1949,1949,13,,7,45,,,3,10,,,14,,,,25,17,.156,,.300,,1.3,,1.1,,,"Mar 29, 1921",Brooklyn,New York ,US,NBA,1948-49
Andy Rautins,1,2011,2011,5,24,3,7,1,4,1,2,0,1,3,1,0,7,0,8,.429,.250,.500,4.8,1.6,0.2,0.6,0.2,0.0,"Nov 2, 1986",Syracuse,New York ,US,NBA,2010-11
Allan Ray,1,2007,2007,47,710,100,259,48,116,42,55,18,69,43,20,3,42,85,290,.386,.414,.764,15.1,6.2,1.5,0.9,0.4,0.1,"Jun 17, 1984",Bronx,New York ,US,NBA,2006-07
Frank Reddout,1,1954,1954,7,18,5,6,,,3,4,,9,0,,,,6,13,.833,,.750,2.6,1.9,1.3,0.0,,,"Mar 4, 1931",Naples,New York ,US,NBA,1953-54
Khalid Reeves,6,1995,2000,277,5837,744,1788,235,647,444,597,163,580,886,234,32,446,629,2167,.416,.363,.744,21.1,7.8,2.1,3.2,0.8,0.1,"Jul 15, 1972",Queens,New York ,US,NBA,1994-95
Billy Reid,1,1981,1981,59,597,84,185,0,5,22,39,27,60,71,33,5,78,111,190,.454,.000,.564,10.1,3.2,1.0,1.2,0.6,0.1,"Sep 10, 1957",New York,New York ,US,NBA,1980-81
Chick Reiser,3,1948,1950,171,,618,1927,,,537,696,,,346,,,,600,1773,.321,,.772,,10.4,,2.0,,,"Dec 17, 1914",New York,New York ,US,NBA,1947-48
Terrence Rencher,1,1996,1996,36,405,33,100,9,29,31,46,9,44,54,16,2,43,37,106,.330,.310,.674,11.3,2.9,1.2,1.5,0.4,0.1,"Feb 19, 1973",Bronx,New York ,US,NBA,1995-96
Jerry Reynolds,8,1986,1996,443,8379,1420,3399,28,124,1168,1560,467,1317,904,486,250,718,677,4036,.418,.226,.749,18.9,9.1,3.0,2.0,1.1,0.6,"Dec 23, 1962",Brooklyn,New York ,US,NBA,1985-86
Jared Rhoden,3,2023,2025,36,456,52,119,17,53,11,14,16,74,20,8,14,11,52,132,.437,.321,.786,12.7,3.7,2.1,0.6,0.2,0.4,"Aug 27, 1999",Baldwin,New York ,US,NBA,2022-23
Norm Richardson,1,2002,2002,11,67,10,26,4,8,6,9,3,8,2,0,0,3,5,30,.385,.500,.667,6.1,2.7,0.7,0.2,0.0,0.0,"Jul 24, 1979",Brooklyn,New York ,US,NBA,2001-02
Tom Riker,3,1973,1975,82,605,76,200,,,73,123,49,138,24,15,5,,85,225,.380,,.593,7.4,2.7,1.7,0.3,0.2,0.1,"Feb 28, 1950",Rockville Centre,New York ,US,NBA,1972-73
Pat Riley*,9,1968,1976,528,8187,1619,3914,,,668,948,79,855,913,112,13,,1152,3906,.414,,.705,15.5,7.4,1.6,1.7,0.6,0.1,"Mar 20, 1945",Rome,New York ,US,NBA,1967-68
Rich Rinaldi,3,1972,1974,84,881,165,424,0,1,75,102,7,98,74,5,1,1,75,405,.389,,.735,10.5,4.8,1.2,0.9,0.4,0.1,"Aug 3, 1949",Poughkeepsie,New York ,US,NBA,1971-72
Mike Riordan,9,1969,1977,639,15890,2773,5894,,,788,1059,261,1830,1524,231,35,,1490,6334,.470,,.744,24.9,9.9,2.9,2.4,0.8,0.1,"Jul 9, 1945",New York,New York ,US,NBA,1968-69
Marv Roberts,6,1972,1977,402,7743,1344,3102,3,9,654,846,666,1570,517,114,21,487,882,3345,.433,,.773,19.3,8.3,3.9,1.3,0.4,0.1,"Jan 29, 1950",Brooklyn,New York ,US,NBA,1971-72
Clifford Robinson,18,1990,2007,1380,42561,7389,16875,1253,3515,3560,5165,1852,6306,3094,1402,1390,2502,4175,19591,.438,.356,.689,30.8,14.2,4.6,2.2,1.0,1.0,"Dec 16, 1966",Buffalo,New York ,US,NBA,1989-90
Jamal Robinson,1,2001,2001,6,72,3,22,0,2,0,0,3,11,2,6,0,3,7,6,.136,.000,,12.0,1.0,1.8,0.3,1.0,0.0,"Dec 27, 1973",Jamaica,New York ,US,NBA,2000-01
John Roche,8,1972,1982,479,12709,2064,4402,185,521,1032,1303,171,736,1880,234,45,975,918,5345,.469,,.792,26.5,11.2,1.5,3.9,0.7,0.1,"Sep 26, 1949",New York,New York ,US,NBA,1971-72
Player,Yrs,0,To,G,MP,FG,FGA,3P,3PA,FT,FTA,ORB,TRB,AST,STL,BLK,TOV,PF,PTS,FG%,3P%,FT%,MP,PTS,TRB,AST,STL,BLK,Date,City,New York ,US,NBA,-1-
Sean Rooks,12,1993,2004,749,13560,1710,3725,2,22,1254,1795,943,2877,631,255,499,804,1657,4676,.459,.091,.699,18.1,6.2,3.8,0.8,0.3,0.7,"Sep 9, 1969",New York,New York ,US,NBA,1992-93
Rob Rose,1,1989,1989,2,3,0,1,0,0,0,0,1,2,0,0,0,0,0,0,.000,,,1.5,0.0,1.0,0.0,0.0,0.0,"Dec 27, 1964",Rochester,New York ,US,NBA,1988-89
Lennie Rosenbluth,2,1958,1959,82,578,134,410,,,74,113,,145,29,,,,59,342,.327,,.655,7.0,4.2,1.8,0.4,,,"Jan 22, 1933",New York,New York ,US,NBA,1957-58
Hank Rosenstein,1,1947,1947,60,,119,390,,,144,225,,,36,,,,172,382,.305,,.640,,6.4,,0.6,,,"Jun 16, 1920",Brooklyn,New York ,US,NBA,1946-47
Irv Rothenberg,3,1947,1949,131,,240,898,,,229,378,,,90,,,,351,709,.267,,.606,,5.4,,0.7,,,"Dec 31, 1921",The Bronx,New York ,US,NBA,1946-47
Jim Rowinski,2,1989,1990,23,127,15,36,0,0,27,32,18,34,5,1,2,10,19,57,.417,,.844,5.5,2.5,1.5,0.2,0.0,0.1,"Jan 4, 1961",Long Island,New York ,US,NBA,1988-89
Derrick Rowland,1,1986,1986,2,9,1,3,0,0,1,2,0,1,1,0,0,0,1,3,.333,,.500,4.5,1.5,0.5,0.5,0.0,0.0,"Jun 21, 1959",Brookhaven,New York ,US,NBA,1985-86
Trevor Ruffin,2,1995,1996,110,1870,347,845,142,383,175,220,29,155,317,57,4,196,184,1011,.411,.371,.795,17.0,9.2,1.4,2.9,0.5,0.0,"Sep 26, 1970",Buffalo,New York ,US,NBA,1994-95
Jeff Ruland,8,1982,1993,332,11088,2105,3734,3,19,1550,2159,1082,3378,1002,249,267,1212,1218,5763,.564,.158,.718,33.4,17.4,10.2,3.0,0.8,0.8,"Dec 16, 1958",Bayshore,New York ,US,NBA,1981-82
Matt Ryan,4,2022,2025,82,773,100,257,80,199,25,28,10,74,37,14,2,29,60,305,.389,.402,.893,9.4,3.7,0.9,0.5,0.2,0.0,"Apr 17, 1997",White Plains,New York ,US,NBA,2021-22
John Salley,11,1987,2000,748,16524,1871,3697,3,14,1483,2076,1226,3356,916,451,983,949,2399,5228,.506,.214,.714,22.1,7.0,4.5,1.2,0.6,1.3,"May 16, 1964",Brooklyn,New York ,US,NBA,1986-87
Tom Sanders*,13,1961,1973,916,22164,3416,7988,,,1934,2520,,5798,1026,,,,3044,8766,.428,,.767,24.2,9.6,6.3,1.1,,,"Nov 8, 1938",New York,New York ,US,NBA,1960-61
Ron Sanford,1,1972,1972,1,2,0,0,0,0,0,0,0,0,0,,,0,1,0,,,,2.0,0.0,0.0,0.0,,,"Jun 11, 1946",New York,New York ,US,NBA,1971-72
Bob Santini,1,1956,1956,4,23,5,10,,,1,2,,3,1,,,,4,11,.500,,.500,5.8,2.8,0.8,0.3,,,"Feb 17, 1935",Bronx,New York ,US,NBA,1955-56
Kenny Satterfield,2,2002,2003,75,1062,128,382,12,55,53,71,33,95,176,51,3,96,79,321,.335,.218,.746,14.2,4.3,1.3,2.3,0.7,0.0,"Apr 10, 1981",New York,New York ,US,NBA,2001-02
Don Savage,2,1952,1957,17,173,15,62,,,24,35,,31,14,,,,29,54,.242,,.686,10.2,3.2,1.8,0.8,,,"Apr 9, 1928",Syracuse,New York ,US,NBA,1951-52
Billy Schaeffer,3,1974,1976,137,1788,346,733,6,26,104,142,103,289,94,52,20,106,248,802,.472,.231,.732,13.1,5.9,2.1,0.7,0.4,0.1,"Dec 11, 1951",Bellerose,New York ,US,NBA,1973-74
Danny Schayes,18,1982,1999,1138,21975,2994,6228,4,30,2788,3461,1819,5671,1299,560,840,1572,3494,8780,.481,.133,.806,19.3,7.7,5.0,1.1,0.5,0.7,"May 10, 1959",Syracuse,New York ,US,NBA,1981-82
Dolph Schayes*,15,1950,1964,996,29800,5863,15427,,,6712,7904,,11256,3072,,,,3432,18438,.380,,.849,34.4,18.5,12.1,3.1,,,"May 19, 1928",New York,New York ,US,NBA,1949-50
Ossie Schectman,1,1947,1947,54,,162,588,,,111,179,,,109,,,,115,435,.276,,.620,,8.1,,2.0,,,"Mar 30, 1919",Kew Gardens,New York ,US,NBA,1946-47
Player,Yrs,0,To,G,MP,FG,FGA,3P,3PA,FT,FTA,ORB,TRB,AST,STL,BLK,TOV,PF,PTS,FG%,3P%,FT%,MP,PTS,TRB,AST,STL,BLK,Date,City,New York ,US,NBA,-1-
John Schweitz,2,1985,1987,22,117,25,75,0,4,7,10,6,22,18,0,1,16,14,57,.333,.000,.700,5.3,2.6,1.0,0.8,0.0,0.0,"Apr 19, 1960",Waterloo,New York ,US,NBA,1984-85
Charlie Scott*,10,1971,1980,717,25524,6000,13405,47,186,2790,3609,785,2846,3515,608,152,1315,2618,14837,.448,,.773,35.6,20.7,4.0,4.9,1.3,0.3,"Dec 15, 1948",New York,New York ,US,NBA,1970-71
Shawnelle Scott,4,1997,2002,105,634,78,168,0,0,33,71,104,228,20,14,23,36,123,189,.464,,.465,6.0,1.8,2.2,0.2,0.1,0.2,"Jun 16, 1972",New York,New York ,US,NBA,1996-97
Carey Scurry,3,1986,1988,180,2376,320,666,8,32,199,299,224,524,192,182,143,195,376,847,.480,.250,.666,13.2,4.7,2.9,1.1,1.0,0.8,"Dec 4, 1962",Brooklyn,New York ,US,NBA,1985-86
Malik Sealy,8,1993,2000,493,11720,1865,4375,158,541,1067,1319,505,1585,816,518,157,681,1087,4955,.426,.292,.809,23.8,10.1,3.2,1.7,1.1,0.3,"Feb 1, 1970",Bronx,New York ,US,NBA,1992-93
Ed Searcy,1,1976,1976,4,12,2,6,,,2,2,0,0,1,0,0,,4,6,.333,,1.000,3.0,1.5,0.0,0.3,0.0,0.0,"Apr 17, 1952",New York,New York ,US,NBA,1975-76
Phil Sellers,1,1977,1977,44,329,73,190,,,52,72,19,41,25,22,0,,56,198,.384,,.722,7.5,4.5,0.9,0.6,0.5,0.0,"Nov 20, 1953",Brooklyn,New York ,US,NBA,1976-77
Nick Shaback,1,1947,1947,53,,102,385,,,38,53,,,29,,,,75,242,.265,,.717,,4.6,,0.5,,,"Sep 10, 1918",Bronx,New York ,US,NBA,1946-47
God Shammgod,1,1998,1998,20,146,19,58,0,2,23,30,2,7,36,7,1,21,27,61,.328,.000,.767,7.3,3.1,0.4,1.8,0.4,0.1,"Apr 29, 1976",New York,New York ,US,NBA,1997-98
Steve Sheppard,2,1978,1979,106,977,155,338,,,57,90,92,178,62,22,4,71,98,367,.459,,.633,9.2,3.5,1.7,0.6,0.2,0.0,"Mar 21, 1954",New York,New York ,US,NBA,1977-78
Zeke Sinicola,2,1952,1954,12,48,5,20,,,3,8,,2,3,,,,10,13,.250,,.375,4.0,1.1,0.2,0.3,,,"Jan 25, 1929",New York,New York ,US,NBA,1951-52
Al Skinner,6,1975,1980,337,7315,1156,2559,3,11,767,944,344,1100,927,328,139,472,999,3082,.452,,.813,21.7,9.1,3.3,2.8,1.0,0.4,"Jun 16, 1952",Mount Vernon,New York ,US,NBA,1974-75
Kenny Smith,10,1988,1997,737,22213,3527,7352,664,1665,1679,2026,281,1454,4073,759,65,1649,1185,9397,.480,.399,.829,30.1,12.8,2.0,5.5,1.0,0.1,"Mar 8, 1965",Queens,New York ,US,NBA,1987-88
Michael Smith,3,1990,1995,141,1328,294,620,9,60,101,121,74,212,142,21,5,109,119,698,.474,.150,.835,9.4,5.0,1.5,1.0,0.1,0.0,"May 19, 1965",Rochester,New York ,US,NBA,1989-90
Randy Smith,12,1972,1983,976,31444,6676,14218,17,110,2893,3705,861,3597,4487,1403,57,1158,2556,16262,.470,,.781,32.2,16.7,3.7,4.6,1.7,0.1,"Dec 12, 1948",Bellport,New York ,US,NBA,1971-72
Russ Smith,2,2015,2016,27,131,15,47,3,16,20,26,2,15,19,8,1,19,18,53,.319,.188,.769,4.9,2.0,0.6,0.7,0.3,0.0,"Apr 19, 1991",New York,New York ,US,NBA,2014-15
Joe Smyth,1,1954,1954,40,495,48,138,,,35,65,,98,49,,,,53,131,.348,,.538,12.4,3.3,2.5,1.2,,,"May 22, 1929",New York,New York ,US,NBA,1953-54
Ricky Sobers,11,1976,1986,821,22992,4250,9262,130,447,2272,2695,672,2132,3525,1085,161,1973,2622,10902,.459,,.843,28.0,13.3,2.6,4.3,1.3,0.2,"Jan 15, 1953",Bronx,New York ,US,NBA,1975-76
James Southerland,1,2014,2014,4,30,5,15,3,6,1,2,0,8,0,1,2,1,3,14,.333,.500,.500,7.5,3.5,2.0,0.0,0.3,0.5,"Apr 28, 1990",Queens,New York ,US,NBA,2013-14
Lou Spicer,1,1947,1947,4,,0,7,,,1,2,,,0,,,,3,1,.000,,.500,,0.3,,0.0,,,"Nov 12, 1922",Watertown,New York ,US,NBA,1946-47
Player,Yrs,0,To,G,MP,FG,FGA,3P,3PA,FT,FTA,ORB,TRB,AST,STL,BLK,TOV,PF,PTS,FG%,3P%,FT%,MP,PTS,TRB,AST,STL,BLK,Date,City,New York ,US,NBA,-1-
Kevin Stacom,6,1975,1982,347,4539,769,1844,1,2,242,315,190,511,524,111,15,158,360,1781,.417,,.768,13.1,5.1,1.5,1.5,0.3,0.0,"Sep 4, 1951",New York,New York ,US,NBA,1974-75
Lance Stephenson,10,2011,2022,554,12680,1885,4240,373,1189,595,857,344,2251,1621,357,76,908,1086,4738,.445,.314,.694,22.9,8.6,4.1,2.9,0.6,0.1,"Sep 5, 1990",Brooklyn,New York ,US,NBA,2010-11
Isaiah Stewart,5,2021,2025,287,7148,982,1953,181,527,356,483,680,2076,372,116,302,337,754,2501,.503,.343,.737,24.9,8.7,7.2,1.3,0.4,1.1,"May 22, 2001",Rochester,New York ,US,NBA,2020-21
Kebu Stewart,1,1998,1998,15,110,12,26,0,0,16,25,9,31,2,5,2,8,13,40,.462,,.640,7.3,2.7,2.1,0.1,0.3,0.1,"Dec 19, 1973",Brooklyn,New York ,US,NBA,1997-98
Ed Stokes,1,1998,1998,4,17,1,3,0,0,1,2,1,4,1,1,2,2,4,3,.333,,.500,4.3,0.8,1.0,0.3,0.3,0.5,"Sep 3, 1971",Syracuse,New York ,US,NBA,1997-98
D.J. Strawberry,1,2008,2008,33,270,29,92,6,25,9,19,9,28,30,12,6,11,36,73,.315,.240,.474,8.2,2.2,0.8,0.9,0.4,0.2,"Jun 15, 1985",New York,New York ,US,NBA,2007-08
Rod Strickland,17,1989,2005,1094,33634,5418,11928,195,691,3432,4759,1172,4084,7987,1616,215,2862,2048,14463,.454,.282,.721,30.7,13.2,3.7,7.3,1.5,0.2,"Jul 11, 1966",Bronx,New York ,US,NBA,1988-89
Chris Taft,1,2006,2006,17,144,23,38,0,0,1,6,19,36,2,2,7,2,25,47,.605,,.167,8.5,2.8,2.1,0.1,0.1,0.4,"Mar 10, 1985",Brooklyn,New York ,US,NBA,2005-06
Sid Tanenbaum,2,1948,1949,70,,236,861,,,161,194,,,162,,,,107,633,.274,,.830,,9.0,,2.3,,,"Oct 8, 1925",Brooklyn,New York ,US,NBA,1947-48
Roy Tarpley,6,1987,1995,280,7476,1457,3014,6,34,613,824,964,2803,292,317,329,557,950,3533,.483,.176,.744,26.7,12.6,10.0,1.0,1.1,1.2,"Nov 28, 1964",New York,New York ,US,NBA,1986-87
Earl Tatum,4,1977,1980,262,5229,1109,2415,2,6,288,386,214,682,507,319,101,289,619,2508,.459,,.746,20.0,9.6,2.6,1.9,1.2,0.4,"Jul 26, 1953",Mount Vernon,New York ,US,NBA,1976-77
Ollie Taylor,4,1971,1974,262,6148,886,1945,18,77,749,1096,429,1090,628,20,6,580,698,2539,.456,.234,.683,23.5,9.7,4.2,2.4,0.6,0.2,"Mar 7, 1947",New York,New York ,US,NBA,1970-71
Sebastian Telfair,10,2005,2015,564,12149,1542,3953,361,1133,738,950,151,898,1960,413,75,859,1196,4183,.390,.319,.777,21.5,7.4,1.6,3.5,0.7,0.1,"Jun 9, 1985",Brooklyn,New York ,US,NBA,2004-05
Etan Thomas,9,2002,2011,409,7084,890,1734,0,0,561,930,677,1927,149,128,427,385,889,2341,.513,,.603,17.3,5.7,4.7,0.4,0.3,1.0,"Apr 1, 1978",Harlem,New York ,US,NBA,2001-02
Irving Thomas,1,1991,1991,26,108,17,50,0,0,12,21,14,31,10,4,1,13,24,46,.340,,.571,4.2,1.8,1.2,0.4,0.2,0.0,"Jan 2, 1966",Brooklyn,New York ,US,NBA,1990-91
Jamel Thomas,2,2000,2001,12,102,14,37,1,6,1,1,5,14,6,4,0,11,8,30,.378,.167,1.000,8.5,2.5,1.2,0.5,0.3,0.0,"Mar 25, 1973",Brooklyn,New York ,US,NBA,1999-00
James Thomas,2,2005,2006,33,267,22,39,0,0,10,20,29,76,5,4,7,14,48,54,.564,,.500,8.1,1.6,2.3,0.2,0.1,0.2,"Nov 22, 1980",Schenectady,New York ,US,NBA,2004-05
Lance Thomas,9,2012,2020,399,7323,748,1796,165,433,389,487,293,1021,266,148,55,266,683,2050,.416,.381,.799,18.4,5.1,2.6,0.7,0.4,0.1,"Apr 24, 1988",Brooklyn,New York ,US,NBA,2011-12
Trey Thompkins,1,2012,2012,24,119,24,61,4,13,5,7,4,24,3,3,3,6,10,57,.393,.308,.714,5.0,2.4,1.0,0.1,0.1,0.1,"May 20, 1990",Long Island,New York ,US,NBA,2011-12
George Thompson,6,1970,1975,437,14031,2954,6349,101,381,2105,2762,569,1457,1561,183,30,954,1210,8114,.465,,.762,32.1,18.6,3.3,3.6,1.2,0.2,"Nov 29, 1947",Brooklyn,New York ,US,NBA,1969-70
Player,Yrs,0,To,G,MP,FG,FGA,3P,3PA,FT,FTA,ORB,TRB,AST,STL,BLK,TOV,PF,PTS,FG%,3P%,FT%,MP,PTS,TRB,AST,STL,BLK,Date,City,New York ,US,NBA,-1-
Jack Thompson,1,1969,1969,2,4,1,3,0,1,0,0,1,1,2,,,2,0,2,.333,.000,,2.0,1.0,0.5,1.0,,,"Mar 26, 1946",New York,New York ,US,NBA,1968-69
Mel Thurston,1,1948,1948,14,,32,113,,,14,28,,,4,,,,42,78,.283,,.500,,5.6,,0.3,,,"Jan 16, 1919",Lockport,New York ,US,NBA,1947-48
Jamaal Tinsley,11,2002,2014,547,14443,1759,4481,397,1326,737,1029,345,1605,3330,776,155,1375,1306,4652,.393,.299,.716,26.4,8.5,2.9,6.1,1.4,0.3,"Feb 28, 1978",Brooklyn,New York ,US,NBA,2001-02
Mike Tobey,1,2017,2017,2,25,1,4,0,0,0,0,2,3,1,0,0,1,2,2,.250,,,12.5,1.0,1.5,0.5,0.0,0.0,"Oct 10, 1994",Monroe,New York ,US,NBA,2016-17
Nae'Qwan Tomlin,1,2025,2025,2,11,3,5,0,2,2,3,1,4,0,0,0,1,2,8,.600,.000,.667,5.5,4.0,2.0,0.0,0.0,0.0,"Dec 10, 2000",Harlem,New York ,US,NBA,2024-25
Bernard Toone,1,1980,1980,23,124,23,64,1,7,8,10,12,34,12,4,5,16,20,55,.359,.143,.800,5.4,2.4,1.5,0.5,0.2,0.2,"Jul 14, 1956",Yonkers,New York ,US,NBA,1979-80
Jacob Toppin,2,2024,2025,25,87,8,19,1,6,2,2,5,18,7,2,1,3,6,19,.421,.167,1.000,3.5,0.8,0.7,0.3,0.1,0.0,"May 8, 2000",Ossining,New York ,US,NBA,2023-24
Obi Toppin,5,2021,2025,335,5706,1081,2064,330,939,288,373,248,1129,384,145,121,226,442,2780,.524,.351,.772,17.0,8.3,3.4,1.1,0.4,0.4,"Mar 4, 1998",Brooklyn,New York ,US,NBA,2020-21
Irv Torgoff,3,1947,1949,147,,357,1451,,,283,367,,,106,,,,436,997,.246,,.771,,6.8,,0.7,,,"Mar 6, 1917",Brooklyn,New York ,US,NBA,1946-47
Bob Tough,2,1949,1950,82,,226,814,,,127,178,,,137,,,,141,579,.278,,.713,,7.1,,1.7,,,"Aug 28, 1920",New York,New York ,US,NBA,1948-49
Edwin Ubiles,1,2012,2012,4,52,5,18,1,5,3,3,2,10,1,1,1,1,1,14,.278,.200,1.000,13.0,3.5,2.5,0.3,0.3,0.3,"Nov 26, 1986",Brooklyn,New York ,US,NBA,2011-12
Charlie Villanueva,11,2006,2016,656,13578,2652,6097,716,2101,788,1021,795,3019,549,329,349,650,1453,6808,.435,.341,.772,20.7,10.4,4.6,0.8,0.5,0.5,"Aug 24, 1984",Queens,New York ,US,NBA,2005-06
Andy Walker,1,1977,1977,40,438,72,156,,,36,47,23,75,32,20,7,,59,180,.462,,.766,11.0,4.5,1.9,0.8,0.5,0.2,"Mar 25, 1955",Long Island City,New York ,US,NBA,1976-77
Foots Walker,10,1975,1984,658,15036,1538,3537,10,44,1113,1460,459,1686,3111,992,83,792,1414,4199,.435,,.762,22.9,6.4,2.6,4.7,1.5,0.1,"May 21, 1951",Southampton,New York ,US,NBA,1974-75
Kemba Walker,12,2012,2023,750,24810,4999,11954,1670,4642,2818,3354,418,2831,3938,923,282,1574,1111,14486,.418,.360,.840,33.1,19.3,3.8,5.3,1.2,0.4,"May 8, 1990",The Bronx,New York ,US,NBA,2011-12
John Wallace,7,1997,2004,381,6143,1152,2496,15,50,582,786,328,1061,281,134,216,470,706,2901,.462,.300,.740,16.1,7.6,2.8,0.7,0.4,0.6,"Feb 9, 1974",Rochester,New York ,US,NBA,1996-97
Isaac Walthour,1,1954,1954,4,30,1,6,,,0,0,,1,2,,,,6,2,.167,,,7.5,0.5,0.3,0.5,,,"Aug 25, 1930",New York City,New York ,US,NBA,1953-54
Bobby Wanzer*,9,1949,1957,568,12128,2268,5768,,,2388,2976,,1979,1830,,,,1275,6924,.393,,.802,32.5,12.2,4.5,3.2,,,"Jun 4, 1921",Brooklyn,New York ,US,NBA,1948-49
Pearl Washington,3,1987,1989,194,4044,666,1472,16,87,312,418,140,370,733,256,15,438,448,1660,.452,.184,.746,20.8,8.6,1.9,3.8,1.3,0.1,"Jan 6, 1964",Brooklyn,New York ,US,NBA,1986-87
Robert Werdann,3,1993,1997,47,273,37,98,0,1,27,47,31,81,9,13,8,20,65,101,.378,.000,.574,5.8,2.1,1.7,0.2,0.3,0.2,"Sep 12, 1970",Sunnyside,New York ,US,NBA,1992-93
Player,Yrs,0,To,G,MP,FG,FGA,3P,3PA,FT,FTA,ORB,TRB,AST,STL,BLK,TOV,PF,PTS,FG%,3P%,FT%,MP,PTS,TRB,AST,STL,BLK,Date,City,New York ,US,NBA,-1-
Ray Wertis,2,1947,1948,68,,92,438,,,62,105,,,45,,,,95,246,.210,,.590,,3.6,,0.7,,,"Jul 30, 1923",Elmhurst,New York ,US,NBA,1946-47
Isaiah Whitehead,2,2017,2018,89,1823,244,594,51,167,104,132,36,210,212,50,38,166,198,643,.411,.305,.788,20.5,7.2,2.4,2.4,0.6,0.4,"Mar 8, 1995",Brooklyn,New York ,US,NBA,2016-17
Hank Whitney,3,1968,1970,145,3032,518,1284,0,1,303,438,211,1102,168,,,206,502,1339,.403,.000,.692,20.9,9.2,7.6,1.2,,,"Apr 28, 1939",Brooklyn,New York ,US,NBA,1967-68
Lenny Wilkens*,15,1961,1975,1077,38064,6189,14327,,,5394,6973,118,5030,7211,174,26,,3285,17772,.432,,.774,35.3,16.5,4.7,6.7,1.3,0.2,"Oct 28, 1937",Brooklyn,New York ,US,NBA,1960-61
Fly Williams,1,1975,1975,71,1239,297,643,2,14,69,101,72,181,142,64,10,177,156,665,.462,.143,.683,17.5,9.4,2.5,2.0,0.9,0.1,"Feb 18, 1953",Brooklyn,New York ,US,NBA,1974-75
Gus Williams,11,1976,1987,825,25645,5793,12570,108,454,2399,3173,818,2222,4597,1638,291,1646,1637,14093,.461,,.756,31.1,17.1,2.7,5.6,2.0,0.4,"Oct 10, 1953",Mount Vernon,New York ,US,NBA,1975-76
Jeenathan Williams,3,2023,2025,34,295,63,107,8,20,9,16,23,43,21,10,6,12,26,143,.589,.400,.563,8.7,4.2,1.3,0.6,0.3,0.2,"Feb 12, 1999",Rochester,New York ,US,NBA,2022-23
Kevin Williams,5,1984,1989,260,2947,495,1138,2,26,276,343,159,356,319,167,34,254,580,1268,.435,.077,.805,11.3,4.9,1.4,1.2,0.6,0.1,"Sep 11, 1961",New York,New York ,US,NBA,1983-84
Ray Williams,10,1978,1987,655,18462,3962,8794,91,384,2143,2673,814,2370,3779,1198,208,2099,2165,10158,.451,,.802,28.2,15.5,3.6,5.8,1.8,0.3,"Oct 14, 1954",Mount Vernon,New York ,US,NBA,1977-78
Rickey Williams,1,1983,1983,44,346,56,135,0,3,35,53,15,38,37,20,4,38,42,147,.415,.000,.660,7.9,3.3,0.9,0.8,0.5,0.1,"Mar 12, 1957",Buffalo,New York ,US,NBA,1982-83
Shammond Williams,7,1999,2007,325,5351,676,1684,256,700,284,356,106,518,765,196,14,331,379,1892,.401,.366,.798,16.5,5.8,1.6,2.4,0.6,0.0,"Apr 5, 1975",Bronx,New York ,US,NBA,1998-99
Brian Winters,9,1975,1983,650,19938,4490,9457,114,314,1443,1713,470,1688,2674,792,190,1014,1830,10537,.475,,.842,30.7,16.2,2.6,4.1,1.2,0.3,"Mar 1, 1952",Rockaway,New York ,US,NBA,1974-75
Dave Wohl,7,1972,1978,410,8142,1015,2361,,,523,697,63,558,1397,219,18,16,1027,2553,.430,,.750,19.9,6.2,1.4,3.4,0.9,0.1,"Nov 2, 1949",Flushing,New York ,US,NBA,1971-72
Howard Wood,1,1982,1982,42,342,55,120,0,1,34,52,22,65,9,8,6,15,37,144,.458,.000,.654,8.1,3.4,1.5,0.2,0.2,0.1,"May 20, 1959",Southhampton,New York ,US,NBA,1981-82
Metta World Peace,17,2000,2017,991,31440,4666,11266,1154,3402,2572,3596,1159,4448,2631,1721,522,1791,2586,13058,.414,.339,.715,31.7,13.2,4.5,2.7,1.7,0.5,"Nov 13, 1979",Queensbridge,New York ,US,NBA,1999-00
Willie Worsley,1,1969,1969,24,460,36,123,10,30,63,84,6,35,39,,,32,48,145,.293,.333,.750,19.2,6.0,1.5,1.6,,,"Nov 13, 1945",Bronx,New York ,US,NBA,1968-69
Sam Worthen,2,1981,1982,69,967,97,197,0,4,45,60,23,116,118,57,6,93,118,239,.492,.000,.750,14.0,3.5,1.7,1.7,0.8,0.1,"Jan 17, 1958",Brooklyn,New York ,US,NBA,1980-81
Leroy Wright,2,1968,1969,27,426,28,73,0,0,9,27,12,138,15,,,22,64,65,.384,,.333,15.8,2.4,5.1,0.6,,,"May 6, 1938",New York,New York ,US,NBA,1967-68
Justin Wright-Foreman,1,2020,2020,4,45,7,20,2,10,3,4,0,5,7,2,0,3,5,19,.350,.200,.750,11.3,4.8,1.3,1.8,0.5,0.0,"Oct 27, 1997",Queens,New York ,US,NBA,2019-20
A.J. Wynder,1,1991,1991,6,39,3,12,0,1,6,8,1,3,8,1,0,4,1,12,.250,.000,.750,6.5,2.0,0.5,1.3,0.2,0.0,"Sep 11, 1964",Bronx,New York ,US,NBA,1990-91
Player,Yrs,0,To,G,MP,FG,FGA,3P,3PA,FT,FTA,ORB,TRB,AST,STL,BLK,TOV,PF,PTS,FG%,3P%,FT%,MP,PTS,TRB,AST,STL,BLK,Date,City,New York ,US,NBA,-1-
Charlie Yelverton,1,1972,1972,69,1227,206,530,,,133,188,,201,81,,,,145,545,.389,,.707,17.8,7.9,2.9,1.2,,,"Dec 5, 1948",New York,New York ,US,NBA,1971-72
Max Zaslofsky,10,1947,1956,540,6760,2854,8313,,,2282,2969,,864,1093,,,,1291,7990,.343,,.769,28.3,14.8,2.8,2.0,,,"Dec 7, 1925",Brooklyn,New York ,US,NBA,1946-47
Zeke Zawoluk,3,1953,1955,179,3534,396,1065,,,418,545,,732,217,,,,450,1210,.372,,.767,19.7,6.8,4.1,1.2,,,"Oct 13, 1930",Brooklyn,New York ,US,NBA,1952-53
George Adams,3,1973,1975,215,3903,716,1440,4,17,216,272,313,873,317,88,59,292,372,1652,.497,.235,.794,18.2,7.7,4.1,1.5,0.6,0.4,"May 15, 1949",Kings Mountain,North Carolina ,US,NBA,1972-73
Ty-Shon Alexander,1,2021,2021,15,47,3,12,2,9,1,2,2,10,6,0,1,3,2,9,.250,.222,.500,3.1,0.6,0.7,0.4,0.0,0.1,"Jul 16, 1998",Charlotte,North Carolina ,US,NBA,2020-21
Kadeem Allen,3,2018,2020,47,640,90,207,22,63,56,74,14,71,109,24,8,43,68,258,.435,.349,.757,13.6,5.5,1.5,2.3,0.5,0.2,"Jan 15, 1993",Wilmington,North Carolina ,US,NBA,2017-18
Darrell Armstrong,14,1995,2008,840,19915,2663,6507,923,2763,1463,1679,654,2269,3394,1133,98,1556,1398,7712,.409,.334,.871,23.7,9.2,2.7,4.0,1.3,0.1,"Jun 22, 1968",Gastonia,North Carolina ,US,NBA,1994-95
Anthony Avent,6,1993,2000,352,6729,814,2019,0,2,330,481,560,1584,278,166,211,416,824,1958,.403,.000,.686,19.1,5.6,4.5,0.8,0.5,0.6,"Oct 18, 1969",Rocky Mount,North Carolina ,US,NBA,1992-93
Gus Bailey,5,1975,1980,147,1346,156,384,1,1,76,149,95,244,168,56,43,45,150,389,.406,,.510,9.2,2.6,1.7,1.1,0.4,0.3,"Feb 18, 1951",Gibson,North Carolina ,US,NBA,1974-75
Norton Barnhill,1,1977,1977,4,10,2,6,,,0,0,2,3,1,0,0,,5,4,.333,,,2.5,1.0,0.8,0.3,0.0,0.0,"Jul 15, 1953",Winston-Salem,North Carolina ,US,NBA,1976-77
Kent Bazemore,10,2013,2022,657,13546,1929,4668,694,1947,862,1190,237,2072,1154,658,309,905,1338,5414,.413,.356,.724,20.6,8.2,3.2,1.8,1.0,0.5,"Jul 1, 1989",Kelford,North Carolina ,US,NBA,2012-13
Walt Bellamy*,14,1962,1975,1043,38940,7914,15340,,,5113,8088,264,14241,2544,52,48,,3536,20941,.516,,.632,37.3,20.1,13.7,2.4,0.7,0.6,"Jul 24, 1939",New Bern,North Carolina ,US,NBA,1961-62
DeAndre' Bembry,6,2017,2022,296,5670,720,1519,106,375,204,334,185,950,533,291,120,367,533,1750,.474,.283,.611,19.2,5.9,3.2,1.8,1.0,0.4,"Jul 4, 1994",Charlotte,North Carolina ,US,NBA,2016-17
Saddiq Bey,4,2021,2024,292,8804,1372,3360,650,1846,709,842,415,1532,538,246,54,281,449,4103,.408,.352,.842,30.2,14.1,5.2,1.8,0.8,0.2,"Apr 9, 1999",Charlotte,North Carolina ,US,NBA,2020-21
Henry Bibby,9,1973,1981,675,15475,2149,5073,43,147,1434,1834,463,1581,2259,561,34,573,1364,5775,.424,,.782,22.9,8.6,2.3,3.3,0.9,0.1,"Nov 24, 1949",Franklinton,North Carolina ,US,NBA,1972-73
Leaky Black,1,2024,2024,26,284,25,52,9,20,10,15,9,48,24,8,11,6,19,69,.481,.450,.667,10.9,2.7,1.8,0.9,0.3,0.4,"Jun 14, 1999",Concord,North Carolina ,US,NBA,2023-24
Ky Bowman,1,2020,2020,45,1015,134,321,33,107,34,41,24,121,131,44,10,70,102,335,.417,.308,.829,22.6,7.4,2.7,2.9,1.0,0.2,"Jun 16, 1997",Havelock,North Carolina ,US,NBA,2019-20
Jesse Branson,2,1966,1968,83,1906,377,883,2,9,335,477,,550,68,,,115,252,1091,.427,,.702,23.0,13.1,6.6,0.8,,,"Jan 7, 1942",Burlington,North Carolina ,US,NBA,1965-66
Wayman Britt,1,1978,1978,7,16,3,10,,,3,4,1,4,2,1,0,1,3,9,.300,,.750,2.3,1.3,0.6,0.3,0.1,0.0,"Aug 31, 1952",Wilson's Mills,North Carolina ,US,NBA,1977-78
Bill Bunting,3,1970,1972,145,1939,214,508,0,1,195,247,180,417,95,,,127,274,623,.421,.000,.789,13.4,4.3,2.9,0.7,,,"Aug 26, 1947",New Bern,North Carolina ,US,NBA,1969-70
Tom Burleson,7,1975,1981,446,9425,1568,3526,0,3,1054,1452,918,2794,601,312,591,236,1317,4190,.445,,.726,21.1,9.4,6.3,1.3,0.7,1.3,"Feb 24, 1952",Crossnore,North Carolina ,US,NBA,1974-75
Junior Burrough,1,1996,1996,61,495,64,170,0,0,61,93,45,109,15,15,10,40,74,189,.376,,.656,8.1,3.1,1.8,0.2,0.2,0.2,"Jan 18, 1973",Charlotte,North Carolina ,US,NBA,1995-96
Jim Caldwell,2,1968,1969,137,3085,390,917,2,15,186,295,133,1052,278,,,218,446,968,.425,,.631,22.5,7.1,7.7,2.0,,,"Jan 28, 1943",Durham,North Carolina ,US,NBA,1967-68
Player,Yrs,0,To,G,MP,FG,FGA,3P,3PA,FT,FTA,ORB,TRB,AST,STL,BLK,TOV,PF,PTS,FG%,3P%,FT%,MP,PTS,TRB,AST,STL,BLK,Date,City,North Carolina ,US,NBA,-1-
M.L. Carr,10,1976,1985,678,16390,2710,5740,42,153,1297,1761,1089,3054,1336,939,270,1029,1709,6759,.472,,.737,24.2,10.0,4.5,2.0,1.4,0.4,"Jan 9, 1951",Wallace,North Carolina ,US,NBA,1975-76
D.J. Carton,2,2024,2025,8,69,4,15,1,7,5,6,2,8,6,3,0,5,4,14,.267,.143,.833,8.6,1.8,1.0,0.8,0.4,0.0,"Aug 5, 2000",Pineville,North Carolina ,US,NBA,2023-24
Gary Clark,4,2019,2022,170,2240,177,504,139,427,31,37,117,431,84,52,62,44,148,524,.351,.326,.838,13.2,3.1,2.5,0.5,0.3,0.4,"Nov 16, 1994",Smithfield,North Carolina ,US,NBA,2018-19
Jim Cleamons,9,1972,1980,652,16994,2242,4870,7,31,921,1204,570,1981,2531,533,120,364,1237,5412,.460,,.765,26.1,8.3,3.0,3.9,1.0,0.2,"Sep 13, 1949",Lincolnton,North Carolina ,US,NBA,1971-72
Chris Clemons,1,2020,2020,33,291,57,142,37,107,10,11,4,30,27,9,6,19,26,161,.401,.346,.909,8.8,4.9,0.9,0.8,0.3,0.2,"Jul 23, 1997",Raleigh,North Carolina ,US,NBA,2019-20
Richard Coffey,1,1991,1991,52,320,28,75,0,1,12,22,42,79,3,6,4,5,45,68,.373,.000,.545,6.2,1.3,1.5,0.1,0.1,0.1,"Sep 2, 1965",Aurora,North Carolina ,US,NBA,1990-91
Ricky Council IV,2,2024,2025,80,968,154,355,45,140,116,149,44,151,69,28,8,31,57,469,.434,.321,.779,12.1,5.9,1.9,0.9,0.4,0.1,"Aug 3, 2001",Durham,North Carolina ,US,NBA,2023-24
Geoff Crompton,5,1979,1984,82,495,40,108,0,0,19,43,47,139,28,10,23,43,91,99,.370,,.442,6.0,1.2,1.7,0.3,0.1,0.3,"Jul 4, 1955",Burlington,North Carolina ,US,NBA,1978-79
JamesOn Curry,1,2010,2010,1,0,0,0,0,0,0,0,0,0,0,0,0,0,0,0,,,,0.0,0.0,0.0,0.0,0.0,0.0,"Jan 7, 1986",Pleasant Grove,North Carolina ,US,NBA,2009-10
Seth Curry,11,2014,2025,529,11996,1950,4143,916,2122,504,583,169,1084,1006,354,72,517,801,5320,.471,.432,.864,22.7,10.1,2.0,1.9,0.7,0.1,"Aug 23, 1990",Charlotte,North Carolina ,US,NBA,2013-14
Brad Daugherty,8,1987,1994,548,20029,3823,7189,2,14,2741,3670,1207,5227,2028,422,397,1511,1466,10389,.532,.143,.747,36.5,19.0,9.5,3.7,0.8,0.7,"Oct 19, 1965",Black Mountain,North Carolina ,US,NBA,1986-87
Hubert Davis,12,1993,2004,685,15143,2108,4600,728,1651,639,763,209,1045,1172,297,44,646,1011,5583,.458,.441,.837,22.1,8.2,1.5,1.7,0.4,0.1,"May 17, 1970",Winston-Salem,North Carolina ,US,NBA,1992-93
Lee Davis,8,1969,1976,453,7805,1510,3130,7,37,484,797,815,2195,435,68,80,420,1071,3511,.482,.189,.607,17.2,7.8,4.8,1.0,0.4,0.5,"Oct 11, 1945",Raleigh,North Carolina ,US,NBA,1968-69
Walter Davis*,15,1978,1992,1033,28859,8118,15871,157,577,3128,3676,889,3053,3878,1280,133,2541,2454,19521,.511,,.851,27.9,18.9,3.0,3.8,1.2,0.1,"Sep 9, 1954",Pineville,North Carolina ,US,NBA,1977-78
Tony Dawson,2,1991,1995,6,30,7,15,2,4,1,1,2,5,1,0,0,3,4,17,.467,.500,1.000,5.0,2.8,0.8,0.2,0.0,0.0,"Aug 25, 1967",Kinston,North Carolina ,US,NBA,1990-91
Kenny Dennard,3,1982,1984,95,1244,109,254,3,10,47,73,104,286,93,74,17,69,191,268,.429,.300,.644,13.1,2.8,3.0,1.0,0.8,0.2,"Oct 18, 1958",King,North Carolina ,US,NBA,1981-82
Randy Denton,6,1972,1977,413,10184,2035,4303,3,14,676,868,1200,3547,528,135,126,581,1058,4749,.473,,.779,24.7,11.5,8.6,1.3,0.5,0.5,"Feb 18, 1949",Raleigh,North Carolina ,US,NBA,1971-72
Rob Dillingham,1,2025,2025,33,412,78,174,23,63,5,10,8,38,80,13,0,43,30,184,.448,.365,.500,12.5,5.6,1.2,2.4,0.4,0.0,"Jan 4, 2005",Hickory,North Carolina ,US,NBA,2024-25
Byron Dinkins,2,1990,1991,45,511,58,143,1,9,34,39,13,52,94,21,2,50,45,151,.406,.111,.872,11.4,3.4,1.2,2.1,0.5,0.0,"Jun 15, 1967",Charlotte,North Carolina ,US,NBA,1989-90
Jacob Evans,2,2019,2020,59,622,63,187,17,54,25,30,15,66,54,16,15,36,69,168,.337,.315,.833,10.5,2.8,1.1,0.9,0.3,0.3,"Jun 18, 1997",Jacksonville,North Carolina ,US,NBA,2018-19
Player,Yrs,0,To,G,MP,FG,FGA,3P,3PA,FT,FTA,ORB,TRB,AST,STL,BLK,TOV,PF,PTS,FG%,3P%,FT%,MP,PTS,TRB,AST,STL,BLK,Date,City,North Carolina ,US,NBA,-1-
Mike Evans,9,1980,1988,591,9858,1835,4060,231,753,630,781,184,808,1514,430,51,818,1173,4531,.452,.307,.807,16.7,7.7,1.4,2.6,0.7,0.1,"Apr 19, 1955",Goldsboro,North Carolina ,US,NBA,1979-80
Sleepy Floyd,13,1983,1995,957,26383,4448,10015,518,1599,2846,3493,626,2494,5175,1120,215,2251,1972,12260,.444,.324,.815,27.6,12.8,2.6,5.4,1.2,0.2,"Mar 6, 1960",Gastonia,North Carolina ,US,NBA,1982-83
Phil Ford,7,1979,1985,482,13503,2128,4560,25,119,1313,1602,161,854,3083,589,29,1326,1269,5594,.467,,.820,28.0,11.6,1.8,6.4,1.2,0.1,"Feb 9, 1956",Rocky Mount,North Carolina ,US,NBA,1978-79
Todd Fuller,5,1997,2001,225,2500,317,752,0,4,201,301,240,674,46,34,60,146,351,835,.422,.000,.668,11.1,3.7,3.0,0.2,0.2,0.3,"Jul 25, 1974",Fayetteville,North Carolina ,US,NBA,1996-97
Bob Gantt,1,1947,1947,23,,29,89,,,13,28,,,5,,,,45,71,.326,,.464,,3.1,,0.2,,,"Jun 22, 1922",Durham,North Carolina ,US,NBA,1946-47
Kenny Gattison,9,1987,1996,494,9927,1536,2956,1,12,850,1309,744,2327,444,290,327,602,1419,3923,.520,.083,.649,20.1,7.9,4.7,0.9,0.6,0.7,"May 23, 1964",Wilmington,North Carolina ,US,NBA,1986-87
Mel Gibson,1,1964,1964,9,53,6,20,,,1,2,,4,6,,,,10,13,.300,,.500,5.9,1.4,0.4,0.7,,,"Dec 30, 1940",Cordova,North Carolina ,US,NBA,1963-64
Harry Giles,4,2019,2024,165,1935,379,746,11,45,119,180,152,573,180,63,56,143,338,888,.508,.244,.661,11.7,5.4,3.5,1.1,0.4,0.3,"Apr 22, 1998",Winston-Salem,North Carolina ,US,NBA,2018-19
Anthony Gill,5,2021,2025,217,1987,261,506,41,136,150,199,129,360,113,41,40,70,221,713,.516,.301,.754,9.2,3.3,1.7,0.5,0.2,0.2,"Oct 17, 1992",High Point,North Carolina ,US,NBA,2020-21
Herm Gilliam,8,1970,1977,578,15026,2696,6120,,,860,1086,257,2175,2225,369,49,,1519,6252,.441,,.792,26.0,10.8,3.8,3.8,1.3,0.2,"May 5, 1946",Winston-Salem,North Carolina ,US,NBA,1969-70
Devonte' Graham,6,2019,2024,336,8359,1189,3202,767,2167,588,724,135,758,1448,258,53,470,428,3733,.371,.354,.812,24.9,11.1,2.3,4.3,0.8,0.2,"Feb 22, 1995",Raleigh,North Carolina ,US,NBA,2018-19
Happy Hairston,11,1965,1975,776,24330,4240,8872,,,3025,4080,639,8019,1268,116,28,,2334,11505,.478,,.741,31.4,14.8,10.3,1.6,0.8,0.2,"May 31, 1942",Winston-Salem,North Carolina ,US,NBA,1964-65
P.J. Hairston,2,2015,2016,111,2000,232,677,119,404,81,100,47,266,59,53,24,63,198,664,.343,.295,.810,18.0,6.0,2.4,0.5,0.5,0.2,"Dec 24, 1992",Greensboro,North Carolina ,US,NBA,2014-15
Josh Hall,1,2021,2021,21,336,30,99,4,37,22,44,6,59,28,4,1,25,37,86,.303,.108,.500,16.0,4.1,2.8,1.3,0.2,0.0,"Oct 8, 2000",Greenville,North Carolina ,US,NBA,2020-21
Reggie Hanson,1,1998,1998,8,26,3,6,0,0,0,0,3,6,1,2,1,3,8,6,.500,,,3.3,0.8,0.8,0.1,0.3,0.1,"Oct 6, 1968",Charlotte,North Carolina ,US,NBA,1997-98
Montrezl Harrell,8,2016,2023,515,10545,2506,4050,9,83,1199,1807,930,2588,675,269,404,550,1058,6220,.619,.108,.664,20.5,12.1,5.0,1.3,0.5,0.8,"Jan 26, 1994",Tarboro,North Carolina ,US,NBA,2015-16
Junior Harrington,3,2003,2007,140,3096,290,782,20,73,133,193,69,381,428,126,25,250,401,733,.371,.274,.689,22.1,5.2,2.7,3.1,0.9,0.2,"Oct 2, 1980",Wagram,North Carolina ,US,NBA,2002-03
Dick Hemric,2,1956,1957,138,2384,270,717,,,323,483,,703,102,,,,240,863,.377,,.669,17.3,6.3,5.1,0.7,,,"Aug 29, 1933",Jonesville,North Carolina ,US,NBA,1955-56
Dave Henderson,1,1988,1988,22,351,47,116,0,1,32,47,11,35,34,12,5,40,41,126,.405,.000,.681,16.0,5.7,1.6,1.5,0.5,0.2,"Jul 21, 1964",Henderson,North Carolina ,US,NBA,1987-88
John Henson,8,2013,2020,445,8752,1438,2661,20,80,487,857,802,2368,496,211,642,496,998,3383,.540,.250,.568,19.7,7.6,5.3,1.1,0.5,1.4,"Dec 28, 1990",Greensboro,North Carolina ,US,NBA,2012-13
Player,Yrs,0,To,G,MP,FG,FGA,3P,3PA,FT,FTA,ORB,TRB,AST,STL,BLK,TOV,PF,PTS,FG%,3P%,FT%,MP,PTS,TRB,AST,STL,BLK,Date,City,North Carolina ,US,NBA,-1-
Isaiah Hicks,2,2018,2019,21,272,37,80,2,9,16,23,12,48,18,3,7,17,50,92,.463,.222,.696,13.0,4.4,2.3,0.9,0.1,0.3,"Jul 24, 1994",Oxford,North Carolina ,US,NBA,2017-18
Nate Hinton,3,2021,2024,38,170,26,69,11,33,11,15,8,31,18,10,4,9,19,74,.377,.333,.733,4.5,1.9,0.8,0.5,0.3,0.1,"Jun 8, 1999",Gastonia,North Carolina ,US,NBA,2020-21
Brian Howard,2,1992,1993,95,1613,237,518,2,9,94,125,83,263,81,66,42,83,272,570,.458,.222,.752,17.0,6.0,2.8,0.9,0.7,0.4,"Oct 19, 1967",Winston-Salem,North Carolina ,US,NBA,1991-92
Josh Howard,10,2004,2013,507,15350,2759,6161,342,1029,1410,1830,846,2886,817,530,276,723,1297,7270,.448,.332,.770,30.3,14.3,5.7,1.6,1.0,0.5,"Apr 28, 1980",Winston-Salem,North Carolina ,US,NBA,2003-04
Lou Hudson*,13,1967,1979,890,29794,7392,15129,,,3156,3960,436,3926,2432,516,98,249,2439,17940,.489,,.797,33.5,20.2,4.4,2.7,1.4,0.3,"Jul 11, 1944",Greensboro,North Carolina ,US,NBA,1966-67
Jay Huff,4,2022,2025,78,739,144,273,73,176,54,66,32,134,43,17,49,35,87,415,.527,.415,.818,9.5,5.3,1.7,0.6,0.2,0.6,"Aug 25, 1998",Durham,North Carolina ,US,NBA,2021-22
Othello Hunter,2,2009,2010,23,125,15,32,0,0,3,9,15,36,1,2,6,5,16,33,.469,,.333,5.4,1.4,1.6,0.0,0.1,0.3,"May 28, 1986",Winston-Salem,North Carolina ,US,NBA,2008-09
Brandon Ingram,9,2017,2025,495,16316,3528,7541,687,1892,1913,2429,361,2566,2130,358,280,1268,1198,9656,.468,.363,.788,33.0,19.5,5.2,4.3,0.7,0.6,"Sep 2, 1997",Kinston,North Carolina ,US,NBA,2016-17
Bobby Jackson,12,1998,2009,755,16790,2755,6601,689,1947,1145,1444,623,2347,1945,704,68,1014,1372,7344,.417,.354,.793,22.2,9.7,3.1,2.6,0.9,0.1,"Mar 13, 1973",East Spencer,North Carolina ,US,NBA,1997-98
DeMarco Johnson,1,2000,2000,5,37,3,9,0,0,0,0,3,7,0,1,0,3,5,6,.333,,,7.4,1.2,1.4,0.0,0.2,0.0,"Oct 6, 1975",Charlotte,North Carolina ,US,NBA,1999-00
Darius Johnson-Odom,2,2013,2014,7,21,0,11,0,4,0,2,1,6,2,1,0,2,3,0,.000,.000,.000,3.0,0.0,0.9,0.3,0.1,0.0,"Sep 28, 1989",Raleigh,North Carolina ,US,NBA,2012-13
Bobby Jones*,12,1975,1986,941,25728,4451,7953,0,17,2489,3251,1759,5739,2522,1387,1319,1683,2620,11391,.560,,.766,27.3,12.1,6.1,2.7,1.5,1.4,"Dec 18, 1951",Charlotte,North Carolina ,US,NBA,1974-75
Sam Jones*,12,1958,1969,871,24285,6271,13745,,,2869,3572,,4305,2209,,,,1735,15411,.456,,.803,27.9,17.7,4.9,2.5,,,"Jun 24, 1933",Laurinburg,North Carolina ,US,NBA,1957-58
Clarence Kea,2,1981,1982,51,447,63,130,0,1,72,104,54,128,19,10,4,32,99,198,.485,.000,.692,8.8,3.9,2.5,0.4,0.2,0.1,"Feb 2, 1959",Wilmington,North Carolina ,US,NBA,1980-81
Goo Kennedy,6,1972,1977,333,6782,1143,2085,1,1,452,675,670,1866,299,140,32,371,1055,2739,.548,,.670,20.4,8.2,5.6,0.9,0.7,0.2,"Aug 23, 1949",Charlotte,North Carolina ,US,NBA,1971-72
Braxton Key,3,2022,2024,34,266,41,90,8,26,15,23,16,69,20,12,12,12,31,105,.456,.308,.652,7.8,3.1,2.0,0.6,0.4,0.4,"Feb 14, 1997",Charlotte,North Carolina ,US,NBA,2021-22
Chris King,3,1994,1999,103,2058,271,640,46,120,105,166,108,311,116,74,34,119,183,693,.423,.383,.633,20.0,6.7,3.0,1.1,0.7,0.3,"Jul 24, 1969",Newton Grove,North Carolina ,US,NBA,1993-94
George King,2,2019,2022,5,25,0,5,0,4,1,2,0,6,0,0,0,1,4,1,.000,.000,.500,5.0,0.2,1.2,0.0,0.0,0.0,"Jan 15, 1994",Fayetteville,North Carolina ,US,NBA,2018-19
Loyd King,2,1972,1973,84,1255,191,523,21,90,103,127,38,125,117,,,80,188,506,.365,.233,.811,14.9,6.0,1.5,1.4,,,"May 29, 1949",Asheville,North Carolina ,US,NBA,1971-72
Rod Knowles,1,1969,1969,9,43,4,14,0,0,1,3,0,9,0,,,0,11,9,.286,,.333,4.8,1.0,1.0,0.0,,,"Feb 27, 1946",Washington,North Carolina ,US,NBA,1968-69
Player,Yrs,0,To,G,MP,FG,FGA,3P,3PA,FT,FTA,ORB,TRB,AST,STL,BLK,TOV,PF,PTS,FG%,3P%,FT%,MP,PTS,TRB,AST,STL,BLK,Date,City,North Carolina ,US,NBA,-1-
Rusty LaRue,5,1998,2004,98,1565,187,497,54,170,58,69,22,126,152,62,11,94,147,486,.376,.318,.841,16.0,5.0,1.3,1.6,0.6,0.1,"Dec 10, 1973",Winston-Salem,North Carolina ,US,NBA,1997-98
Henry Logan,2,1969,1970,108,2410,449,963,1,7,359,509,145,376,244,,,251,319,1258,.466,.143,.705,22.3,11.6,3.5,2.3,,,"Mar 14, 1946",Asheville,North Carolina ,US,NBA,1968-69
John Lucas,14,1977,1990,928,25556,3905,8696,244,806,1897,2446,490,2151,6454,1273,73,1803,1691,9951,.449,,.776,27.5,10.7,2.3,7.0,1.4,0.1,"Oct 31, 1953",Durham,North Carolina ,US,NBA,1976-77
Caleb Martin,6,2020,2025,297,7283,937,2089,313,872,343,464,316,1170,483,259,129,298,532,2530,.449,.359,.739,24.5,8.5,3.9,1.6,0.9,0.4,"Sep 28, 1995",Winston-Salem,North Carolina ,US,NBA,2019-20
Cody Martin,6,2020,2025,245,5472,588,1337,165,518,200,304,239,913,564,243,98,233,379,1541,.440,.319,.658,22.3,6.3,3.7,2.3,1.0,0.4,"Sep 28, 1995",Winston-Salem,North Carolina ,US,NBA,2019-20
Cedric Maxwell,11,1978,1988,835,23769,3433,6293,1,19,3598,4592,2108,5261,1862,671,433,1841,2273,10465,.546,,.784,28.5,12.5,6.3,2.2,0.8,0.5,"Nov 21, 1955",Kinston,North Carolina ,US,NBA,1977-78
Eric Maynor,5,2010,2014,267,3896,440,1122,111,317,150,208,67,348,760,111,20,281,296,1141,.392,.350,.721,14.6,4.3,1.3,2.8,0.4,0.1,"Jun 11, 1987",Raeford,North Carolina ,US,NBA,2009-10
Bob McAdoo*,14,1973,1986,852,28327,7420,14751,3,37,3944,5229,1818,8048,1951,751,1147,1223,2726,18787,.503,,.754,33.2,22.1,9.4,2.3,1.0,1.5,"Sep 25, 1951",Greensboro,North Carolina ,US,NBA,1972-73
Rashad McCants,4,2006,2009,249,5037,923,2144,292,793,341,460,114,506,331,183,61,362,584,2479,.431,.368,.741,20.2,10.0,2.0,1.3,0.7,0.2,"Sep 25, 1984",Asheville,North Carolina ,US,NBA,2005-06
Jeff McInnis,11,1997,2008,576,15927,2189,5081,305,929,713,896,243,1170,2514,371,31,789,1194,5396,.431,.328,.796,27.7,9.4,2.0,4.4,0.6,0.1,"Oct 22, 1974",Charlotte,North Carolina ,US,NBA,1996-97
Bones McKinney,6,1947,1952,318,1083,1145,3844,,,704,990,,373,503,,,,1023,2994,.298,,.711,17.2,9.4,3.5,1.6,,,"Jan 1, 1919",Lowlands,North Carolina ,US,NBA,1946-47
Nate McMillan,12,1987,1998,796,20462,1833,4136,298,870,769,1183,919,3222,4893,1544,356,1486,2408,4733,.443,.343,.650,25.7,5.9,4.0,6.1,1.9,0.4,"Aug 3, 1964",Raleigh,North Carolina ,US,NBA,1986-87
Jim McMillian,9,1971,1979,631,20227,3644,7557,,,1448,1741,639,3319,1557,435,80,120,1200,8736,.482,,.832,32.1,13.8,5.3,2.5,1.1,0.2,"Mar 11, 1948",Raeford,North Carolina ,US,NBA,1970-71
Larry McNeill,6,1974,1979,297,5094,915,1963,,,703,902,477,1440,225,183,78,71,702,2533,.466,,.779,17.2,8.5,4.8,0.8,0.6,0.3,"Jan 31, 1951",Hoke,North Carolina ,US,NBA,1973-74
Anthony Morrow,9,2009,2017,564,12280,1956,4380,807,1937,608,691,309,1215,494,317,75,380,897,5327,.447,.417,.880,21.8,9.4,2.2,0.9,0.6,0.1,"Sep 27, 1985",Charlotte,North Carolina ,US,NBA,2008-09
Trey Murphy III,4,2022,2025,239,6466,1076,2363,573,1476,508,581,182,923,426,210,106,184,375,3233,.455,.388,.874,27.1,13.5,3.9,1.8,0.9,0.4,"Jun 18, 2000",Durham,North Carolina ,US,NBA,2021-22
Jerrod Mustaf,4,1991,1994,179,1902,285,635,0,2,151,233,145,452,99,54,46,144,237,721,.449,.000,.648,10.6,4.0,2.5,0.6,0.3,0.3,"Oct 28, 1969",Whiteville,North Carolina ,US,NBA,1990-91
David Noel,1,2007,2007,68,792,65,177,17,53,37,43,42,123,65,25,9,40,77,184,.367,.321,.860,11.6,2.7,1.8,1.0,0.4,0.1,"Feb 27, 1984",Durham,North Carolina ,US,NBA,2006-07
Chris Paul,20,2006,2025,1327,44906,8063,17176,1814,4924,4845,5564,784,5899,12335,2687,210,3047,3137,22785,.469,.368,.871,33.8,17.2,4.4,9.3,2.0,0.2,"May 6, 1985",Winston-Salem,North Carolina ,US,NBA,2005-06
Sam Pellom,4,1980,1983,196,2911,350,755,0,2,163,225,242,685,95,91,151,176,465,863,.464,.000,.724,14.9,4.4,3.5,0.5,0.5,0.8,"Oct 2, 1951",Wilmington,North Carolina ,US,NBA,1979-80
Player,Yrs,0,To,G,MP,FG,FGA,3P,3PA,FT,FTA,ORB,TRB,AST,STL,BLK,TOV,PF,PTS,FG%,3P%,FT%,MP,PTS,TRB,AST,STL,BLK,Date,City,North Carolina ,US,NBA,-1-
Theo Pinson,5,2019,2023,127,1081,116,363,59,226,55,61,26,179,141,34,7,69,100,346,.320,.261,.902,8.5,2.7,1.4,1.1,0.3,0.1,"Nov 5, 1995",Greensboro,North Carolina ,US,NBA,2018-19
Charles Pittman,4,1983,1986,234,3292,379,694,0,5,302,425,278,718,204,75,73,310,454,1060,.546,.000,.711,14.1,4.5,3.1,0.9,0.3,0.3,"Mar 23, 1958",Rocky Mount,North Carolina ,US,NBA,1982-83
Willie Porter,2,1968,1969,69,1442,253,598,0,0,216,325,27,504,65,,,166,213,722,.423,,.665,20.9,10.5,7.3,0.9,,,"Jul 3, 1941",Winston-Salem,North Carolina ,US,NBA,1967-68
Rodney Purvis,1,2018,2018,16,290,35,107,13,52,13,15,1,27,17,3,3,10,26,96,.327,.250,.867,18.1,6.0,1.7,1.1,0.2,0.2,"Feb 14, 1994",Plymouth,North Carolina ,US,NBA,2017-18
Shavlik Randolph,8,2006,2015,146,1202,129,287,1,6,81,149,151,363,36,44,38,59,193,340,.449,.167,.544,8.2,2.3,2.5,0.2,0.3,0.3,"Nov 24, 1983",Raleigh,North Carolina ,US,NBA,2005-06
Jerome Robinson,4,2019,2024,135,1685,198,548,80,269,69,97,21,214,136,52,29,83,194,545,.361,.297,.711,12.5,4.0,1.6,1.0,0.4,0.2,"Feb 22, 1997",Raleigh,North Carolina ,US,NBA,2018-19
Wayne Robinson,1,1981,1981,81,1592,234,509,0,6,175,240,117,294,112,46,24,149,186,643,.460,.000,.729,19.7,7.9,3.6,1.4,0.6,0.3,"Apr 19, 1958",Greensboro,North Carolina ,US,NBA,1980-81
Rodney Rogers,12,1994,2005,866,21873,3608,7994,690,1986,1562,2264,1275,3881,1722,868,451,1631,2678,9468,.451,.347,.690,25.3,10.9,4.5,2.0,1.0,0.5,"Jun 20, 1971",Durham,North Carolina ,US,NBA,1993-94
Reggie Royals,1,1975,1975,2,11,2,4,0,0,0,0,0,0,0,0,0,0,1,4,.500,,,5.5,2.0,0.0,0.0,0.0,0.0,"Sep 18, 1950",Whiteville,North Carolina ,US,NBA,1974-75
Delaney Rudd,4,1990,1993,239,2357,317,768,45,175,137,180,45,184,519,74,4,250,244,816,.413,.257,.761,9.9,3.4,0.8,2.2,0.3,0.0,"Nov 8, 1962",Halifax,North Carolina ,US,NBA,1989-90
Ansu Sesay,4,2002,2005,127,1301,161,371,8,29,71,111,102,223,62,38,30,58,162,401,.434,.276,.640,10.2,3.2,1.8,0.5,0.3,0.2,"Jul 29, 1976",Greensboro,North Carolina ,US,NBA,2001-02
Charles Shackleford,6,1989,1999,303,4614,698,1444,0,5,229,350,497,1448,170,119,148,276,664,1625,.483,.000,.654,15.2,5.4,4.8,0.6,0.4,0.5,"Apr 22, 1966",Kinston,North Carolina ,US,NBA,1988-89
Day'Ron Sharpe,4,2022,2025,175,2451,463,837,19,65,175,272,443,965,193,75,116,188,354,1120,.553,.292,.643,14.0,6.4,5.5,1.1,0.4,0.7,"Nov 6, 2001",Greenville,North Carolina ,US,NBA,2021-22
Cedric Simmons,3,2007,2009,75,705,70,171,0,0,23,59,55,141,14,11,32,30,91,163,.409,,.390,9.4,2.2,1.9,0.2,0.1,0.4,"Jan 3, 1986",Shallotte,North Carolina ,US,NBA,2006-07
Belus Smawley,6,1947,1952,261,139,1229,3544,,,858,1076,,196,595,,,,584,3316,.347,,.797,12.6,12.7,2.8,2.3,,,"Mar 20, 1918",Golden Valley,North Carolina ,US,NBA,1946-47
Dennis Smith Jr.,7,2018,2024,326,7601,1224,3009,270,906,442,656,212,967,1381,377,109,633,678,3160,.407,.298,.674,23.3,9.7,3.0,4.2,1.2,0.3,"Nov 25, 1997",Fayetteville,North Carolina ,US,NBA,2017-18
Ish Smith,14,2011,2024,805,15494,2452,5714,307,945,501,741,279,1920,3044,543,197,988,1031,5712,.429,.325,.676,19.2,7.1,2.4,3.8,0.7,0.2,"Jul 5, 1988",Charlotte,North Carolina ,US,NBA,2010-11
Terquavion Smith,1,2024,2024,16,84,18,46,13,35,3,5,0,4,12,8,0,7,8,52,.391,.371,.600,5.3,3.3,0.3,0.8,0.5,0.0,"Dec 31, 2002",Greenville,North Carolina ,US,NBA,2023-24
Jaden Springer,4,2022,2025,95,758,92,221,19,73,58,73,45,120,64,55,21,44,99,261,.416,.260,.795,8.0,2.7,1.3,0.7,0.6,0.2,"Sep 25, 2002",Charlotte,North Carolina ,US,NBA,2021-22
Jerry Stackhouse,18,1996,2013,970,30222,5386,13182,988,3202,4649,5659,926,3067,3240,869,437,2641,1810,16409,.409,.309,.822,31.2,16.9,3.2,3.3,0.9,0.5,"Nov 5, 1974",Kinston,North Carolina ,US,NBA,1995-96
Player,Yrs,0,To,G,MP,FG,FGA,3P,3PA,FT,FTA,ORB,TRB,AST,STL,BLK,TOV,PF,PTS,FG%,3P%,FT%,MP,PTS,TRB,AST,STL,BLK,Date,City,North Carolina ,US,NBA,-1-
Brook Steppe,5,1983,1989,238,2858,443,945,9,29,402,490,127,345,280,105,17,248,334,1297,.469,.310,.820,12.0,5.4,1.4,1.2,0.4,0.1,"Nov 7, 1959",Chapel Hill,North Carolina ,US,NBA,1982-83
Carlos Terry,3,1981,1983,94,1078,122,281,0,11,41,61,75,227,124,54,27,82,162,285,.434,.000,.672,11.5,3.0,2.4,1.3,0.6,0.3,"Jun 22, 1956",Lexington,North Carolina ,US,NBA,1980-81
David Thompson*,9,1976,1984,592,19406,5020,9932,26,102,3356,4297,965,2446,1939,595,509,1379,1569,13422,.505,,.781,32.8,22.7,4.1,3.3,1.0,0.9,"Jul 13, 1954",Shelby,North Carolina ,US,NBA,1975-76
Kevin Thompson,1,1994,1994,14,58,6,14,0,1,1,2,7,13,3,0,2,5,11,13,.429,.000,.500,4.1,0.9,0.9,0.2,0.0,0.1,"Feb 7, 1971",Winston-Salem,North Carolina ,US,NBA,1993-94
P.J. Tucker,13,2007,2024,883,24935,2128,5011,877,2398,721,961,1300,4770,1225,942,262,815,2144,5854,.425,.366,.750,28.2,6.6,5.4,1.4,1.1,0.3,"May 5, 1985",Raleigh,North Carolina ,US,NBA,2006-07
Rayjon Tucker,3,2020,2022,39,300,35,70,9,29,38,49,7,39,21,7,1,13,23,117,.500,.310,.776,7.7,3.0,1.0,0.5,0.2,0.0,"Sep 24, 1997",Charlotte,North Carolina ,US,NBA,2019-20
Trent Tucker,11,1983,1993,756,15671,2594,5632,575,1410,473,627,512,1520,1532,679,88,593,1594,6236,.461,.408,.754,20.7,8.2,2.0,2.0,0.9,0.1,"Dec 20, 1959",Tarboro,North Carolina ,US,NBA,1982-83
Hunter Tyson,2,2024,2025,58,354,35,94,19,63,16,23,15,69,16,6,5,15,46,105,.372,.302,.696,6.1,1.8,1.2,0.3,0.1,0.1,"Jun 13, 2000",Monroe,North Carolina ,US,NBA,2023-24
Fred Vinson,2,1995,2000,13,67,6,24,3,13,2,3,0,1,1,3,0,6,6,17,.250,.231,.667,5.2,1.3,0.1,0.1,0.2,0.0,"Jan 28, 1971",Murfreesboro,North Carolina ,US,NBA,1994-95
John Wall,11,2011,2023,647,22588,4373,10171,651,2021,2691,3468,361,2704,5735,1045,439,2412,1394,12088,.430,.322,.776,34.9,18.7,4.2,8.9,1.6,0.7,"Sep 6, 1990",Raleigh,North Carolina ,US,NBA,2010-11
Bob Warlick,5,1966,1970,186,3171,608,1518,0,1,257,426,51,566,387,,,57,368,1473,.401,,.603,17.0,7.9,3.0,2.1,,,"Mar 20, 1941",Hickory,North Carolina ,US,NBA,1965-66
T.J. Warren,9,2015,2024,385,10365,2274,4502,271,772,678,869,480,1515,446,353,181,365,867,5497,.505,.351,.780,26.9,14.3,3.9,1.2,0.9,0.5,"Sep 5, 1993",Durham,North Carolina ,US,NBA,2014-15
Chris Washburn,2,1987,1988,72,645,93,226,0,1,36,82,64,176,22,11,16,56,80,222,.412,.000,.439,9.0,3.1,2.4,0.3,0.2,0.2,"May 13, 1965",Hickory,North Carolina ,US,NBA,1986-87
Jamie Watson,4,1995,1999,102,1248,126,269,12,38,59,85,39,149,117,65,17,93,151,323,.468,.316,.694,12.2,3.2,1.5,1.1,0.6,0.2,"Feb 23, 1972",Elm City,North Carolina ,US,NBA,1994-95
Coby White,6,2020,2025,398,11751,2074,4850,918,2488,734,856,150,1431,1520,268,67,693,850,5800,.428,.369,.857,29.5,14.6,3.6,3.8,0.7,0.2,"Feb 16, 2000",Goldsboro,North Carolina ,US,NBA,2019-20
Tony White,1,1988,1988,49,581,111,249,0,6,39,54,12,31,59,20,2,47,57,261,.446,.000,.722,11.9,5.3,0.6,1.2,0.4,0.0,"Feb 15, 1965",Charlotte,North Carolina ,US,NBA,1987-88
Hassan Whiteside,10,2011,2022,511,12645,2687,4583,8,26,1068,1765,1608,5523,327,271,1143,756,1341,6450,.586,.308,.605,24.7,12.6,10.8,0.6,0.5,2.2,"Jun 13, 1989",Gastonia,North Carolina ,US,NBA,2010-11
Aaron Wiggins,4,2022,2025,254,4965,793,1556,241,612,225,283,238,777,324,168,59,213,368,2052,.510,.394,.795,19.5,8.1,3.1,1.3,0.7,0.2,"Jan 2, 1999",Greensboro,North Carolina ,US,NBA,2021-22
Mitchell Wiggins,6,1984,1992,389,8105,1596,3468,14,73,671,889,585,1235,609,397,34,453,942,3877,.460,.192,.755,20.8,10.0,3.2,1.6,1.0,0.1,"Sep 28, 1959",Lenoir County,North Carolina ,US,NBA,1983-84
Chris Wilcox,11,2003,2013,628,12474,2101,3884,0,18,948,1474,970,3076,455,322,246,705,1517,5150,.541,.000,.643,19.9,8.2,4.9,0.7,0.5,0.4,"Sep 3, 1982",Raleigh,North Carolina ,US,NBA,2002-03
Player,Yrs,0,To,G,MP,FG,FGA,3P,3PA,FT,FTA,ORB,TRB,AST,STL,BLK,TOV,PF,PTS,FG%,3P%,FT%,MP,PTS,TRB,AST,STL,BLK,Date,City,North Carolina ,US,NBA,-1-
Damien Wilkins,10,2005,2018,582,10991,1344,3157,205,627,711,908,441,1362,796,431,130,524,945,3604,.426,.327,.783,18.9,6.2,2.3,1.4,0.7,0.2,"Jan 11, 1980",Washington,North Carolina ,US,NBA,2004-05
Buck Williams,17,1982,1998,1307,42464,6404,11661,5,30,3971,5979,4526,13017,1646,1080,1100,2784,4267,16784,.549,.167,.664,32.5,12.8,10.0,1.3,0.8,0.8,"Mar 8, 1960",Rocky Mount,North Carolina ,US,NBA,1981-82
C.J. Williams,2,2018,2019,53,835,104,232,27,94,13,17,13,64,55,37,13,25,79,248,.448,.287,.765,15.8,4.7,1.2,1.0,0.7,0.2,"Feb 6, 1990",Fayetteville,North Carolina ,US,NBA,2017-18
Kenny Williams,4,1991,1994,260,2918,547,1070,0,14,153,225,315,693,161,76,166,136,366,1247,.511,.000,.680,11.2,4.8,2.7,0.6,0.3,0.6,"Jun 9, 1969",Elizabeth City,North Carolina ,US,NBA,1990-91
Patrick Williams,5,2021,2025,258,7081,927,2053,314,794,313,402,241,1070,372,219,185,332,447,2481,.452,.395,.779,27.4,9.6,4.1,1.4,0.8,0.7,"Aug 26, 2001",Charlotte,North Carolina ,US,NBA,2020-21
Zion Williamson,5,2020,2025,204,6420,1940,3299,32,97,1120,1624,465,1348,857,209,130,578,459,5032,.588,.330,.690,31.5,24.7,6.6,4.2,1.0,0.6,"Jul 6, 2000",Salisbury,North Carolina ,US,NBA,2019-20
Vann Williford,1,1971,1971,38,295,62,141,3,9,21,37,28,68,15,,,21,34,148,.440,.333,.568,7.8,3.9,1.8,0.4,,,"Jan 26, 1948",Fayetteville,North Carolina ,US,NBA,1970-71
Bubba Wilson,1,1980,1980,16,143,7,25,0,0,3,6,6,16,12,2,0,8,11,17,.280,,.500,8.9,1.1,1.0,0.8,0.1,0.0,"Aug 7, 1955",Gastonia,North Carolina ,US,NBA,1979-80
Harthorne Wingo,4,1973,1976,212,2814,396,863,,,231,329,281,745,128,74,57,,368,1023,.459,,.702,13.3,4.8,3.5,0.6,0.4,0.3,"Sep 9, 1947",Tryon,North Carolina ,US,NBA,1972-73
Greg Wittman,2,1970,1971,60,523,86,229,4,18,36,68,39,117,15,,,44,108,212,.376,.222,.529,8.7,3.5,2.0,0.3,,,"May 10, 1947",Rockingham,North Carolina ,US,NBA,1969-70
Haywoode Workman,8,1990,2000,359,7202,748,1786,119,368,352,461,150,819,1410,354,21,538,684,1967,.419,.323,.764,20.1,5.5,2.3,3.9,1.0,0.1,"Jan 23, 1966",Charlotte,North Carolina ,US,NBA,1989-90
James Worthy*,12,1983,1994,926,30001,6878,13204,117,486,2447,3184,1561,4708,2791,1041,624,1859,1975,16320,.521,.241,.769,32.4,17.6,5.1,3.0,1.1,0.7,"Feb 27, 1961",Gastonia,North Carolina ,US,NBA,1982-83
Moses Wright,1,2022,2022,4,14,1,4,0,1,3,3,1,3,2,0,1,0,0,5,.250,.000,1.000,3.5,1.3,0.8,0.5,0.0,0.3,"Dec 23, 1998",Raleigh,North Carolina ,US,NBA,2021-22
Danny Young,10,1985,1995,574,9536,984,2253,194,594,460,551,168,709,1674,507,37,472,536,2622,.437,.327,.835,16.6,4.6,1.2,2.9,0.9,0.1,"Jul 26, 1962",Raleigh,North Carolina ,US,NBA,1984-85
Glenn Hansen,3,1976,1978,112,1447.0,240,582,,,108,149,106.0,247,93,61.0,16.0,1.0,191,588,0.412,,0.725,12.9,5.3,2.2,0.8,0.5,0.1,"Apr 21, 1952",Devils Lake,North Dakota ,US,NBA,1975-76
Les Jepsen,2,1991,1992,52,192.0,20,60,0.0,2.0,13,20,29.0,67,2,2.0,8.0,6.0,33,53,0.333,0.0,0.65,3.7,1.0,1.3,0.0,0.0,0.2,"Jun 24, 1967",Bowbells,North Dakota ,US,NBA,1990-91
Tyler Johnson,8,2015,2022,354,8709.0,1246,2924,438.0,1217.0,539,692,187.0,1069,813,288.0,140.0,373.0,637,3469,0.426,0.36,0.779,24.6,9.8,3.0,2.3,0.8,0.4,"May 7, 1992",Grand Forks,North Dakota ,US,NBA,2014-15
Duane Klueh,2,1950,1951,113,,316,872,,,292,406,,183,173,,,,254,924,0.362,,0.719,,8.2,3.0,1.5,,,"Jan 6, 1926",Bottineau,North Dakota ,US,NBA,1949-50
Dalton Knecht,1,2025,2025,52,1046.0,169,370,81.0,229.0,50,61,25.0,155,44,19.0,4.0,26.0,67,469,0.457,0.354,0.82,20.1,9.0,3.0,0.8,0.4,0.1,"Apr 19, 2001",Fargo,North Dakota ,US,NBA,2024-25
Mark Landsberger,7,1978,1984,437,7306.0,1024,2128,0.0,3.0,420,805,1041.0,2681,236,124.0,70.0,473.0,692,2468,0.481,,0.522,16.7,5.6,6.1,0.5,0.3,0.2,"May 21, 1955",Minot,North Dakota ,US,NBA,1977-78
Doug McDermott,11,2015,2025,686,13490.0,2234,4747,971.0,2365.0,518,644,260.0,1451,661,146.0,62.0,435.0,983,5957,0.471,0.411,0.804,19.7,8.7,2.1,1.0,0.2,0.1,"Jan 3, 1992",Grand Forks,North Dakota ,US,NBA,2014-15
Dwight Anderson,1,1983,1983,5,33,7,14,0,0,7,10,0,2,3,1,0,5,7,21,.500,,.700,6.6,4.2,0.4,0.6,0.2,0.0,"Dec 28, 1960",Dayton,Ohio ,US,NBA,1982-83
Luke Babbitt,8,2011,2018,381,5332,650,1593,394,979,124,166,111,846,224,89,58,165,520,1818,.408,.402,.747,14.0,4.8,2.2,0.6,0.2,0.2,"Jun 20, 1989",Cincinnati,Ohio ,US,NBA,2010-11
Mark Baker,1,1999,1999,1,2,0,1,0,0,0,0,0,0,0,0,0,1,0,0,.000,,,2.0,0.0,0.0,0.0,0.0,0.0,"Nov 11, 1969",Dayton,Ohio ,US,NBA,1998-99
Mike Barr,5,1973,1977,307,6341,753,1571,9,27,289,384,180,632,861,210,43,428,589,1804,.479,,.753,20.7,5.9,2.1,2.8,0.9,0.2,"Oct 19, 1950",Canton,Ohio ,US,NBA,1972-73
Frankie Baumholtz,1,1947,1947,45,,255,856,,,121,156,,,54,,,,93,631,.298,,.776,,14.0,,1.2,,,"Oct 7, 1918",Midvale,Ohio ,US,NBA,1946-47
Howard Bayne,1,1968,1968,69,1181,130,361,1,7,77,143,,456,71,,,117,199,338,.360,.143,.538,17.1,4.9,6.6,1.0,,,"Jul 28, 1942",Dayton,Ohio ,US,NBA,1967-68
Art Becker,6,1968,1973,414,10554,2116,4408,9,28,919,1101,860,2604,410,,,585,1411,5160,.480,.321,.835,25.5,12.5,6.3,1.0,,,"Jan 12, 1942",Akron,Ohio ,US,NBA,1967-68
Dennis Bell,3,1974,1976,63,545,76,203,,,23,43,52,119,28,28,10,,65,175,.374,,.535,8.7,2.8,1.9,0.4,0.4,0.2,"Jun 2, 1951",Cincinnati,Ohio ,US,NBA,1973-74
Keith Benson,1,2012,2012,3,9,0,1,0,0,0,0,2,3,0,0,0,0,0,0,.000,,,3.0,0.0,1.0,0.0,0.0,0.0,"Aug 13, 1988",Cleveland,Ohio ,US,NBA,2011-12
Tom Boerwinkle,10,1969,1978,635,14387,1863,4109,,,870,1288,536,5745,2007,110,138,26,1811,4596,.453,,.675,22.7,7.2,9.0,3.2,0.4,0.5,"Aug 23, 1945",Cleveland,Ohio ,US,NBA,1968-69
Calvin Booth,10,2000,2009,366,4477,472,1047,2,9,244,326,316,1010,151,101,358,180,678,1190,.451,.222,.748,12.2,3.3,2.8,0.4,0.3,1.0,"May 7, 1976",Reynoldsburg,Ohio ,US,NBA,1999-00
Lawrence Boston,1,1980,1980,13,125,24,52,0,0,8,13,19,39,2,4,2,8,25,56,.462,,.615,9.6,4.3,3.0,0.2,0.3,0.2,"May 18, 1956",Cleveland,Ohio ,US,NBA,1979-80
Earl Boykins,13,1999,2012,652,12964,2076,4980,384,1104,1255,1433,275,877,2092,390,34,756,659,5791,.417,.348,.876,19.9,8.9,1.3,3.2,0.6,0.1,"Jun 2, 1976",Cleveland,Ohio ,US,NBA,1998-99
Gary Bradds,6,1965,1971,254,5211,1108,2333,1,18,889,1114,330,1398,227,,,403,634,3106,.475,,.798,20.5,12.2,5.5,0.9,,,"Jul 26, 1942",Jamestown,Ohio ,US,NBA,1964-65
Malaki Branham,3,2023,2025,174,3437,590,1355,191,577,130,153,59,364,309,67,17,195,225,1501,.435,.331,.850,19.8,8.6,2.1,1.8,0.4,0.1,"May 12, 2003",Columbus,Ohio ,US,NBA,2022-23
J.R. Bremer,2,2003,2004,100,1946,214,622,120,360,98,131,27,181,215,56,7,83,112,646,.344,.333,.748,19.5,6.5,1.8,2.2,0.6,0.1,"Sep 19, 1980",Cleveland,Ohio ,US,NBA,2002-03
Bob Brown,2,1949,1950,82,,313,875,,,206,299,,,115,,,,336,832,.358,,.689,,10.1,,1.4,,,"Nov 12, 1923",Versailles,Ohio ,US,NBA,1948-49
Trey Burke,9,2014,2022,498,10401,1847,4500,564,1637,534,659,164,878,1522,274,52,555,641,4792,.410,.345,.810,20.9,9.6,1.8,3.1,0.6,0.1,"Nov 12, 1992",Columbus,Ohio ,US,NBA,2013-14
Rick Calloway,1,1991,1991,64,678,75,192,0,2,55,79,25,78,61,22,7,51,98,205,.391,.000,.696,10.6,3.2,1.2,1.0,0.3,0.1,"Dec 12, 1966",Cincinnati,Ohio ,US,NBA,1990-91
Don Carlos,1,1969,1969,56,1527,207,505,0,3,214,283,122,279,159,,,140,231,628,.410,.000,.756,27.3,11.2,5.0,2.8,,,"Mar 3, 1944",Columbus,Ohio ,US,NBA,1968-69
Player,Yrs,0,To,G,MP,FG,FGA,3P,3PA,FT,FTA,ORB,TRB,AST,STL,BLK,TOV,PF,PTS,FG%,3P%,FT%,MP,PTS,TRB,AST,STL,BLK,Date,City,Ohio ,US,NBA,-1-
Butch Carter,6,1981,1986,361,6814,1290,2717,54,176,503,638,234,546,683,321,43,479,792,3137,.475,.307,.788,18.9,8.7,1.5,1.9,0.9,0.1,"Jun 11, 1958",Springfield,Ohio ,US,NBA,1980-81
Cal Christensen,5,1951,1955,291,4009,486,1471,,,535,883,,1587,460,,,,831,1507,.330,,.606,17.9,5.2,5.5,1.6,,,"Jun 6, 1927",Toledo,Ohio ,US,NBA,1950-51
Semaj Christon,1,2017,2017,64,973,77,223,12,63,17,31,19,87,130,28,7,43,79,183,.345,.190,.548,15.2,2.9,1.4,2.0,0.4,0.1,"Nov 1, 1992",Cincinnati,Ohio ,US,NBA,2016-17
Dick Clark,2,1968,1969,58,1137,110,372,1,18,137,203,30,140,101,,,106,148,358,.296,.056,.675,19.6,6.2,2.4,1.7,,,"Jan 5, 1944",Findlay,Ohio ,US,NBA,1967-68
Barry Clemens,11,1966,1976,790,12585,2262,4987,,,788,1043,102,2532,905,131,11,,1665,5312,.454,,.756,15.9,6.7,3.2,1.1,0.7,0.1,"May 1, 1943",Dayton,Ohio ,US,NBA,1965-66
Norris Cole,6,2012,2017,360,8018,1005,2469,207,639,289,389,79,702,981,280,34,517,679,2506,.407,.324,.743,22.3,7.0,2.0,2.7,0.8,0.1,"Oct 13, 1988",Dayton,Ohio ,US,NBA,2011-12
Jason Collier,5,2001,2005,151,2178,338,743,7,20,158,214,175,443,51,36,32,120,295,841,.455,.350,.738,14.4,5.6,2.9,0.3,0.2,0.2,"Sep 8, 1977",Springfield,Ohio ,US,NBA,2000-01
Don Collins,6,1981,1987,303,6134,1235,2548,2,29,511,682,429,837,546,332,98,548,755,2983,.485,.069,.749,20.2,9.8,2.8,1.8,1.1,0.3,"Nov 28, 1958",Toledo,Ohio ,US,NBA,1980-81
Daequan Cook,6,2008,2013,328,5993,758,2056,442,1232,156,192,75,703,243,120,48,177,478,2114,.369,.359,.813,18.3,6.4,2.1,0.7,0.4,0.1,"Apr 28, 1987",Dayton,Ohio ,US,NBA,2007-08
Terry Crosby,1,1980,1980,4,28,2,4,0,0,2,2,0,1,7,0,0,5,4,6,.500,,1.000,7.0,1.5,0.3,1.8,0.0,0.0,"Jan 4, 1957",Toledo,Ohio ,US,NBA,1979-80
Jarron Cumberland,1,2022,2022,3,12,1,2,0,1,0,0,1,3,1,0,0,0,2,2,.500,.000,,4.0,0.7,1.0,0.3,0.0,0.0,"Sep 22, 1997",Wilmington,Ohio ,US,NBA,2021-22
Dick Cunningham,7,1969,1975,358,3792,408,1004,,,196,308,1,1324,221,2,2,,502,1012,.406,,.636,10.6,2.8,3.7,0.6,0.2,0.2,"Jul 11, 1946",Canton,Ohio ,US,NBA,1968-69
Stephen Curry,16,2010,2025,1004,34265,8462,17958,3955,9338,3917,4302,655,4723,6411,1523,257,3124,2278,24796,.471,.424,.911,34.1,24.7,4.7,6.4,1.5,0.3,"Mar 14, 1988",Akron,Ohio ,US,NBA,2009-10
Antonio Daniels,13,1998,2011,872,19671,2270,5109,359,1154,1724,2173,219,1613,2934,564,85,928,917,6623,.444,.311,.793,22.6,7.6,1.8,3.4,0.6,0.1,"Mar 19, 1975",Columbus,Ohio ,US,NBA,1997-98
Erik Daniels,1,2005,2005,21,72,6,18,1,2,0,0,7,18,4,2,0,6,7,13,.333,.500,,3.4,0.6,0.9,0.2,0.1,0.0,"Apr 1, 1982",Cincinnati,Ohio ,US,NBA,2004-05
Jimmy Darrow,1,1962,1962,5,34,3,15,,,6,7,,7,6,,,,9,12,.200,,.857,6.8,2.4,1.4,1.2,,,"Sep 25, 1937",Akron,Ohio ,US,NBA,1961-62
Harry Davis,2,1979,1980,44,424,72,165,0,0,31,45,29,72,16,14,8,26,74,175,.436,,.689,9.6,4.0,1.6,0.4,0.3,0.2,"Jan 27, 1956",Cleveland,Ohio ,US,NBA,1978-79
Monti Davis,1,1981,1981,2,10,1,5,0,0,1,5,2,4,0,0,1,0,0,3,.200,,.200,5.0,1.5,2.0,0.0,0.0,0.5,"Jul 26, 1958",Warren,Ohio ,US,NBA,1980-81
Derrek Dickey,5,1974,1978,321,5345,854,1818,,,254,341,563,1575,346,129,60,40,609,1962,.470,,.745,16.7,6.1,4.9,1.1,0.4,0.2,"Mar 20, 1951",Cincinnati,Ohio ,US,NBA,1973-74
Bob Duffy,1,1947,1947,17,,7,32,,,5,7,,,0,,,,17,19,.219,,.714,,1.1,,0.0,,,"Jul 5, 1922",Columbus,Ohio ,US,NBA,1946-47
Player,Yrs,0,To,G,MP,FG,FGA,3P,3PA,FT,FTA,ORB,TRB,AST,STL,BLK,TOV,PF,PTS,FG%,3P%,FT%,MP,PTS,TRB,AST,STL,BLK,Date,City,Ohio ,US,NBA,-1-
Walter Dukes,8,1956,1963,553,14671,1912,5175,,,1941,2773,,6223,608,,,,2260,5765,.369,,.700,26.5,10.4,11.3,1.1,,,"Jun 23, 1930",Youngstown,Ohio ,US,NBA,1955-56
Bill Edwards,1,1994,1994,3,44,2,18,0,5,2,5,5,14,4,3,1,4,6,6,.111,.000,.400,14.7,2.0,4.7,1.3,1.0,0.3,"Sep 22, 1971",Middletown,Ohio ,US,NBA,1993-94
John Edwards,2,2005,2006,65,435,42,94,0,0,15,25,26,67,8,6,19,20,88,99,.447,,.600,6.7,1.5,1.0,0.1,0.1,0.3,"Jul 31, 1981",Warren,Ohio ,US,NBA,2004-05
Kevin Edwards,11,1989,2001,604,15332,2650,6259,176,525,1120,1395,516,1653,1609,825,197,1138,1028,6596,.423,.335,.803,25.4,10.9,2.7,2.7,1.4,0.3,"Oct 30, 1965",Cleveland Heights,Ohio ,US,NBA,1988-89
Vince Edwards,1,2019,2019,2,16,1,4,1,4,0,0,1,2,0,0,0,0,0,3,.250,.250,,8.0,1.5,1.0,0.0,0.0,0.0,"Apr 5, 1996",Middletown,Ohio ,US,NBA,2018-19
Wayne Embry*,11,1959,1969,831,21763,3993,9067,,,2394,3741,,7544,1194,,,,2838,10380,.440,,.640,26.2,12.5,9.1,1.4,,,"Mar 26, 1937",Springfield,Ohio ,US,NBA,1958-59
Ned Endress,1,1947,1947,16,,3,25,,,8,15,,,4,,,,13,14,.120,,.533,,0.9,,0.3,,,"Mar 2, 1918",Akron,Ohio ,US,NBA,1946-47
Evan Eschmeyer,4,2000,2003,153,2138,158,341,0,0,105,169,220,601,76,69,95,96,399,421,.463,,.621,14.0,2.8,3.9,0.5,0.5,0.6,"May 30, 1975",New Knoxville,Ohio ,US,NBA,1999-00
Joe Fabel,1,1947,1947,30,,25,96,,,13,26,,,2,,,,64,63,.260,,.500,,2.1,,0.1,,,"May 15, 1917",Cleveland,Ohio ,US,NBA,1946-47
Bob Faught,1,1947,1947,51,,141,478,,,61,106,,,33,,,,97,343,.295,,.575,,6.7,,0.6,,,"Sep 2, 1921",Columbus,Ohio ,US,NBA,1946-47
Jamie Feick,5,1997,2001,201,4316,351,827,12,30,197,313,515,1437,139,117,90,152,439,911,.424,.400,.629,21.5,4.5,7.1,0.7,0.6,0.4,"Jul 3, 1974",Lexington,Ohio ,US,NBA,1996-97
Fred Foster,8,1969,1977,524,9116,1701,4107,,,691,950,132,1275,601,57,8,,1008,4093,.414,,.727,17.4,7.8,2.4,1.1,0.3,0.0,"Mar 18, 1946",Springfield,Ohio ,US,NBA,1968-69
Larry Foust,12,1951,1962,817,21890,3814,9414,,,3570,4816,,8041,1368,,,,2909,11198,.405,,.741,29.2,13.7,9.8,1.7,,,"Jun 24, 1928",Painesville,Ohio ,US,NBA,1950-51
Enrique Freeman,1,2025,2025,19,139,12,25,1,6,7,13,6,19,8,2,2,5,18,32,.480,.167,.538,7.3,1.7,1.0,0.4,0.1,0.1,"Jul 29, 2000",Cleveland,Ohio ,US,NBA,2024-25
Lawrence Funderburke,7,1998,2005,318,4726,812,1606,2,17,405,600,447,1142,183,94,100,225,360,2031,.506,.118,.675,14.9,6.4,3.6,0.6,0.3,0.3,"Dec 15, 1970",Columbus,Ohio ,US,NBA,1997-98
Brian Grant,12,1995,2006,756,21417,3103,6332,6,28,1721,2306,1834,5622,923,455,561,1235,2409,7933,.490,.214,.746,28.3,10.5,7.4,1.2,0.6,0.7,"Mar 5, 1972",Columbus,Ohio ,US,NBA,1994-95
Gary Grant,13,1989,2001,552,12602,1864,4140,95,342,545,702,347,1283,3013,821,69,1268,1200,4368,.450,.278,.776,22.8,7.9,2.3,5.5,1.5,0.1,"Apr 21, 1965",Canton,Ohio ,US,NBA,1988-89
Don Grate,1,1950,1950,2,,1,6,,,2,2,,,3,,,,3,4,.167,,1.000,,2.0,,1.5,,,"Aug 27, 1923",Greenfield,Ohio ,US,NBA,1949-50
Devin Green,1,2006,2006,27,135,6,28,0,2,13,21,10,24,7,3,0,5,13,25,.214,.000,.619,5.0,0.9,0.9,0.3,0.1,0.0,"Oct 25, 1982",Columbus,Ohio ,US,NBA,2005-06
Johnny Green,14,1960,1973,1057,24624,4973,10091,,,2335,4226,,9083,1449,,,,2856,12281,.493,,.553,23.3,11.6,8.6,1.4,,,"Dec 8, 1933",Dayton,Ohio ,US,NBA,1959-60
Player,Yrs,0,To,G,MP,FG,FGA,3P,3PA,FT,FTA,ORB,TRB,AST,STL,BLK,TOV,PF,PTS,FG%,3P%,FT%,MP,PTS,TRB,AST,STL,BLK,Date,City,Ohio ,US,NBA,-1-
Kevin Grevey,10,1976,1985,672,15246,2915,6670,145,434,1389,1701,590,1594,1247,392,112,748,1286,7364,.437,,.817,22.7,11.0,2.4,1.9,0.6,0.2,"May 12, 1953",Hamilton,Ohio ,US,NBA,1975-76
Greg Griffin,1,1978,1978,36,422,61,169,,,23,36,44,103,24,16,0,39,56,145,.361,,.639,11.7,4.0,2.9,0.7,0.4,0.0,"Sep 6, 1952",Cleveland,Ohio ,US,NBA,1977-78
Chuck Grigsby,1,1955,1955,7,45,7,19,,,2,8,,11,7,,,,9,16,.368,,.250,6.4,2.3,1.6,1.0,,,"Aug 15, 1928",Dayton,Ohio ,US,NBA,1954-55
Alex Groza,2,1950,1951,130,,1013,2136,,,899,1189,,709,318,,,,458,2925,.474,,.756,,22.5,10.7,2.4,,,"Oct 7, 1926",Martins Ferry,Ohio ,US,NBA,1949-50
Bill Hanzlik,10,1981,1990,748,15534,1836,4232,46,216,1696,2171,691,2058,2058,727,205,1090,2222,5414,.434,.213,.781,20.8,7.2,2.8,2.8,1.0,0.3,"Dec 6, 1957",Middletown,Ohio ,US,NBA,1980-81
Ron Harper,15,1987,2001,1009,31199,5326,11946,523,1811,2735,3799,1322,4309,3916,1716,729,2251,2324,13910,.446,.289,.720,30.9,13.8,4.3,3.9,1.7,0.7,"Jan 20, 1964",Dayton,Ohio ,US,NBA,1986-87
Matt Harpring,11,1999,2009,665,17584,2900,6033,158,474,1687,2239,1281,3366,907,497,112,1000,1748,7645,.481,.333,.753,26.4,11.5,5.1,1.4,0.7,0.2,"May 31, 1976",Cincinnati,Ohio ,US,NBA,1998-99
Bob Harrison,9,1950,1958,615,12926,1782,5067,,,854,1232,,1358,1672,,,,2035,4418,.352,,.693,26.9,7.2,2.5,2.7,,,"Aug 12, 1927",Toledo,Ohio ,US,NBA,1949-50
John Havlicek*,16,1963,1978,1270,46471,10513,23930,,,5369,6589,610,8007,6114,476,117,204,3281,26395,.439,,.815,36.6,20.8,6.3,4.8,1.2,0.3,"Apr 8, 1940",Martins Ferry,Ohio ,US,NBA,1962-63
Michael Hawkins,4,1997,2001,75,641,49,130,18,59,16,20,21,68,117,21,2,50,69,132,.377,.305,.800,8.5,1.8,0.9,1.6,0.3,0.0,"Oct 28, 1972",Canton,Ohio ,US,NBA,1996-97
Nigel Hayes,1,2018,2018,9,122,11,33,4,16,1,3,4,22,6,2,3,2,8,27,.333,.250,.333,13.6,3.0,2.4,0.7,0.2,0.3,"Dec 16, 1994",Westerville,Ohio ,US,NBA,2017-18
Bill Herman,1,1950,1950,13,,25,65,,,6,11,,,15,,,,13,56,.385,,.545,,4.3,,1.2,,,"May 17, 1924",,Ohio ,US,NBA,1949-50
Bill Higgins,1,1975,1975,15,348,61,139,1,5,15,23,5,21,32,8,1,40,41,138,.439,.200,.652,23.2,9.2,1.4,2.1,0.5,0.1,"Dec 15, 1952",Toledo,Ohio ,US,NBA,1974-75
Tyrone Hill,14,1991,2004,801,22388,2834,5643,0,13,1864,2901,2396,6854,647,614,379,1244,2893,7532,.502,.000,.643,28.0,9.4,8.6,0.8,0.8,0.5,"Mar 19, 1968",Cincinnati,Ohio ,US,NBA,1990-91
Robert Hite,1,2007,2007,12,136,19,60,5,23,8,12,4,16,8,3,2,6,8,51,.317,.217,.667,11.3,4.3,1.3,0.7,0.3,0.2,"Jan 12, 1984",Cincinnati,Ohio ,US,NBA,2006-07
Jim Holstein,4,1953,1956,225,3476,317,981,,,225,348,,659,249,,,,426,859,.323,,.647,15.4,3.8,2.9,1.1,,,"Sep 24, 1930",Hamilton,Ohio ,US,NBA,1952-53
Dennis Hopson,5,1988,1992,334,7509,1375,3193,61,225,822,1074,421,939,539,319,159,548,672,3633,.431,.271,.765,22.5,10.9,2.8,1.6,1.0,0.5,"Apr 22, 1965",Toledo,Ohio ,US,NBA,1987-88
Bill Hosket,4,1969,1972,143,1395,235,485,,,103,144,,355,94,,,,219,573,.485,,.715,9.8,4.0,2.5,0.7,,,"Dec 20, 1946",Dayton,Ohio ,US,NBA,1968-69
Phil Hubbard,10,1980,1989,665,15863,2672,5394,1,26,1883,2667,1502,3538,857,574,89,1310,2073,7228,.495,.038,.706,23.9,10.9,5.3,1.3,0.9,0.1,"Dec 13, 1956",Canton,Ohio ,US,NBA,1979-80
Rick Hughes,1,2000,2000,21,224,35,72,0,1,12,26,24,49,9,3,1,14,30,82,.486,.000,.462,10.7,3.9,2.3,0.4,0.1,0.0,"Aug 22, 1973",Cincinnati,Ohio ,US,NBA,1999-00
Player,Yrs,0,To,G,MP,FG,FGA,3P,3PA,FT,FTA,ORB,TRB,AST,STL,BLK,TOV,PF,PTS,FG%,3P%,FT%,MP,PTS,TRB,AST,STL,BLK,Date,City,Ohio ,US,NBA,-1-
Brandon Hunter,2,2004,2005,67,630,90,189,0,3,40,82,75,187,22,17,8,44,82,220,.476,.000,.488,9.4,3.3,2.8,0.3,0.3,0.1,"Nov 24, 1980",Cincinnati,Ohio ,US,NBA,2003-04
R.J. Hunter,4,2016,2019,45,395,49,132,26,88,9,11,3,46,19,18,4,13,39,133,.371,.295,.818,8.8,3.0,1.0,0.4,0.4,0.1,"Oct 24, 1993",Oxford,Ohio ,US,NBA,2015-16
Paul Huston,1,1948,1948,46,,51,215,,,62,89,,,27,,,,82,164,.237,,.697,,3.6,,0.6,,,"Jun 2, 1925",Xenia,Ohio ,US,NBA,1947-48
Al Jackson,1,1968,1968,2,17,0,3,,,0,0,,0,1,,,,6,0,.000,,,8.5,0.0,0.0,0.5,,,"Jul 29, 1943",Cleveland,Ohio ,US,NBA,1967-68
Jim Jackson,14,1993,2006,885,29067,4811,11247,881,2413,2187,2651,1190,4152,2851,726,188,2179,1972,12690,.428,.365,.825,32.8,14.3,4.7,3.2,0.8,0.2,"Oct 14, 1970",Toledo,Ohio ,US,NBA,1992-93
Bronny James,1,2025,2025,17,72,7,28,3,13,6,9,1,7,8,4,2,5,6,23,.250,.231,.667,4.2,1.4,0.4,0.5,0.2,0.1,"Oct 6, 2004",Akron,Ohio ,US,NBA,2024-25
Gene James,3,1949,1951,88,,116,347,,,64,114,,141,95,,,,191,296,.334,,.561,,3.4,2.9,1.1,,,"Feb 15, 1925",Ironton,Ohio ,US,NBA,1948-49
LeBron James,22,2004,2025,1543,58361,15320,30246,2526,7220,8566,11633,1772,11580,11460,2321,1141,5409,2755,41732,.507,.350,.736,37.8,27.0,7.5,7.4,1.5,0.7,"Dec 30, 1984",Akron,Ohio ,US,NBA,2003-04
Gus Johnson*,10,1964,1973,631,20893,4258,9682,4,21,1723,2462,85,7624,1603,,,70,2150,10243,.440,,.700,33.1,16.2,12.1,2.5,,,"Dec 13, 1938",Akron,Ohio ,US,NBA,1963-64
Kannard Johnson,1,1988,1988,4,12,1,3,0,0,0,0,0,0,0,1,0,2,1,2,.333,,,3.0,0.5,0.0,0.0,0.3,0.0,"Jun 24, 1965",Cincinnati,Ohio ,US,NBA,1987-88
Steve Johnson,10,1982,1991,626,13618,2841,4965,0,4,1663,2622,1193,3450,777,290,530,1477,2409,7345,.572,.000,.634,21.8,11.7,5.5,1.2,0.5,0.8,"Nov 3, 1957",Akron,Ohio ,US,NBA,1981-82
Neil Johnston*,8,1952,1959,516,18298,3303,7435,,,3417,4447,,5856,1269,,,,1681,10023,.444,,.768,35.5,19.4,11.3,2.5,,,"Feb 4, 1929",Chillicothe,Ohio ,US,NBA,1951-52
Carlik Jones,2,2022,2023,12,79,7,24,3,7,7,10,2,8,11,3,0,5,2,24,.292,.429,.700,6.6,2.0,0.7,0.9,0.3,0.0,"Dec 23, 1997",Cincinnati,Ohio ,US,NBA,2021-22
Larry Jones,8,1965,1974,551,18956,3723,8210,152,548,2907,3666,777,2725,2030,85,18,1173,1587,10505,.453,,.793,34.4,19.1,4.9,3.7,1.2,0.3,"Sep 22, 1942",Columbus,Ohio ,US,NBA,1964-65
Noble Jorgensen,5,1947,1953,268,2673,801,2226,,,761,1026,,862,324,,,,915,2363,.360,,.742,19.7,8.8,4.3,1.2,,,"May 18, 1925",Columbus,Ohio ,US,NBA,1946-47
Roger Jorgensen,1,1947,1947,28,,14,54,,,13,19,,,1,,,,36,41,.259,,.684,,1.5,,0.0,,,"Sep 2, 1920",Columbus,Ohio ,US,NBA,1946-47
Clark Kellogg,5,1983,1987,260,8514,2008,4041,23,68,879,1161,852,2482,764,381,105,731,858,4918,.497,.338,.757,32.7,18.9,9.5,2.9,1.5,0.4,"Jul 2, 1961",Cleveland,Ohio ,US,NBA,1982-83
Luke Kennard,8,2018,2025,439,10258,1538,3372,881,1993,398,452,130,1245,976,228,54,423,596,4355,.456,.442,.881,23.4,9.9,2.8,2.2,0.5,0.1,"Jun 24, 1996",Middletown,Ohio ,US,NBA,2017-18
Tom King,1,1947,1947,58,,97,410,,,101,160,,,32,,,,102,295,.237,,.631,,5.1,,0.6,,,"Mar 9, 1924",Cincinnati,Ohio ,US,NBA,1946-47
Kerry Kittles,8,1997,2005,507,16929,2779,6337,694,1838,913,1171,513,1983,1295,811,221,621,893,7165,.439,.378,.780,33.4,14.1,3.9,2.6,1.6,0.4,"Jun 12, 1974",Dayton,Ohio ,US,NBA,1996-97
Player,Yrs,0,To,G,MP,FG,FGA,3P,3PA,FT,FTA,ORB,TRB,AST,STL,BLK,TOV,PF,PTS,FG%,3P%,FT%,MP,PTS,TRB,AST,STL,BLK,Date,City,Ohio ,US,NBA,-1-
Lee Knorek,4,1947,1950,131,,317,1047,,,239,375,,,206,,,,497,873,.303,,.637,,6.7,,1.6,,,"Jul 15, 1921",Rossford,Ohio ,US,NBA,1946-47
Howard Komives,10,1965,1974,742,20213,2972,7652,,,1606,1936,10,1804,2941,32,3,,2046,7550,.388,,.830,27.2,10.2,2.4,4.0,0.7,0.1,"May 9, 1941",Toledo,Ohio ,US,NBA,1964-65
Len Kosmalski,2,1975,1976,76,506,41,103,,,28,36,40,144,53,9,10,,75,110,.398,,.778,6.7,1.4,1.9,0.7,0.1,0.1,"Nov 29, 1951",Cleveland,Ohio ,US,NBA,1974-75
Kosta Koufos,11,2009,2019,686,11271,1750,3277,0,4,413,710,1198,3452,359,291,506,479,1398,3913,.534,.000,.582,16.4,5.7,5.0,0.5,0.4,0.7,"Feb 24, 1989",Canton,Ohio ,US,NBA,2008-09
Leo Kubiak,1,1950,1950,62,,259,794,,,192,236,,,201,,,,250,710,.326,,.814,,11.5,,3.2,,,"Dec 25, 1927",,Ohio ,US,NBA,1949-50
Pete Lalich,1,1947,1947,1,,0,1,,,0,0,,,0,,,,1,0,.000,,,,0.0,,0.0,,,"Jun 23, 1920",Lorain,Ohio ,US,NBA,1946-47
Bo Lamar,4,1974,1977,273,8036,1858,4526,118,442,644,839,269,739,1063,359,30,516,436,4478,.411,,.768,29.4,16.4,2.7,3.9,1.3,0.1,"Apr 7, 1951",Columbus,Ohio ,US,NBA,1973-74
Jerome Lane,5,1989,1993,218,3215,497,1126,1,16,159,420,567,1258,322,138,39,261,546,1154,.441,.063,.379,14.7,5.3,5.8,1.5,0.6,0.2,"Dec 4, 1966",Akron,Ohio ,US,NBA,1988-89
Shane Larkin,4,2014,2018,256,4880,545,1290,117,348,192,247,83,490,737,243,24,301,375,1399,.422,.336,.777,19.1,5.5,1.9,2.9,0.9,0.1,"Oct 2, 1992",Cincinnati,Ohio ,US,NBA,2013-14
Manny Leaks,6,1969,1974,446,12607,2141,4868,0,5,1020,1442,1305,3998,471,10,39,521,1169,5302,.440,,.707,28.3,11.9,9.0,1.1,0.2,0.7,"Nov 27, 1945",Cleveland,Ohio ,US,NBA,1968-69
Hank Lefkowitz,1,1947,1947,24,,22,114,,,7,13,,,4,,,,35,51,.193,,.538,,2.1,,0.2,,,"Aug 31, 1923",Cleveland,Ohio ,US,NBA,1946-47
Caris LeVert,9,2017,2025,503,13994,2572,5911,740,2143,1069,1453,355,1911,2040,526,187,895,999,6953,.435,.345,.736,27.8,13.8,3.8,4.1,1.0,0.4,"Aug 25, 1994",Columbus,Ohio ,US,NBA,2016-17
Chris Livingston,2,2024,2025,33,147,16,35,1,9,7,10,9,40,6,6,0,10,19,40,.457,.111,.700,4.5,1.2,1.2,0.2,0.2,0.0,"Oct 15, 2003",Akron,Ohio ,US,NBA,2023-24
Jerry Lucas*,11,1964,1974,829,32131,5709,11441,,,2635,3365,62,12942,2732,28,24,,2387,14053,.499,,.783,38.8,17.0,15.6,3.3,0.4,0.3,"Mar 30, 1940",Middletown,Ohio ,US,NBA,1963-64
Phil Lumpkin,2,1975,1976,82,1162,108,255,,,56,69,17,82,225,35,3,,106,272,.424,,.812,14.2,3.3,1.0,2.7,0.4,0.0,"Dec 20, 1951",Dayton,Ohio ,US,NBA,1974-75
Steve Malovic,1,1980,1980,39,445,31,67,0,0,18,27,36,86,26,8,6,23,51,80,.463,,.667,11.4,2.1,2.2,0.7,0.2,0.2,"Jul 21, 1956",Cleveland,Ohio ,US,NBA,1979-80
Kevin Martin,12,2005,2016,714,21559,3847,8797,1141,2969,3561,4091,401,2278,1352,643,78,1200,1361,12396,.437,.384,.870,30.2,17.4,3.2,1.9,0.9,0.1,"Feb 1, 1983",Zanesville,Ohio ,US,NBA,2004-05
Dakota Mathias,2,2021,2022,14,139,21,54,10,32,2,6,1,9,14,2,3,1,8,54,.389,.313,.333,9.9,3.9,0.6,1.0,0.1,0.2,"Jul 11, 1995",Lima,Ohio ,US,NBA,2020-21
Don May,7,1969,1975,379,6619,1351,2981,,,637,798,29,1309,389,29,10,,751,3339,.453,,.798,17.5,8.8,3.5,1.0,0.3,0.1,"Jan 3, 1946",Dayton,Ohio ,US,NBA,1968-69
Scott May,7,1977,1983,355,8029,1432,3100,0,8,826,1018,508,1450,610,285,44,429,790,3690,.462,,.811,22.6,10.4,4.1,1.7,0.8,0.1,"Mar 19, 1954",Sandusky,Ohio ,US,NBA,1976-77
Player,Yrs,0,To,G,MP,FG,FGA,3P,3PA,FT,FTA,ORB,TRB,AST,STL,BLK,TOV,PF,PTS,FG%,3P%,FT%,MP,PTS,TRB,AST,STL,BLK,Date,City,Ohio ,US,NBA,-1-
Miles McBride,4,2022,2025,219,3573,467,1146,246,684,121,153,83,305,347,144,27,91,279,1301,.408,.360,.791,16.3,5.9,1.4,1.6,0.7,0.1,"Sep 8, 2000",Cincinnati,Ohio ,US,NBA,2021-22
CJ McCollum,12,2014,2025,774,24864,5783,12753,1952,4906,1665,2081,496,2817,2943,690,325,1399,1632,15183,.453,.398,.800,32.1,19.6,3.6,3.8,0.9,0.4,"Sep 19, 1991",Canton,Ohio ,US,NBA,2013-14
John McCullough,1,1982,1982,8,23,9,13,0,0,3,5,1,4,3,2,0,3,3,21,.692,,.600,2.9,2.6,0.5,0.4,0.3,0.0,"Oct 5, 1956",Lima,Ohio ,US,NBA,1981-82
Jerry McKee,1,1970,1970,1,3,0,1,0,0,0,0,0,0,0,,,1,0,0,.000,,,3.0,0.0,0.0,0.0,,,"Aug 4, 1946",Dayton,Ohio ,US,NBA,1969-70
Keith McLeod,4,2004,2007,200,3723,363,1018,59,209,320,400,40,268,536,145,27,250,359,1105,.357,.282,.800,18.6,5.5,1.3,2.7,0.7,0.1,"Nov 5, 1979",Canton,Ohio ,US,NBA,2003-04
Mal McMullen,2,1950,1951,109,,201,657,,,125,223,,128,120,,,,321,527,.306,,.561,,4.8,2.5,1.1,,,"Aug 23, 1927",Fostoria,Ohio ,US,NBA,1949-50
Monk Meineke,5,1953,1958,343,6782,790,2154,,,758,1003,,1626,433,,,,1047,2338,.367,,.756,19.8,6.8,4.7,1.3,,,"Oct 30, 1930",Dayton,Ohio ,US,NBA,1952-53
Bill Meyer,1,1968,1968,7,45,10,22,0,0,2,2,,5,1,,,2,7,22,.455,,1.000,6.4,3.1,0.7,0.1,,,"Aug 30, 1943",Cleveland,Ohio ,US,NBA,1967-68
Todd Mitchell,1,1989,1989,24,353,43,97,0,0,37,64,18,50,21,16,2,33,51,123,.443,,.578,14.7,5.1,2.1,0.9,0.7,0.1,"Jul 26, 1966",Toledo,Ohio ,US,NBA,1988-89
Steve Mix,13,1970,1983,788,18831,3205,6429,6,21,1941,2417,1357,4160,1393,884,173,563,1694,8357,.499,,.803,23.9,10.6,5.3,1.8,1.2,0.2,"Dec 30, 1947",Toledo,Ohio ,US,NBA,1969-70
Leo Mogus,4,1947,1951,231,,646,1944,,,683,954,,102,319,,,,575,1975,.332,,.716,,8.5,1.8,1.4,,,"Apr 13, 1921",,Ohio ,US,NBA,1946-47
Byron Mullens,5,2010,2014,189,3446,557,1366,111,348,173,245,200,790,153,74,98,187,335,1398,.408,.319,.706,18.2,7.4,4.2,0.8,0.4,0.5,"Feb 14, 1989",Canal Winchester,Ohio ,US,NBA,2009-10
Fritz Nagy,1,1949,1949,50,,94,271,,,65,97,,,68,,,,84,253,.347,,.670,,5.1,,1.4,,,"Jan 3, 1924",Akron,Ohio ,US,NBA,1948-49
Larry Nance Jr.,10,2016,2025,546,12587,1727,3204,241,682,509,731,1005,3341,1017,621,268,504,1152,4204,.539,.353,.696,23.1,7.7,6.1,1.9,1.1,0.5,"Jan 1, 1993",Akron,Ohio ,US,NBA,2015-16
Pete Nance,2,2024,2025,15,95,6,21,5,13,1,4,2,13,3,2,0,1,12,18,.286,.385,.250,6.3,1.2,0.9,0.2,0.1,0.0,"Feb 19, 2000",Akron,Ohio ,US,NBA,2023-24
Martin Nessley,1,1988,1988,44,336,20,52,0,0,8,18,23,82,16,8,12,23,89,48,.385,,.444,7.6,1.1,1.9,0.4,0.2,0.3,"Feb 16, 1965",Columbus,Ohio ,US,NBA,1987-88
Melvin Newbern,1,1993,1993,33,311,42,113,1,8,34,60,19,37,57,23,1,32,42,119,.372,.125,.567,9.4,3.6,1.1,1.7,0.7,0.0,"Jun 11, 1967",Toledo,Ohio ,US,NBA,1992-93
Charles Oakley,19,1986,2004,1282,40280,4835,10263,68,269,2679,3522,3924,12205,3217,1351,384,2785,4421,12417,.471,.253,.761,31.4,9.7,9.5,2.5,1.1,0.3,"Dec 18, 1963",Cleveland,Ohio ,US,NBA,1985-86
Alan Ogg,3,1991,1993,80,657,75,152,0,2,25,44,48,133,13,12,58,30,132,175,.493,.000,.568,8.2,2.2,1.7,0.2,0.2,0.7,"Jul 5, 1967",Lancaster,Ohio ,US,NBA,1990-91
Louis Orr,8,1981,1988,569,13353,2125,4539,3,36,1292,1642,903,2117,853,455,163,788,1133,5545,.468,.083,.787,23.5,9.7,3.7,1.5,0.8,0.3,"May 7, 1958",Cincinnati,Ohio ,US,NBA,1980-81
Player,Yrs,0,To,G,MP,FG,FGA,3P,3PA,FT,FTA,ORB,TRB,AST,STL,BLK,TOV,PF,PTS,FG%,3P%,FT%,MP,PTS,TRB,AST,STL,BLK,Date,City,Ohio ,US,NBA,-1-
Don Otten,4,1950,1953,219,2173,660,1850,,,974,1280,,928,297,,,,787,2294,.357,,.761,24.7,10.5,6.0,1.4,,,"Apr 18, 1921",Bellefontaine,Ohio ,US,NBA,1949-50
Mac Otten,1,1950,1950,59,,51,155,,,40,81,,,36,,,,119,142,.329,,.494,,2.4,,0.6,,,"Dec 16, 1925",Bellefontaine,Ohio ,US,NBA,1949-50
Chris Owens,1,2003,2003,1,6,2,3,0,0,0,0,1,1,0,0,0,1,0,4,.667,,,6.0,4.0,1.0,0.0,0.0,0.0,"Mar 1, 1979",Akron,Ohio ,US,NBA,2002-03
Ruben Patterson,10,1999,2008,649,15955,2678,5180,35,196,1562,2436,1280,2697,1150,751,249,1166,1418,6953,.517,.179,.641,24.6,10.7,4.2,1.8,1.2,0.4,"Jul 31, 1975",Cleveland,Ohio ,US,NBA,1998-99
Jim Paxson,11,1980,1990,784,21357,4545,9133,98,435,2011,2493,519,1593,2300,951,93,1144,1442,11199,.498,.225,.807,27.2,14.3,2.0,2.9,1.2,0.1,"Jul 9, 1957",Kettering,Ohio ,US,NBA,1979-80
John Paxson,11,1984,1994,772,17257,2403,4812,273,769,481,598,167,906,2758,517,44,651,1430,5560,.499,.355,.804,22.4,7.2,1.2,3.6,0.7,0.1,"Sep 29, 1960",Dayton,Ohio ,US,NBA,1983-84
Johnny Payak,2,1950,1953,120,1470,226,704,,,301,421,,114,226,,,,307,753,.321,,.715,21.6,6.3,1.7,1.9,,,"Nov 20, 1926",Rossford,Ohio ,US,NBA,1949-50
Adreian Payne,4,2015,2018,107,1403,174,429,15,59,66,97,79,315,66,45,27,90,203,429,.406,.254,.680,13.1,4.0,2.9,0.6,0.4,0.3,"Feb 19, 1991",Dayton,Ohio ,US,NBA,2014-15
Eric Piatkowski,14,1995,2008,789,14613,2044,4711,865,2168,966,1152,508,1716,778,404,115,628,1152,5919,.434,.399,.839,18.5,7.5,2.2,1.0,0.5,0.1,"Sep 30, 1970",Steubenville,Ohio ,US,NBA,1994-95
Walt Piatkowski,3,1969,1972,157,3149,617,1507,38,132,193,250,254,617,89,,,178,408,1465,.409,.288,.772,20.1,9.3,3.9,0.6,,,"Jun 11, 1945",Toledo,Ohio ,US,NBA,1968-69
James Posey,12,2000,2011,864,23260,2495,6091,1035,2967,1394,1701,755,4061,1413,917,298,981,2330,7419,.410,.349,.820,26.9,8.6,4.7,1.6,1.1,0.3,"Jan 13, 1977",Cleveland,Ohio ,US,NBA,1999-00
Micah Potter,4,2022,2025,51,692,66,141,35,89,17,20,42,165,28,11,16,26,55,184,.468,.393,.850,13.6,3.6,3.2,0.5,0.2,0.3,"Apr 6, 1998",Mentor,Ohio ,US,NBA,2021-22
Mike Pratt,2,1971,1972,143,2102,306,717,19,51,175,219,158,383,286,,,205,286,806,.427,.373,.799,14.7,5.6,2.7,2.0,,,"Aug 4, 1948",Dayton,Ohio ,US,NBA,1970-71
Les Pugh,2,1949,1950,116,,236,829,,,240,303,,,75,,,,286,712,.285,,.792,,6.1,,0.6,,,"Sep 18, 1922",Butler,Ohio ,US,NBA,1948-49
Kelvin Ransey,6,1981,1986,474,11586,2207,4862,20,152,946,1209,227,901,2480,472,34,958,923,5380,.454,.132,.782,24.4,11.4,1.9,5.2,1.0,0.1,"May 3, 1958",Toledo,Ohio ,US,NBA,1980-81
Ed Ratleff,5,1974,1978,338,8433,1160,2554,,,493,614,465,1363,896,430,143,67,801,2813,.454,,.803,24.9,8.3,4.0,2.7,1.3,0.4,"Mar 29, 1950",Bellefontaine,Ohio ,US,NBA,1973-74
Michael Redd,12,2001,2012,629,20104,4207,9405,1045,2751,2513,2998,622,2411,1338,579,66,963,1002,11972,.447,.380,.838,32.0,19.0,3.8,2.1,0.9,0.1,"Aug 24, 1979",Columbus,Ohio ,US,NBA,2000-01
Mel Riebe,3,1947,1949,146,,650,2140,,,275,443,,,212,,,,416,1575,.304,,.621,,10.8,,1.5,,,"Jul 12, 1916",Cleveland,Ohio ,US,NBA,1946-47
Eric Riley,5,1994,1999,186,1844,218,478,0,4,138,196,180,479,60,54,132,126,303,574,.456,.000,.704,9.9,3.1,2.6,0.3,0.3,0.7,"Jun 2, 1970",Cleveland,Ohio ,US,NBA,1993-94
Brian Roberts,5,2013,2017,314,5207,753,1831,217,610,336,370,58,422,721,132,19,272,368,2059,.411,.356,.908,16.6,6.6,1.3,2.3,0.4,0.1,"Dec 3, 1985",Toledo,Ohio ,US,NBA,2012-13
Player,Yrs,0,To,G,MP,FG,FGA,3P,3PA,FT,FTA,ORB,TRB,AST,STL,BLK,TOV,PF,PTS,FG%,3P%,FT%,MP,PTS,TRB,AST,STL,BLK,Date,City,Ohio ,US,NBA,-1-
Alvin Robertson,10,1985,1996,779,24669,4412,9245,236,800,1822,2451,1621,4066,3929,2112,323,2116,2638,10882,.477,.295,.743,31.7,14.0,5.2,5.0,2.7,0.4,"Jul 22, 1962",Barberton,Ohio ,US,NBA,1984-85
Dave Robisch,13,1972,1984,930,22780,3997,8620,0,14,2587,3241,1992,6173,1655,382,366,986,2069,10581,.464,,.798,24.5,11.4,6.6,1.8,0.5,0.5,"Dec 22, 1949",Cincinnati,Ohio ,US,NBA,1971-72
Al Roges,2,1954,1955,84,2138,243,675,,,145,203,,237,179,,,,197,631,.360,,.714,25.5,7.5,2.8,2.1,,,"Oct 25, 1930",,Ohio ,US,NBA,1953-54
Scott Roth,3,1988,1990,160,1798,248,661,23,79,232,318,61,204,186,87,11,136,250,751,.375,.291,.730,11.2,4.7,1.3,1.2,0.5,0.1,"Jun 3, 1963",Cleveland,Ohio ,US,NBA,1987-88
Terry Rozier,10,2016,2025,650,18065,3331,7945,1342,3699,1157,1396,435,2570,2306,606,164,885,966,9161,.419,.363,.829,27.8,14.1,4.0,3.5,0.9,0.3,"Mar 17, 1994",Youngstown,Ohio ,US,NBA,2015-16
JaKarr Sampson,6,2015,2021,236,3549,483,1026,60,242,207,309,154,628,161,91,110,188,449,1233,.471,.248,.670,15.0,5.2,2.7,0.7,0.4,0.5,"Mar 20, 1993",Cleveland,Ohio ,US,NBA,2014-15
Frankie Sanders,2,1979,1981,69,665,139,323,0,0,74,90,41,131,69,37,7,76,89,352,.430,,.822,9.6,5.1,1.9,1.0,0.5,0.1,"Jan 23, 1957",Dayton,Ohio ,US,NBA,1978-79
Fred Saunders,4,1975,1978,210,2899,487,1099,,,133,195,204,624,224,93,37,42,471,1107,.443,,.682,13.8,5.3,3.0,1.1,0.4,0.2,"Jun 13, 1951",Columbus,Ohio ,US,NBA,1974-75
Fred Schaus,5,1950,1954,334,6637,1345,3826,,,1380,1677,,1609,961,,,,1130,4070,.352,,.823,33.5,12.2,6.0,2.9,,,"Jun 30, 1925",Newark,Ohio ,US,NBA,1949-50
Dick Schnittker,6,1951,1958,364,6744,929,2454,,,1172,1421,,1372,479,,,,1014,3030,.379,,.825,20.1,8.3,3.8,1.3,,,"May 27, 1928",Kelleys Island,Ohio ,US,NBA,1950-51
Brad Sellers,6,1987,1993,398,7154,1026,2268,6,30,451,569,428,1064,435,137,246,335,678,2509,.452,.200,.793,18.0,6.3,2.7,1.1,0.3,0.6,"Dec 17, 1962",Warrensville Heights,Ohio ,US,NBA,1986-87
Paul Seymour,12,1948,1960,622,14667,2039,5826,,,1758,2219,,1694,2341,,,,1363,5836,.350,,.792,30.1,9.4,3.1,3.8,,,"Jan 30, 1928",Toledo,Ohio ,US,NBA,1947-48
Chuck Share,9,1952,1960,596,13023,1562,3905,,,1804,2604,,4986,809,,,,2106,4928,.400,,.693,21.9,8.3,8.4,1.4,,,"Mar 14, 1927",Akron,Ohio ,US,NBA,1951-52
Casey Shaw,1,1999,1999,9,14,1,8,0,0,0,0,3,3,0,0,0,2,2,2,.125,,,1.6,0.2,0.3,0.0,0.0,0.0,"Jul 20, 1975",Lebanon,Ohio ,US,NBA,1998-99
Dick Shrider,1,1949,1949,4,,0,0,,,1,3,,,2,,,,2,1,,,.333,,0.3,,0.5,,,"Feb 7, 1923",Glass Rock,Ohio ,US,NBA,1948-49
Jordan Sibert,1,2019,2019,1,4,1,1,1,1,0,0,0,0,0,0,0,0,0,3,1.000,1.000,,4.0,3.0,0.0,0.0,0.0,0.0,"Aug 1, 1992",Cincinnati,Ohio ,US,NBA,2018-19
Larry Siegfried,9,1964,1972,550,13632,2149,5248,,,1662,1945,,1567,1950,,,,1307,5960,.409,,.854,24.8,10.8,2.8,3.5,,,"May 22, 1939",Shelby,Ohio ,US,NBA,1963-64
Zavier Simpson,2,2022,2024,11,335,36,106,6,25,8,9,6,41,55,12,7,20,26,86,.340,.240,.889,30.5,7.8,3.7,5.0,1.1,0.6,"Feb 11, 1997",Lima,Ohio ,US,NBA,2021-22
Clinton Smith,2,1987,1991,46,386,52,121,0,2,30,42,28,60,49,14,1,27,39,134,.430,.000,.714,8.4,2.9,1.3,1.1,0.3,0.0,"Jan 19, 1964",Cleveland,Ohio ,US,NBA,1986-87
Don Smith,1,1975,1975,54,538,131,321,,,21,21,14,30,47,20,3,,45,283,.408,,1.000,10.0,5.2,0.6,0.9,0.4,0.1,"Oct 10, 1951",Dayton,Ohio ,US,NBA,1974-75
Player,Yrs,0,To,G,MP,FG,FGA,3P,3PA,FT,FTA,ORB,TRB,AST,STL,BLK,TOV,PF,PTS,FG%,3P%,FT%,MP,PTS,TRB,AST,STL,BLK,Date,City,Ohio ,US,NBA,-1-
Ed Smith,1,1954,1954,12,127,14,49,,,7,13,,32,10,,,,17,35,.286,,.538,10.6,2.9,2.7,0.8,,,"Jul 5, 1929",West Jefferson,Ohio ,US,NBA,1953-54
Jim Smith,2,1982,1983,76,876,89,173,0,0,41,89,72,187,46,22,51,47,189,219,.514,,.461,11.5,2.9,2.5,0.6,0.3,0.7,"Apr 12, 1958",Cleveland,Ohio ,US,NBA,1981-82
Eric Snow,13,1996,2008,846,23132,2144,5054,55,265,1448,1897,419,2141,4245,975,105,1391,2013,5791,.424,.208,.763,27.3,6.8,2.5,5.0,1.2,0.1,"Apr 24, 1973",Canton,Ohio ,US,NBA,1995-96
Dick Snyder,13,1967,1979,964,25676,4890,10019,,,1975,2398,248,2732,2767,300,157,84,2453,11755,.488,,.824,26.6,12.2,2.8,2.9,0.7,0.4,"Feb 1, 1944",North Canton,Ohio ,US,NBA,1966-67
Dave Sorenson,3,1971,1973,213,3857,690,1562,,,354,455,,997,280,,,,408,1734,.442,,.778,18.1,8.1,4.7,1.3,,,"Jul 8, 1948",Findlay,Ohio ,US,NBA,1970-71
Omari Spellman,2,2019,2020,95,1691,225,539,87,238,105,137,149,413,94,59,49,85,130,642,.417,.366,.766,17.8,6.8,4.3,1.0,0.6,0.5,"Jul 21, 1997",Cleveland,Ohio ,US,NBA,2018-19
Jared Sullinger,5,2013,2017,269,6532,1172,2685,141,518,408,564,684,2006,477,180,161,332,784,2893,.436,.272,.723,24.3,10.8,7.5,1.8,0.7,0.6,"Mar 4, 1992",Columbus,Ohio ,US,NBA,2012-13
Larry Sykes,1,1996,1996,1,2,0,0,0,0,0,0,1,2,0,0,0,1,0,0,,,,2.0,0.0,2.0,0.0,0.0,0.0,"Apr 11, 1973",Toledo,Ohio ,US,NBA,1995-96
Jae'Sean Tate,5,2021,2025,281,6241,948,1922,168,550,335,480,403,1190,581,242,102,338,817,2399,.493,.305,.698,22.2,8.5,4.2,2.1,0.9,0.4,"Oct 28, 1995",Toledo,Ohio ,US,NBA,2020-21
Carl Thomas,3,1992,1998,63,534,70,176,23,73,18,28,13,60,28,24,8,25,49,181,.398,.315,.643,8.5,2.9,1.0,0.4,0.4,0.1,"Oct 3, 1969",Dayton,Ohio ,US,NBA,1991-92
Charles Thomas,1,1992,1992,36,156,18,51,2,17,10,15,6,22,22,4,1,17,20,48,.353,.118,.667,4.3,1.3,0.6,0.6,0.1,0.0,"Oct 3, 1969",Dayton,Ohio ,US,NBA,1991-92
LaSalle Thompson,15,1983,1997,985,21238,3136,6376,4,26,1530,2075,2123,6689,1139,741,972,1646,3143,7806,.492,.154,.737,21.6,7.9,6.8,1.2,0.8,1.0,"Jun 23, 1961",Cincinnati,Ohio ,US,NBA,1982-83
Nate Thurmond*,14,1964,1977,964,35881,5521,13105,,,3395,5089,744,14464,2575,125,553,,2624,14437,.421,,.667,37.2,15.0,15.0,2.7,0.5,2.1,"Jul 25, 1941",Akron,Ohio ,US,NBA,1963-64
Hal Tidrick,1,1949,1949,61,,194,616,,,164,205,,,101,,,,191,552,.315,,.800,,9.0,,1.7,,,"Apr 4, 1915",,Ohio ,US,NBA,1948-49
Gary Trent,9,1996,2004,506,9866,1792,3580,4,50,778,1210,842,2276,504,223,174,599,1096,4366,.501,.080,.643,19.5,8.6,4.5,1.0,0.4,0.3,"Sep 22, 1974",Columbus,Ohio ,US,NBA,1995-96
Gary Trent Jr.,7,2019,2025,392,11084,1933,4569,951,2442,585,713,145,938,571,457,74,275,623,5402,.423,.389,.820,28.3,13.8,2.4,1.5,1.2,0.2,"Jan 18, 1999",Columbus,Ohio ,US,NBA,2018-19
Al Tucker,5,1968,1972,352,7478,1439,3157,33,89,630,866,110,1740,342,,,154,812,3541,.456,,.727,21.2,10.1,4.9,1.0,,,"Feb 24, 1943",Dayton,Ohio ,US,NBA,1967-68
Bill Turner,6,1968,1973,294,4060,603,1481,,,391,537,,1039,167,,,,605,1597,.407,,.728,13.8,5.4,3.5,0.6,,,"Feb 18, 1944",Cleveland,Ohio ,US,NBA,1967-68
Norm Van Lier,10,1970,1979,746,26171,3313,8003,,,2144,2749,540,3596,5217,767,71,249,2661,8770,.414,,.780,35.1,11.8,4.8,7.0,1.8,0.2,"Apr 1, 1947",East Liverpool,Ohio ,US,NBA,1969-70
Claude Virden,1,1973,1973,31,825,130,327,0,2,46,59,49,154,74,,,49,84,306,.398,.000,.780,26.6,9.9,5.0,2.4,,,"Nov 25, 1947",Akron,Ohio ,US,NBA,1972-73
Player,Yrs,0,To,G,MP,FG,FGA,3P,3PA,FT,FTA,ORB,TRB,AST,STL,BLK,TOV,PF,PTS,FG%,3P%,FT%,MP,PTS,TRB,AST,STL,BLK,Date,City,Ohio ,US,NBA,-1-
Granville Waiters,5,1984,1988,249,2547,270,589,0,5,66,118,183,540,121,56,185,153,410,606,.458,.000,.559,10.2,2.4,2.2,0.5,0.2,0.7,"Jan 8, 1961",Columbus,Ohio ,US,NBA,1983-84
Neal Walk,8,1970,1977,568,13832,2928,6386,,,1301,1717,429,4392,1214,140,105,,1788,7157,.459,,.758,24.4,12.6,7.7,2.1,0.6,0.4,"Jul 29, 1948",Cleveland,Ohio ,US,NBA,1969-70
Samaki Walker,10,1997,2006,445,7612,936,2026,1,9,503,798,627,2089,252,134,316,403,895,2376,.462,.111,.630,17.1,5.3,4.7,0.6,0.3,0.7,"Feb 25, 1976",Columbus,Ohio ,US,NBA,1996-97
Dick Wehr,1,1949,1949,9,,5,21,,,2,6,,,3,,,,12,12,.238,,.333,,1.3,,0.3,,,"Dec 9, 1925",Caldwell,Ohio ,US,NBA,1948-49
Chuckie Williams,1,1977,1977,22,65,14,47,,,9,12,3,4,7,1,0,,7,37,.298,,.750,3.0,1.7,0.2,0.3,0.0,0.0,"Dec 31, 1953",Columbus,Ohio ,US,NBA,1976-77
Herb Williams,18,1982,1999,1102,28484,5037,10781,8,84,1862,2675,1624,6509,1856,605,1605,1929,2876,11944,.467,.095,.696,25.8,10.8,5.9,1.7,0.5,1.5,"Feb 16, 1958",Columbus,Ohio ,US,NBA,1981-82
Jawad Williams,3,2009,2011,90,1153,127,344,45,144,41,57,24,133,56,22,8,35,109,340,.369,.313,.719,12.8,3.8,1.5,0.6,0.2,0.1,"Feb 19, 1983",Cleveland,Ohio ,US,NBA,2008-09
Vince Williams Jr.,3,2023,2025,75,1671,199,467,88,258,116,147,75,336,195,58,38,108,165,602,.426,.341,.789,22.3,8.0,4.5,2.6,0.8,0.5,"Aug 30, 2000",Toledo,Ohio ,US,NBA,2022-23
Chris Wright,2,2012,2014,32,312,44,80,0,1,30,46,29,65,9,14,18,13,39,118,.550,.000,.652,9.8,3.7,2.0,0.3,0.4,0.6,"Sep 30, 1988",Trotwood,Ohio ,US,NBA,2011-12
Rich Yonakor,1,1982,1982,10,70,14,26,0,0,5,7,13,27,3,1,2,2,7,33,.538,,.714,7.0,3.3,2.7,0.3,0.1,0.2,"Oct 3, 1958",Euclid,Ohio ,US,NBA,1981-82
Trey Alexander,1,2025,2025,18,79,7,24,2,10,2,2,0,9,7,1,1,3,8,18,.292,.200,1.000,4.4,1.0,0.5,0.4,0.1,0.1,"May 2, 2003",Oklahoma City,Oklahoma ,US,NBA,2024-25
Charlie Beasley,4,1968,1971,281,7347,943,2067,30,126,717,830,67,704,860,,,542,651,2633,.456,.238,.864,26.1,9.4,2.5,3.1,,,"Sep 23, 1945",Shawnee,Oklahoma ,US,NBA,1967-68
Ron Boone,13,1969,1981,1041,32391,6829,14804,153,504,3626,4334,1614,4348,3842,823,123,3085,3265,17437,.461,,.837,31.1,16.8,4.2,3.7,1.3,0.2,"Sep 6, 1946",Oklahoma City,Oklahoma ,US,NBA,1968-69
Anthony Bowie,8,1989,1998,461,8349,1247,2628,67,211,384,466,299,1021,840,288,106,478,711,2945,.475,.318,.824,18.1,6.4,2.2,1.8,0.6,0.2,"Nov 9, 1963",Tulsa,Oklahoma ,US,NBA,1988-89
Joe Bradley,1,1950,1950,46,,36,134,,,15,38,,,36,,,,51,87,.269,,.395,,1.9,,0.8,,,"Sep 24, 1928",Washington,Oklahoma ,US,NBA,1949-50
Antoine Carr,16,1985,2000,987,19780,3663,7286,6,46,1844,2364,1151,3384,1086,361,925,1187,3063,9176,.503,.130,.780,20.0,9.3,3.4,1.1,0.4,0.9,"Jul 23, 1961",Oklahoma City,Oklahoma ,US,NBA,1984-85
Leroy Combs,1,1984,1984,48,446,81,163,0,3,56,91,19,56,38,23,18,46,49,218,.497,.000,.615,9.3,4.5,1.2,0.8,0.5,0.4,"Jan 1, 1961",Oklahoma City,Oklahoma ,US,NBA,1983-84
Gene Conley,6,1953,1964,351,5791,833,2244,,,403,613,,2212,201,,,,1123,2069,.371,,.657,16.5,5.9,6.3,0.6,,,"Nov 10, 1930",Muskogee,Oklahoma ,US,NBA,1952-53
Ken Corley,1,1947,1947,3,,0,0,,,0,0,,,0,,,,0,0,,,,,0.0,,0.0,,,"May 10, 1920",McCloud,Oklahoma ,US,NBA,1946-47
Pete Darcey,1,1953,1953,12,90,3,18,,,5,9,,10,2,,,,29,11,.167,,.556,7.5,0.9,0.8,0.2,,,"Mar 3, 1930",Oklahoma City,Oklahoma ,US,NBA,1952-53
Aubrey Davis,1,1947,1947,59,,107,381,,,73,115,,,14,,,,136,287,.281,,.635,,4.9,,0.2,,,"Mar 28, 1921",Apache,Oklahoma ,US,NBA,1946-47
Richard Dumas,3,1993,1996,102,2226,434,852,3,13,209,301,160,351,111,137,47,150,228,1080,.509,.231,.694,21.8,10.6,3.4,1.1,1.3,0.5,"May 19, 1969",Tulsa,Oklahoma ,US,NBA,1992-93
Jack Dwan,1,1949,1949,60,,121,380,,,34,69,,,129,,,,157,276,.318,,.493,,4.6,,2.2,,,"May 3, 1921",,Oklahoma ,US,NBA,1948-49
Mike Farmer,7,1959,1966,423,8818,1165,2965,,,486,597,,1950,550,,,,840,2816,.393,,.814,20.8,6.7,4.6,1.3,,,"Sep 26, 1936",Oklahoma City,Oklahoma ,US,NBA,1958-59
Terrance Ferguson,4,2018,2021,204,4000,334,827,195,583,61,81,75,263,144,92,43,93,476,924,.404,.334,.753,19.6,4.5,1.3,0.7,0.5,0.2,"May 17, 1998",Tulsa,Oklahoma ,US,NBA,2017-18
J.R. Giddens,2,2009,2010,38,247,30,63,0,10,13,23,18,54,13,10,2,18,30,73,.476,.000,.565,6.5,1.9,1.4,0.3,0.3,0.1,"Feb 13, 1985",Oklahoma City,Oklahoma ,US,NBA,2008-09
Blake Griffin,13,2011,2023,765,24384,5419,10988,538,1639,3137,4508,1487,6109,3055,627,359,1732,2058,14513,.493,.328,.696,31.9,19.0,8.0,4.0,0.8,0.5,"Mar 16, 1989",Oklahoma City,Oklahoma ,US,NBA,2010-11
Taylor Griffin,1,2010,2010,8,32,4,10,0,2,2,4,0,2,1,0,2,1,4,10,.400,.000,.500,4.0,1.3,0.3,0.1,0.0,0.3,"Apr 18, 1986",Oklahoma City,Oklahoma ,US,NBA,2009-10
Jaxson Hayes,6,2020,2025,345,5547,889,1387,30,114,504,711,457,1318,238,159,228,243,680,2312,.641,.263,.709,16.1,6.7,3.8,0.7,0.5,0.7,"May 23, 2000",Norman,Oklahoma ,US,NBA,2019-20
Carl Henry,1,1986,1986,28,149,31,67,4,10,12,17,8,19,4,5,0,9,11,78,.463,.400,.706,5.3,2.8,0.7,0.1,0.2,0.0,"Aug 16, 1960",Hollis,Oklahoma ,US,NBA,1985-86
Player,Yrs,0,To,G,MP,FG,FGA,3P,3PA,FT,FTA,ORB,TRB,AST,STL,BLK,TOV,PF,PTS,FG%,3P%,FT%,MP,PTS,TRB,AST,STL,BLK,Date,City,Oklahoma ,US,NBA,-1-
Byron Houston,4,1993,1996,214,2674,307,673,10,39,211,312,237,648,114,103,86,173,543,835,.456,.256,.676,12.5,3.9,3.0,0.5,0.5,0.4,"Nov 22, 1969",Watonga,Oklahoma ,US,NBA,1992-93
Ryan Humphrey,3,2003,2005,85,772,78,227,0,3,41,76,86,189,18,20,19,48,113,197,.344,.000,.539,9.1,2.3,2.2,0.2,0.2,0.2,"Jul 24, 1979",Tulsa,Oklahoma ,US,NBA,2002-03
Darnell Jackson,3,2009,2011,138,1039,123,274,4,17,58,90,90,203,26,24,11,50,159,308,.449,.235,.644,7.5,2.2,1.5,0.2,0.2,0.1,"Nov 7, 1985",Oklahoma City,Oklahoma ,US,NBA,2008-09
DaQuan Jeffries,5,2020,2025,86,1111,118,282,45,157,21,27,40,155,60,33,22,33,114,302,.418,.287,.778,12.9,3.5,1.8,0.7,0.4,0.3,"Aug 30, 1997",Edmond,Oklahoma ,US,NBA,2019-20
Jim King,10,1964,1973,607,11187,1700,4067,,,977,1249,,1500,1412,,,,1218,4377,.418,,.782,18.4,7.2,2.5,2.3,,,"Feb 7, 1941",Tulsa,Oklahoma ,US,NBA,1963-64
Stacey King,8,1990,1997,438,7406,1071,2240,4,17,673,952,597,1460,387,173,210,527,906,2819,.478,.235,.707,16.9,6.4,3.3,0.9,0.4,0.5,"Jan 29, 1967",Lawton,Oklahoma ,US,NBA,1989-90
Bud Koper,1,1965,1965,54,631,106,241,,,35,42,,61,43,,,,59,247,.440,,.833,11.7,4.6,1.1,0.8,,,"Aug 9, 1942",Rocky,Oklahoma ,US,NBA,1964-65
Lee Mayberry,7,1993,1999,496,10337,950,2287,379,1006,267,405,142,642,1767,352,43,591,865,2546,.415,.377,.659,20.8,5.1,1.3,3.6,0.7,0.1,"Jun 12, 1970",Tulsa,Oklahoma ,US,NBA,1992-93
Clint McDaniel,1,1996,1996,12,71,8,23,2,6,12,16,3,10,7,5,0,2,10,30,.348,.333,.750,5.9,2.5,0.8,0.6,0.4,0.0,"Feb 26, 1972",Tulsa,Oklahoma ,US,NBA,1995-96
Shake Milton,7,2019,2025,346,6539,1052,2332,292,817,442,536,163,762,842,157,72,357,583,2838,.451,.357,.825,18.9,8.2,2.2,2.4,0.5,0.2,"Sep 26, 1996",Owasso,Oklahoma ,US,NBA,2018-19
Tracy Moore,5,1992,1997,119,1729,298,738,77,224,160,191,75,183,121,62,8,98,186,833,.404,.344,.838,14.5,7.0,1.5,1.0,0.5,0.1,"Dec 28, 1965",Oklahoma City,Oklahoma ,US,NBA,1991-92
Willie Murrell,3,1968,1970,228,6747,1250,2684,14,46,474,659,307,1655,233,,,387,640,2988,.466,.304,.719,29.6,13.1,7.3,1.0,,,"Sep 13, 1941",Taft,Oklahoma ,US,NBA,1967-68
Daniel Orton,3,2012,2014,51,542,50,103,0,1,43,72,48,126,24,18,28,29,81,143,.485,.000,.597,10.6,2.8,2.5,0.5,0.4,0.5,"Aug 6, 1990",Oklahoma City,Oklahoma ,US,NBA,2011-12
Claude Overton,1,1953,1953,15,182,19,75,,,20,30,,25,15,,,,25,58,.253,,.667,12.1,3.9,1.7,1.0,,,"Dec 16, 1927",Temple,Oklahoma ,US,NBA,1952-53
Doyle Parrack,1,1947,1947,58,,110,413,,,52,80,,,20,,,,77,272,.266,,.650,,4.7,,0.3,,,"Dec 6, 1921",Cotton County,Oklahoma ,US,NBA,1946-47
Brent Price,9,1993,2002,418,7007,818,1918,363,938,482,585,175,684,1236,313,16,626,759,2481,.426,.387,.824,16.8,5.9,1.6,3.0,0.7,0.0,"Dec 9, 1968",Shawnee,Oklahoma ,US,NBA,1992-93
Mark Price,12,1987,1998,722,21560,3939,8345,976,2428,2135,2362,409,1848,4863,860,76,1790,964,10989,.472,.402,.904,29.9,15.2,2.6,6.7,1.2,0.1,"Feb 15, 1964",Bartlesville,Oklahoma ,US,NBA,1986-87
Bob Priddy,1,1953,1953,16,149,14,38,,,8,14,,36,7,,,,36,36,.368,,.571,9.3,2.3,2.3,0.4,,,"Mar 24, 1930",Altus,Oklahoma ,US,NBA,1952-53
Hub Reed,7,1959,1965,479,7870,1081,2481,,,456,630,,2449,367,,,,1337,2618,.436,,.724,16.4,5.5,5.1,0.8,,,"Oct 4, 1936",Harrah,Oklahoma ,US,NBA,1958-59
Josh Richardson,10,2016,2025,554,15815,2327,5433,873,2405,854,1009,378,1685,1463,566,297,732,1230,6381,.428,.363,.846,28.5,11.5,3.0,2.6,1.0,0.5,"Sep 15, 1993",Edmond,Oklahoma ,US,NBA,2015-16
Player,Yrs,0,To,G,MP,FG,FGA,3P,3PA,FT,FTA,ORB,TRB,AST,STL,BLK,TOV,PF,PTS,FG%,3P%,FT%,MP,PTS,TRB,AST,STL,BLK,Date,City,Oklahoma ,US,NBA,-1-
Ryan Robertson,1,2000,2000,1,25,2,6,0,2,1,1,0,0,0,0,0,0,0,5,.333,.000,1.000,25.0,5.0,0.0,0.0,0.0,0.0,"Oct 2, 1976",Lawton,Oklahoma ,US,NBA,1999-00
Shea Seals,1,1998,1998,4,9,1,8,0,3,2,4,3,4,0,1,0,0,1,4,.125,.000,.500,2.3,1.0,1.0,0.0,0.3,0.0,"Aug 26, 1975",Tulsa,Oklahoma ,US,NBA,1997-98
Jeremy Sochan,3,2023,2025,166,4589,756,1635,122,417,250,343,317,1023,483,138,82,295,393,1884,.462,.293,.729,27.6,11.3,6.2,2.9,0.8,0.5,"May 20, 2003",Guymon,Oklahoma ,US,NBA,2022-23
John Starks,13,1989,2002,866,23514,3953,9590,1222,3591,1701,2211,417,2129,3085,951,106,1533,2293,10829,.412,.340,.769,27.2,12.5,2.5,3.6,1.1,0.1,"Aug 10, 1965",Tulsa,Oklahoma ,US,NBA,1988-89
Wayman Tisdale,12,1986,1997,840,23868,5338,10575,0,21,2202,2897,1617,5117,1077,464,500,1407,2801,12878,.505,.000,.760,28.4,15.3,6.1,1.3,0.6,0.6,"Jun 9, 1964",Tulsa,Oklahoma ,US,NBA,1985-86
Ekpe Udoh,7,2011,2019,384,5694,519,1145,0,4,315,439,456,1100,260,177,429,222,714,1353,.453,.000,.718,14.8,3.5,2.9,0.7,0.5,1.1,"May 20, 1987",Edmond,Oklahoma ,US,NBA,2010-11
David Vaughn,4,1996,1999,118,1156,137,324,0,2,67,105,134,361,36,31,48,98,216,341,.423,.000,.638,9.8,2.9,3.1,0.3,0.3,0.4,"Mar 23, 1973",Tulsa,Oklahoma ,US,NBA,1995-96
Jake Voskuhl,9,2001,2009,450,6443,673,1381,1,3,467,654,562,1539,237,148,166,340,1166,1814,.487,.333,.714,14.3,4.0,3.4,0.5,0.3,0.4,"Nov 1, 1977",Tulsa,Oklahoma ,US,NBA,2000-01
Danny Wagner,1,1950,1950,11,,19,54,,,31,35,,,18,,,,22,69,.352,,.886,,6.3,,1.6,,,"Aug 1, 1922",Henryetta,Oklahoma ,US,NBA,1949-50
Lindy Waters III,4,2022,2025,144,1943,266,666,197,545,30,38,46,286,119,60,36,45,152,759,.399,.361,.789,13.5,5.3,2.0,0.8,0.4,0.3,"Jul 28, 1997",Norman,Oklahoma ,US,NBA,2021-22
Shelden Williams,6,2007,2012,361,5586,590,1276,2,9,436,589,529,1562,163,179,164,304,733,1618,.462,.222,.740,15.5,4.5,4.3,0.5,0.5,0.5,"Oct 21, 1983",Oklahoma City,Oklahoma ,US,NBA,2006-07
Danny Ainge,14,1982,1995,1042,27755,4643,9905,1002,2651,1676,1980,695,2768,4199,1133,132,1566,2549,11964,.469,.378,.846,26.6,11.5,2.7,4.0,1.1,0.1,"Mar 17, 1959",Eugene,Oregon ,US,NBA,1981-82
Cole Anthony,5,2021,2025,307,7675,1374,3283,415,1215,730,864,218,1328,1183,216,122,580,724,3893,.419,.342,.845,25.0,12.7,4.3,3.9,0.7,0.4,"May 15, 2000",Portland,Oregon ,US,NBA,2020-21
Terrell Brandon,11,1992,2002,724,21545,3908,8720,394,1110,1784,2043,425,2174,4407,1142,226,1419,1325,9994,.448,.355,.873,29.8,13.8,3.0,6.1,1.6,0.3,"May 20, 1970",Portland,Oregon ,US,NBA,1991-92
Ronnie Brewer,8,2007,2014,502,11539,1554,3169,90,355,742,1099,451,1427,828,622,120,390,545,3940,.490,.254,.675,23.0,7.8,2.8,1.6,1.2,0.2,"Mar 20, 1985",Portland,Oregon ,US,NBA,2006-07
Will Conroy,3,2007,2013,16,108,3,22,0,6,1,8,4,11,16,0,0,6,13,7,.136,.000,.125,6.8,0.4,0.7,1.0,0.0,0.0,"Dec 8, 1982",Portland,Oregon ,US,NBA,2006-07
Mel Counts,12,1965,1976,789,13723,2665,6122,,,1186,1552,185,4756,1100,85,74,,2259,6516,.435,,.764,17.4,8.3,6.0,1.4,0.6,0.5,"Oct 16, 1941",Coos Bay,Oregon ,US,NBA,1964-65
Josh Davis,4,2004,2012,67,498,56,150,23,70,21,29,49,115,19,17,5,21,70,156,.373,.329,.724,7.4,2.3,1.7,0.3,0.3,0.1,"Aug 10, 1980",Salem,Oregon ,US,NBA,2003-04
Dan Dickau,6,2003,2008,300,4617,608,1517,179,525,350,421,75,405,752,164,11,324,514,1745,.401,.341,.831,15.4,5.8,1.4,2.5,0.5,0.0,"Sep 16, 1978",Portland,Oregon ,US,NBA,2002-03
Dave Gambee,12,1959,1970,750,14665,2820,6708,,,2295,2791,,3891,757,,,,2180,7935,.420,,.822,19.6,10.6,5.2,1.0,,,"Apr 16, 1937",Portland,Oregon ,US,NBA,1958-59
Thomas Gardner,2,2008,2009,20,143,18,59,7,35,2,6,3,11,3,4,1,7,8,45,.305,.200,.333,7.2,2.3,0.6,0.2,0.2,0.1,"Feb 8, 1985",Portland,Oregon ,US,NBA,2007-08
Jerami Grant,11,2015,2025,715,19919,3194,7109,929,2553,2047,2723,604,2809,1145,482,746,909,1634,9364,.449,.364,.752,27.9,13.1,3.9,1.6,0.7,1.0,"Mar 12, 1994",Portland,Oregon ,US,NBA,2014-15
A.C. Green,16,1986,2001,1278,36552,4544,9202,124,489,3119,4250,3354,9473,1400,1033,546,1434,2436,12331,.494,.254,.734,28.6,9.6,7.4,1.1,0.8,0.4,"Oct 4, 1963",Portland,Oregon ,US,NBA,1985-86
Bruce Hale,3,1949,1951,142,,444,1334,,,409,536,,49,424,,,,285,1297,.333,,.763,,9.1,1.9,3.0,,,"Aug 30, 1918",Medford,Oregon ,US,NBA,1948-49
Isaiah Hartenstein,7,2019,2025,358,6821,971,1645,27,100,377,552,800,2240,681,252,329,382,895,2346,.590,.270,.683,19.1,6.6,6.3,1.9,0.7,0.9,"May 5, 1998",Eugene,Oregon ,US,NBA,2018-19
Luke Jackson,4,2005,2008,73,724,84,235,32,89,52,71,27,89,58,24,3,49,71,252,.357,.360,.732,9.9,3.5,1.2,0.8,0.3,0.0,"Nov 6, 1981",Eugene,Oregon ,US,NBA,2004-05
Mike James,2,2018,2021,49,923,157,413,37,129,85,111,16,122,180,34,8,69,58,436,.380,.287,.766,18.8,8.9,2.5,3.7,0.7,0.2,"Aug 18, 1990",Portland,Oregon ,US,NBA,2017-18
Jim Jarvis,2,1968,1969,125,1729,279,745,31,95,139,173,60,235,152,,,119,240,728,.374,.326,.803,13.8,5.8,1.9,1.2,,,"Mar 3, 1943",Roseburg,Oregon ,US,NBA,1967-68
Terrence Jones,6,2013,2019,234,5562,985,1968,93,313,368,593,395,1334,238,146,270,219,392,2431,.501,.297,.621,23.8,10.4,5.7,1.0,0.6,1.2,"Jan 9, 1992",Portland,Oregon ,US,NBA,2012-13
Kylor Kelley,1,2025,2025,8,67,10,13,0,0,4,6,8,21,2,0,2,1,8,24,.769,,.667,8.4,3.0,2.6,0.3,0.0,0.3,"Aug 26, 1997",Gervais,Oregon ,US,NBA,2024-25
Aaron Miles,1,2006,2006,19,118,6,18,0,0,4,4,0,14,24,4,1,11,13,16,.333,,1.000,6.2,0.8,0.7,1.3,0.2,0.1,"Apr 13, 1983",Portland,Oregon ,US,NBA,2005-06
Player,Yrs,0,To,G,MP,FG,FGA,3P,3PA,FT,FTA,ORB,TRB,AST,STL,BLK,TOV,PF,PTS,FG%,3P%,FT%,MP,PTS,TRB,AST,STL,BLK,Date,City,Oregon ,US,NBA,-1-
Mike Newlin,11,1972,1982,837,24574,4720,10133,62,205,3005,3456,559,2494,3364,702,58,878,2542,12507,.466,,.870,29.4,14.9,3.0,4.0,1.0,0.1,"Jan 2, 1949",Portland,Oregon ,US,NBA,1971-72
Scotty Pippen Jr.,3,2023,2025,84,1700,295,621,85,225,128,184,67,254,343,105,31,158,205,803,.475,.378,.696,20.2,9.6,3.0,4.1,1.3,0.4,"Nov 10, 2000",Portland,Oregon ,US,NBA,2022-23
Payton Pritchard,5,2021,2025,323,6292,1016,2256,585,1463,170,199,234,857,800,162,33,250,397,2787,.450,.400,.854,19.5,8.6,2.7,2.5,0.5,0.1,"Jan 28, 1998",Tualatin,Oregon ,US,NBA,2020-21
Terrence Ross,11,2013,2023,733,17956,2940,7032,1329,3673,838,1001,256,2061,936,587,231,700,1230,8047,.418,.362,.837,24.5,11.0,2.8,1.3,0.8,0.3,"Feb 5, 1991",Portland,Oregon ,US,NBA,2012-13
Domantas Sabonis,9,2017,2025,629,19381,3963,7076,302,863,1910,2622,1701,6681,3072,481,292,1620,1975,10138,.560,.350,.728,30.8,16.1,10.6,4.9,0.8,0.5,"May 3, 1996",Portland,Oregon ,US,NBA,2016-17
Kyle Singler,6,2013,2018,356,7794,843,2015,299,826,341,434,317,1026,272,203,110,278,734,2326,.418,.362,.786,21.9,6.5,2.9,0.8,0.6,0.3,"May 4, 1988",Medford,Oregon ,US,NBA,2012-13
Charlie Sitton,1,1985,1985,43,304,39,94,0,2,13,25,24,60,26,7,6,19,50,91,.415,.000,.520,7.1,2.1,1.4,0.6,0.2,0.1,"Jul 3, 1962",McMinnville,Oregon ,US,NBA,1984-85
Damon Stoudamire,13,1996,2008,878,29106,4329,10662,1236,3464,1869,2244,703,3039,5371,953,81,2039,1705,11763,.406,.357,.833,33.2,13.4,3.5,6.1,1.1,0.1,"Sep 3, 1973",Portland,Oregon ,US,NBA,1995-96
Salim Stoudamire,3,2006,2008,157,2672,446,1097,167,456,201,228,22,214,164,55,10,158,240,1260,.407,.366,.882,17.0,8.0,1.4,1.0,0.4,0.1,"Oct 11, 1982",Portland,Oregon ,US,NBA,2005-06
Ime Udoka,7,2004,2011,316,5711,614,1471,218,612,189,268,219,926,308,208,54,221,528,1635,.417,.356,.705,18.1,5.2,2.9,1.0,0.7,0.2,"Aug 9, 1977",Portland,Oregon ,US,NBA,2003-04
Stanley Umude,3,2023,2025,44,369,41,105,26,65,33,38,12,65,13,12,10,16,46,141,.390,.400,.868,8.4,3.2,1.5,0.3,0.3,0.2,"Apr 12, 1999",Portland,Oregon ,US,NBA,2022-23
Chico Vaughn,8,1963,1970,491,12609,2137,5457,306,1015,1242,1684,61,1224,1024,,,344,1146,5822,.392,,.738,25.7,11.9,2.5,2.1,,,"Feb 19, 1940",Portland,Oregon ,US,NBA,1962-63
Richard Washington,6,1977,1982,351,7874,1472,3249,1,4,511,719,685,2204,409,224,277,433,1179,3456,.453,,.711,22.4,9.8,6.3,1.2,0.6,0.8,"Jul 15, 1955",Portland,Oregon ,US,NBA,1976-77
Nigel Williams-Goss,1,2020,2020,10,50,5,16,2,7,2,2,2,6,6,3,1,3,6,14,.313,.286,1.000,5.0,1.4,0.6,0.6,0.3,0.1,"Sep 16, 1994",Happy Valley,Oregon ,US,NBA,2019-20
Kyle Wiltjer,1,2017,2017,14,44,4,14,4,13,1,2,4,10,2,3,1,5,4,13,.286,.308,.500,3.1,0.9,0.7,0.1,0.2,0.1,"Oct 20, 1992",Portland,Oregon ,US,NBA,2016-17
John Abramovic,2,1947,1948,56,,203,855,,,127,185,,,37,,,,171,533,.237,,.686,,9.5,,0.7,,,"Feb 9, 1919",Etna,Pennsylvania ,US,NBA,1946-47
Jerome Allen,2,1996,1997,117,1305,114,326,40,126,68,108,30,123,201,52,9,103,126,336,.350,.317,.630,11.2,2.9,1.1,1.7,0.4,0.1,"Jan 28, 1973",Philadelphia,Pennsylvania ,US,NBA,1995-96
Lavoy Allen,6,2012,2017,388,6905,828,1758,2,15,189,277,715,1843,384,120,214,257,706,1847,.471,.133,.682,17.8,4.8,4.8,1.0,0.3,0.6,"Feb 4, 1989",Morrisville,Pennsylvania ,US,NBA,2011-12
Michael Anderson,1,1989,1989,36,730,73,175,1,7,57,82,44,89,153,44,3,84,64,204,.417,.143,.695,20.3,5.7,2.5,4.3,1.2,0.1,"Mar 23, 1966",Philadelphia,Pennsylvania ,US,NBA,1988-89
Ryan Arcidiacono,7,2018,2024,257,3938,358,851,181,491,134,166,53,452,487,122,7,135,359,1031,.421,.369,.807,15.3,4.0,1.8,1.9,0.5,0.0,"Mar 26, 1994",Philadelphia,Pennsylvania ,US,NBA,2017-18
Paul Arizin*,10,1951,1962,713,24897,5628,13354,,,5010,6189,,6129,1665,,,,2764,16266,.421,,.810,38.4,22.8,8.6,2.3,,,"Apr 9, 1928",Philadelphia,Pennsylvania ,US,NBA,1950-51
Don Asmonga,1,1954,1954,7,46,2,15,,,1,1,,1,5,,,,12,5,.133,,1.000,6.6,0.7,0.1,0.7,,,"Feb 15, 1928",West Mifflin,Pennsylvania ,US,NBA,1953-54
Jim Baechtold,5,1953,1957,321,8256,1117,2876,,,889,1135,,1009,685,,,,795,3123,.388,,.783,25.7,9.7,3.1,2.1,,,"Dec 9, 1927",McKeesport,Pennsylvania ,US,NBA,1952-53
Jimmie Baker,1,1976,1976,5,40,3,15,0,0,0,2,4,14,4,0,3,6,11,6,.200,,.000,8.0,1.2,2.8,0.8,0.0,0.6,"Dec 25, 1953",Philadelphia,Pennsylvania ,US,NBA,1975-76
Herschel Baltimore,1,1947,1947,58,,53,263,,,32,69,,,16,,,,98,138,.202,,.464,,2.4,,0.3,,,"Jun 21, 1921",Duryea,Pennsylvania ,US,NBA,1946-47
Gene Banks,6,1982,1987,468,13074,2134,3961,2,46,1035,1418,1009,2718,1335,436,101,835,1289,5305,.539,.043,.730,27.9,11.3,5.8,2.9,0.9,0.2,"May 15, 1959",Philadelphia,Pennsylvania ,US,NBA,1981-82
Mike Bantom,9,1974,1982,706,19725,3446,7362,3,15,1673,2418,1632,4517,1623,630,478,946,2489,8568,.468,,.692,27.9,12.1,6.4,2.3,0.9,0.7,"Dec 3, 1951",Philadelphia,Pennsylvania ,US,NBA,1973-74
John Barr,1,1947,1947,58,,124,438,,,47,79,,,54,,,,164,295,.283,,.595,,5.1,,0.9,,,"Aug 18, 1918",Shamokin,Pennsylvania ,US,NBA,1946-47
Moe Barr,1,1971,1971,31,145,25,62,,,11,13,,20,28,,,,27,61,.403,,.846,4.7,2.0,0.6,0.9,,,"Jun 19, 1944",Pittsburgh,Pennsylvania ,US,NBA,1970-71
Jerry Baskerville,1,1976,1976,21,105,8,26,,,10,16,13,28,3,6,5,,32,26,.308,,.625,5.0,1.2,1.3,0.1,0.3,0.2,"Nov 10, 1951",Philadelphia,Pennsylvania ,US,NBA,1975-76
Johnny Baum,5,1970,1974,244,3397,630,1312,0,2,238,314,210,666,141,36,16,147,331,1498,.480,,.758,13.9,6.1,2.7,0.6,0.6,0.3,"Jun 17, 1946",Philadelphia,Pennsylvania ,US,NBA,1969-70
Ernie Beck,7,1954,1961,371,7054,929,2425,,,467,613,,1191,669,,,,667,2325,.383,,.762,19.0,6.3,3.2,1.8,,,"Dec 11, 1931",Philadelphia,Pennsylvania ,US,NBA,1953-54
Moe Becker,1,1947,1947,43,,70,358,,,22,44,,,30,,,,98,162,.196,,.500,,3.8,,0.7,,,"Feb 24, 1917",Pittsburgh,Pennsylvania ,US,NBA,1946-47
Mel Bennett,5,1976,1982,204,3725,481,1258,0,4,440,722,442,952,204,129,98,241,533,1402,.382,,.609,18.3,6.9,4.7,1.0,0.6,0.5,"Jan 4, 1955",Pittsburgh,Pennsylvania ,US,NBA,1975-76
Del Beshore,2,1979,1980,69,870,88,250,10,26,58,87,16,63,139,58,5,104,105,244,.352,,.667,12.6,3.5,0.9,2.0,0.8,0.1,"Nov 29, 1956",Mechanicsburg,Pennsylvania ,US,NBA,1978-79
Player,Yrs,0,To,G,MP,FG,FGA,3P,3PA,FT,FTA,ORB,TRB,AST,STL,BLK,TOV,PF,PTS,FG%,3P%,FT%,MP,PTS,TRB,AST,STL,BLK,Date,City,Pennsylvania ,US,NBA,-1-
Ed Biedenbach,1,1969,1969,7,18,0,6,,,4,6,,2,3,,,,1,4,.000,,.667,2.6,0.6,0.3,0.4,,,"Aug 12, 1945",Pittsburgh,Pennsylvania ,US,NBA,1968-69
Nate Blackwell,1,1988,1988,10,112,15,41,2,11,5,6,2,6,18,3,0,8,16,37,.366,.182,.833,11.2,3.7,0.6,1.8,0.3,0.0,"Feb 15, 1965",Philadelphia,Pennsylvania ,US,NBA,1987-88
DeJuan Blair,7,2010,2016,424,7054,1242,2371,0,9,381,627,810,2153,349,316,127,471,1003,2865,.524,.000,.608,16.6,6.8,5.1,0.8,0.7,0.3,"Apr 22, 1989",Pittsburgh,Pennsylvania ,US,NBA,2009-10
Nelson Bobb,4,1950,1953,227,2478,361,1030,,,330,539,,405,488,,,,523,1052,.350,,.612,21.2,4.6,2.4,2.1,,,"Feb 25, 1924",Philadelphia,Pennsylvania ,US,NBA,1949-50
Butch Booker,1,1970,1970,12,221,30,61,0,1,10,18,44,91,6,,,13,23,70,.492,.000,.556,18.4,5.8,7.6,0.5,,,"Jul 20, 1945",Darby,Pennsylvania ,US,NBA,1969-70
Ike Borsavage,1,1951,1951,24,,26,74,,,12,18,,24,4,,,,34,64,.351,,.667,,2.7,1.0,0.2,,,"Jul 25, 1924",Plymouth,Pennsylvania ,US,NBA,1950-51
Sam Bowie,10,1985,1995,511,14098,2127,4702,32,106,1278,1708,1192,3845,1075,263,909,978,1553,5564,.452,.302,.748,27.6,10.9,7.5,2.1,0.5,1.8,"Mar 17, 1961",Lebanon,Pennsylvania ,US,NBA,1984-85
Mikal Bridges,7,2019,2025,531,17640,2878,5976,942,2529,1059,1260,471,2128,1399,630,305,646,988,7757,.482,.372,.840,33.2,14.6,4.0,2.6,1.2,0.6,"Aug 30, 1996",Philadelphia,Pennsylvania ,US,NBA,2018-19
Jim Brogan,2,1982,1983,121,1493,256,577,12,45,95,127,94,182,222,75,22,126,202,619,.444,.267,.748,12.3,5.1,1.5,1.8,0.6,0.2,"Feb 24, 1958",Ardmore,Pennsylvania ,US,NBA,1981-82
Michael Brooks,6,1981,1988,319,9372,1673,3445,5,33,735,1029,826,2001,818,387,124,638,981,4086,.486,.152,.714,29.4,12.8,6.3,2.6,1.2,0.4,"Aug 17, 1958",Philadelphia,Pennsylvania ,US,NBA,1980-81
Charlie Brown Jr.,4,2020,2024,49,406,31,111,11,49,23,25,20,55,17,16,10,16,45,96,.279,.224,.920,8.3,2.0,1.1,0.3,0.3,0.2,"Feb 2, 1997",Philadelphia,Pennsylvania ,US,NBA,2019-20
Myron Brown,1,1992,1992,4,23,4,6,1,3,0,0,0,3,6,1,0,4,2,9,.667,.333,,5.8,2.3,0.8,1.5,0.3,0.0,"Nov 3, 1969",McKees Rocks,Pennsylvania ,US,NBA,1991-92
Stan Brown,2,1948,1952,34,141,41,134,,,22,37,,17,10,,,,48,104,.306,,.595,9.4,3.1,1.1,0.3,,,"Jun 27, 1929",Philadelphia,Pennsylvania ,US,NBA,1947-48
Joe Bryant,8,1976,1983,606,12845,2093,4648,23,115,1043,1404,825,2441,1049,519,201,935,1635,5252,.450,,.743,21.2,8.7,4.0,1.7,0.9,0.3,"Oct 19, 1954",Philadelphia,Pennsylvania ,US,NBA,1975-76
Kobe Bryant*,20,1997,2016,1346,48637,11719,26200,1827,5546,8378,10011,1499,7047,6306,1944,640,4010,3353,33643,.447,.329,.837,36.1,25.0,5.2,4.7,1.4,0.5,"Aug 23, 1978",Philadelphia,Pennsylvania ,US,NBA,1996-97
Rasual Butler,13,2003,2016,809,17219,2293,5686,911,2520,595,796,297,1934,658,288,408,528,1132,6092,.403,.362,.747,21.3,7.5,2.4,0.8,0.4,0.5,"May 23, 1979",Philadelphia,Pennsylvania ,US,NBA,2002-03
Michael Bytzura,1,1947,1947,60,,87,356,,,36,72,,,31,,,,108,210,.244,,.500,,3.5,,0.5,,,"Jun 18, 1922",Duquesne,Pennsylvania ,US,NBA,1946-47
Barney Cable,6,1959,1964,362,6817,1012,2409,,,348,523,,1884,381,,,,881,2372,.420,,.665,18.8,6.6,5.2,1.1,,,"Jul 29, 1935",Rochester,Pennsylvania ,US,NBA,1958-59
Larry Cannon,4,1970,1974,213,6132,1284,3126,29,113,948,1247,356,620,772,7,4,578,544,3545,.411,,.760,28.8,16.6,2.9,3.6,0.3,0.2,"Apr 12, 1947",Philadelphia,Pennsylvania ,US,NBA,1969-70
Frank Card,5,1969,1973,306,6901,1116,2423,3,17,659,1043,597,1721,372,,,552,807,2894,.461,.176,.632,22.6,9.5,5.6,1.2,,,"Dec 28, 1944",Philadelphia,Pennsylvania ,US,NBA,1968-69
Player,Yrs,0,To,G,MP,FG,FGA,3P,3PA,FT,FTA,ORB,TRB,AST,STL,BLK,TOV,PF,PTS,FG%,3P%,FT%,MP,PTS,TRB,AST,STL,BLK,Date,City,Pennsylvania ,US,NBA,-1-
Matt Carroll,10,2004,2013,459,7590,1030,2496,344,896,609,724,147,863,313,223,60,297,704,3013,.413,.384,.841,16.5,6.6,1.9,0.7,0.5,0.1,"Aug 28, 1980",Pittsburgh,Pennsylvania ,US,NBA,2003-04
Fred Carter,8,1970,1977,611,18328,3917,9219,,,1437,2073,323,2381,2122,371,65,,1740,9271,.425,,.693,30.0,15.2,3.9,3.5,1.2,0.2,"Feb 14, 1945",Philadelphia,Pennsylvania ,US,NBA,1969-70
Ron Carter,2,1979,1980,59,449,69,161,0,0,38,61,26,64,34,19,10,50,73,176,.429,,.623,7.6,3.0,1.1,0.6,0.3,0.2,"Aug 31, 1956",Pittsburgh,Pennsylvania ,US,NBA,1978-79
Wilt Chamberlain*,14,1960,1973,1045,47859,12681,23497,,,6057,11862,,23924,4643,,,,2075,31419,.540,,.511,45.8,30.1,22.9,4.4,,,"Aug 21, 1936",Philadelphia,Pennsylvania ,US,NBA,1959-60
Len Chappell,10,1963,1972,670,11999,2443,5409,0,0,1341,1925,146,3431,503,,,63,1349,6227,.452,,.697,17.9,9.3,5.1,0.8,,,"Jan 31, 1941",Portage,Pennsylvania ,US,NBA,1962-63
Dionte Christmas,1,2014,2014,31,198,22,62,9,31,18,24,13,38,8,2,3,6,19,71,.355,.290,.750,6.4,2.3,1.2,0.3,0.1,0.1,"Sep 15, 1986",Philadelphia,Pennsylvania ,US,NBA,2013-14
Mardy Collins,4,2007,2010,189,2771,296,778,38,127,112,187,91,336,327,110,22,203,256,742,.380,.299,.599,14.7,3.9,1.8,1.7,0.6,0.1,"Aug 4, 1984",Philadelphia,Pennsylvania ,US,NBA,2006-07
Joe Colone,1,1949,1949,15,,35,113,,,13,19,,,9,,,,25,83,.310,,.684,,5.5,,0.6,,,"Jan 23, 1924",Berwick,Pennsylvania ,US,NBA,1948-49
Sean Colson,1,2001,2001,13,44,6,24,1,5,2,4,2,6,10,1,0,2,6,15,.250,.200,.500,3.4,1.2,0.5,0.8,0.1,0.0,"Jul 1, 1975",Philadelphia,Pennsylvania ,US,NBA,2000-01
Dallas Comegys,2,1988,1989,142,2241,322,704,0,3,212,311,166,452,95,78,133,201,335,856,.457,.000,.682,15.8,6.0,3.2,0.7,0.5,0.9,"Aug 17, 1964",Philadelphia,Pennsylvania ,US,NBA,1987-88
Chuck Cooper*,6,1951,1956,409,7964,933,2750,,,859,1156,,2431,734,,,,1196,2725,.339,,.743,23.2,6.7,5.9,1.8,,,"Sep 29, 1926",Pittsburgh,Pennsylvania ,US,NBA,1950-51
Steve Courtin,1,1965,1965,24,317,42,103,,,17,21,,22,22,,,,44,101,.408,,.810,13.2,4.2,0.9,0.9,,,"Sep 21, 1942",Philadelphia,Pennsylvania ,US,NBA,1964-65
Chubby Cox,1,1983,1983,7,78,13,37,0,2,3,6,7,10,6,0,1,9,16,29,.351,.000,.500,11.1,4.1,1.4,0.9,0.0,0.1,"Dec 29, 1955",Philadelphia,Pennsylvania ,US,NBA,1982-83
Chink Crossin,3,1948,1950,147,,288,907,,,118,166,,,223,,,,220,694,.318,,.711,,4.7,,1.5,,,"Jul 4, 1923",Luzerne,Pennsylvania ,US,NBA,1947-48
Pat Cummings,12,1980,1991,683,14516,2734,5506,0,16,1061,1440,1166,3825,807,360,171,1152,2037,6529,.497,.000,.737,21.3,9.6,5.6,1.2,0.5,0.3,"Jul 11, 1956",Johnstown,Pennsylvania ,US,NBA,1979-80
Bob Davies*,7,1949,1955,462,8617,2292,6067,,,2010,2647,,980,2250,,,,1566,6594,.378,,.759,31.3,14.3,2.9,4.9,,,"Jan 15, 1920",Harrisburg,Pennsylvania ,US,NBA,1948-49
Brandon Davies,2,2014,2015,78,998,109,265,10,44,58,90,76,192,58,42,15,64,151,286,.411,.227,.644,12.8,3.7,2.5,0.7,0.5,0.2,"Jul 25, 1991",Philadelphia,Pennsylvania ,US,NBA,2013-14
Brad Davis,15,1978,1992,961,22302,2970,5820,270,841,1656,2001,301,1738,4709,756,146,1377,2139,7866,.510,,.828,23.2,8.2,1.8,4.9,0.8,0.2,"Dec 17, 1955",Monaca,Pennsylvania ,US,NBA,1977-78
Emanual Davis,6,1997,2003,226,3934,402,1020,156,443,140,178,79,440,396,167,29,267,344,1100,.394,.352,.787,17.4,4.9,1.9,1.8,0.7,0.1,"Aug 27, 1968",Philadelphia,Pennsylvania ,US,NBA,1996-97
Mickey Davis,6,1972,1977,309,3837,604,1328,0,2,334,400,203,841,304,76,16,17,386,1542,.455,,.835,12.4,5.0,2.7,1.0,0.4,0.1,"Jun 16, 1950",Rochester,Pennsylvania ,US,NBA,1971-72
Player,Yrs,0,To,G,MP,FG,FGA,3P,3PA,FT,FTA,ORB,TRB,AST,STL,BLK,TOV,PF,PTS,FG%,3P%,FT%,MP,PTS,TRB,AST,STL,BLK,Date,City,Pennsylvania ,US,NBA,-1-
George Dempsey,5,1955,1959,315,5720,591,1453,,,392,593,,1125,711,,,,602,1574,.407,,.661,18.2,5.0,3.6,2.3,,,"Jul 19, 1929",Philadelphia,Pennsylvania ,US,NBA,1954-55
Charles Dudley,6,1973,1979,361,6337,686,1380,,,536,798,403,1089,1230,284,13,227,722,1908,.497,,.672,17.6,5.3,3.0,3.4,0.8,0.0,"Mar 5, 1950",Harrisburg,Pennsylvania ,US,NBA,1972-73
Ken Durrett,4,1972,1975,120,1205,192,442,,,100,157,63,233,54,22,13,,197,484,.434,,.637,10.0,4.0,1.9,0.5,0.2,0.1,"Dec 8, 1948",Pittsburgh,Pennsylvania ,US,NBA,1971-72
Justin Edwards,1,2025,2025,25,595,78,168,36,99,12,19,25,79,35,21,7,21,54,204,.464,.364,.632,23.8,8.2,3.2,1.4,0.8,0.3,"Dec 16, 2003",Philadelphia,Pennsylvania ,US,NBA,2024-25
Wayne Ellington,13,2010,2022,770,16100,2233,5441,1214,3175,510,605,238,1643,852,412,66,508,884,6190,.410,.382,.843,20.9,8.0,2.1,1.1,0.5,0.1,"Nov 29, 1987",Wynnewood,Pennsylvania ,US,NBA,2009-10
Tyreke Evans,10,2010,2019,594,18242,3510,7978,500,1548,1827,2415,500,2720,2852,734,222,1489,1308,9347,.440,.323,.757,30.7,15.7,4.6,4.8,1.2,0.4,"Sep 19, 1989",Chester,Pennsylvania ,US,NBA,2009-10
Dave Feitl,5,1987,1992,275,3001,471,1089,0,9,250,333,241,815,125,46,46,234,439,1192,.433,.000,.751,10.9,4.3,3.0,0.5,0.2,0.2,"Jun 8, 1962",Butler,Pennsylvania ,US,NBA,1986-87
Greg Fillmore,2,1971,1972,49,338,52,129,,,14,30,,108,20,,,,97,118,.403,,.467,6.9,2.4,2.2,0.4,,,"Mar 7, 1947",Philadelphia,Pennsylvania ,US,NBA,1970-71
Ed Fleming,5,1956,1960,292,6186,862,2403,,,787,1077,,1532,544,,,,688,2511,.359,,.731,21.2,8.6,5.2,1.9,,,"Jul 25, 1933",Pittsburgh,Pennsylvania ,US,NBA,1955-56
Danny Fortson,10,1998,2007,440,8832,1196,2534,2,12,1221,1556,1195,3184,301,182,94,655,1553,3615,.472,.167,.785,20.1,8.2,7.2,0.7,0.4,0.2,"Mar 27, 1976",Philadelphia,Pennsylvania ,US,NBA,1997-98
Calvin Fowler,1,1970,1970,78,1234,131,288,7,17,74,119,54,170,126,,,77,156,343,.455,.412,.622,15.8,4.4,2.2,1.6,,,"Feb 11, 1940",Pittsburgh,Pennsylvania ,US,NBA,1969-70
Andrew Funk,1,2024,2024,5,13,0,4,0,3,0,0,0,0,0,1,1,0,0,0,.000,.000,,2.6,0.0,0.0,0.0,0.2,0.2,"Sep 21, 1999",Warrington,Pennsylvania ,US,NBA,2023-24
Mike Gale,11,1972,1982,842,20645,2616,5634,17,91,954,1222,668,2445,3146,1349,331,1300,1941,6203,.464,,.781,24.5,7.4,2.9,3.7,1.8,0.5,"Jul 18, 1950",Philadelphia,Pennsylvania ,US,NBA,1971-72
Jack George,8,1954,1961,506,15860,1901,5226,,,1351,1918,,2129,2169,,,,1242,5153,.364,,.704,31.3,10.2,4.2,4.3,,,"Nov 13, 1928",Swissvale,Pennsylvania ,US,NBA,1953-54
Gus Gerard,7,1975,1981,446,7953,1541,3517,6,22,677,973,714,1811,560,283,318,554,996,3765,.438,,.696,17.8,8.4,4.1,1.3,0.6,0.7,"Jul 27, 1953",Uniontown,Pennsylvania ,US,NBA,1974-75
Gorham Getchell,1,1947,1947,16,,0,8,,,5,5,,,0,,,,5,5,.000,,1.000,,0.3,,0.0,,,"Aug 14, 1920",Abington,Pennsylvania ,US,NBA,1946-47
Collin Gillespie,2,2024,2025,33,270,42,87,18,44,12,17,4,28,34,15,2,16,28,114,.483,.409,.706,8.2,3.5,0.8,1.0,0.5,0.1,"Jun 25, 1999",Huntingdon Valley,Pennsylvania ,US,NBA,2023-24
Armen Gilliam,13,1988,2000,929,26421,4838,9895,0,17,3024,3896,2117,6401,1088,676,607,1722,2009,12700,.489,.000,.776,28.4,13.7,6.9,1.2,0.7,0.7,"May 28, 1964",Pittsburgh,Pennsylvania ,US,NBA,1987-88
George Glamack,1,1949,1949,11,,30,121,,,42,55,,,19,,,,28,102,.248,,.764,,9.3,,1.7,,,"Jun 7, 1918",Johnstown,Pennsylvania ,US,NBA,1948-49
Tom Gola*,10,1956,1966,698,22529,2964,6883,,,1943,2556,,5617,2962,,,,2688,7871,.431,,.760,32.3,11.3,8.0,4.2,,,"Jan 13, 1933",Philadelphia,Pennsylvania ,US,NBA,1955-56
Player,Yrs,0,To,G,MP,FG,FGA,3P,3PA,FT,FTA,ORB,TRB,AST,STL,BLK,TOV,PF,PTS,FG%,3P%,FT%,MP,PTS,TRB,AST,STL,BLK,Date,City,Pennsylvania ,US,NBA,-1-
Steve Goodrich,2,2001,2002,21,183,9,28,1,3,5,9,8,26,11,3,3,11,24,24,.321,.333,.556,8.7,1.1,1.2,0.5,0.1,0.1,"Mar 18, 1976",Philadelphia,Pennsylvania ,US,NBA,2000-01
Paul Graham,3,1992,1994,179,3354,582,1299,100,295,235,318,137,433,352,186,32,216,389,1499,.448,.339,.739,18.7,8.4,2.4,2.0,1.0,0.2,"Nov 28, 1967",Philadelphia,Pennsylvania ,US,NBA,1991-92
Paul Grant,2,1999,2004,16,111,13,29,0,0,3,8,8,18,3,2,1,9,21,29,.448,,.375,6.9,1.8,1.1,0.2,0.1,0.1,"Jan 6, 1974",Pittsburgh,Pennsylvania ,US,NBA,1998-99
Lynn Greer,1,2007,2007,41,432,61,141,18,52,27,32,2,27,53,17,1,18,32,167,.433,.346,.844,10.5,4.1,0.7,1.3,0.4,0.0,"Oct 23, 1979",Philadelphia,Pennsylvania ,US,NBA,2006-07
Norm Grekin,1,1954,1954,1,1,0,0,,,0,0,,0,0,,,,1,0,,,,1.0,0.0,0.0,0.0,,,"Jun 22, 1930",Philadelphia,Pennsylvania ,US,NBA,1953-54
Eddie Griffin,5,2002,2007,303,6729,854,2263,237,752,226,337,497,1744,236,105,518,227,506,2171,.377,.315,.671,22.2,7.2,5.8,0.8,0.3,1.7,"May 30, 1982",Philadelphia,Pennsylvania ,US,NBA,2001-02
Dick Groat,1,1953,1953,26,663,100,272,,,109,138,,86,69,,,,90,309,.368,,.790,25.5,11.9,3.3,2.7,,,"Nov 4, 1930",Wilkinsburg,Pennsylvania ,US,NBA,1952-53
Gene Guarilia,4,1960,1963,129,1082,168,447,,,77,126,,294,36,,,,146,413,.376,,.611,8.4,3.2,2.3,0.3,,,"Sep 13, 1937",Duryea,Pennsylvania ,US,NBA,1959-60
Al Guokas,1,1950,1950,57,,93,299,,,28,50,,,95,,,,143,214,.311,,.560,,3.8,,1.7,,,"Aug 7, 1925",Philadelphia,Pennsylvania ,US,NBA,1949-50
Matt Guokas,1,1947,1947,47,,28,104,,,26,47,,,9,,,,70,82,.269,,.553,,1.7,,0.2,,,"Nov 11, 1915",Philadelphia,Pennsylvania ,US,NBA,1946-47
Matt Guokas,10,1967,1976,735,16603,1792,3665,,,701,964,77,1446,2174,117,41,,1485,4285,.489,,.727,22.6,5.8,2.0,3.0,0.5,0.2,"Feb 25, 1944",Philadelphia,Pennsylvania ,US,NBA,1966-67
Richard Hamilton,14,2000,2013,921,29559,5969,13288,530,1530,3240,3805,794,2852,3125,714,131,1977,2329,15708,.449,.346,.852,32.1,17.1,3.1,3.4,0.8,0.1,"Feb 14, 1978",Coatesville,Pennsylvania ,US,NBA,1999-00
Herm Hedderick,1,1955,1955,5,23,2,9,,,0,1,,4,2,,,,3,4,.222,,.000,4.6,0.8,0.8,0.4,,,"Jan 10, 1930",Erie,Pennsylvania ,US,NBA,1954-55
Wayne Hightower,10,1963,1972,565,15474,2320,6096,0,15,1928,2564,469,3966,959,,,572,1707,6568,.381,,.752,27.4,11.6,7.0,1.7,,,"Jan 14, 1940",Philadelphia,Pennsylvania ,US,NBA,1962-63
Simmie Hill,4,1970,1974,252,5839,1005,2325,36,123,403,528,482,1330,334,13,16,485,801,2449,.432,.293,.763,23.2,9.7,5.3,1.3,0.2,0.3,"Nov 14, 1946",Midland,Pennsylvania ,US,NBA,1969-70
Darrun Hilliard,3,2016,2018,91,859,104,276,31,102,56,75,7,85,71,22,3,51,74,295,.377,.304,.747,9.4,3.2,0.9,0.8,0.2,0.0,"Apr 13, 1993",Bethlehem,Pennsylvania ,US,NBA,2015-16
Essie Hollis,1,1979,1979,25,154,30,75,,,9,12,21,45,6,11,1,14,28,69,.400,,.750,6.2,2.8,1.8,0.2,0.4,0.0,"May 16, 1955",Erie,Pennsylvania ,US,NBA,1978-79
Rondae Hollis-Jefferson,6,2016,2021,305,6759,1004,2238,44,208,708,963,440,1684,579,278,162,392,620,2760,.449,.212,.735,22.2,9.0,5.5,1.9,0.9,0.5,"Jan 3, 1995",Chester,Pennsylvania ,US,NBA,2015-16
Joe Holup,3,1957,1959,192,3526,460,1345,,,427,547,,852,193,,,,515,1347,.342,,.781,18.4,7.0,4.4,1.0,,,"Feb 26, 1934",Swoyersville,Pennsylvania ,US,NBA,1956-57
Jalen Hood-Schifino,2,2024,2025,23,123,11,46,2,15,14,22,3,14,9,3,3,10,16,38,.239,.133,.636,5.3,1.7,0.6,0.4,0.1,0.1,"Jun 19, 2003",Pittsburgh,Pennsylvania ,US,NBA,2023-24
Player,Yrs,0,To,G,MP,FG,FGA,3P,3PA,FT,FTA,ORB,TRB,AST,STL,BLK,TOV,PF,PTS,FG%,3P%,FT%,MP,PTS,TRB,AST,STL,BLK,Date,City,Pennsylvania ,US,NBA,-1-
Greg Howard,2,1971,1972,92,852,118,304,,,76,109,,227,53,,,,117,312,.388,,.697,9.3,3.4,2.5,0.6,,,"Jan 8, 1948",Pittsburgh,Pennsylvania ,US,NBA,1970-71
Mo Howard,1,1977,1977,32,345,64,132,,,24,35,17,39,42,17,8,,51,152,.485,,.686,10.8,4.8,1.2,1.3,0.5,0.3,"Aug 25, 1954",Philadelphia,Pennsylvania ,US,NBA,1976-77
De'Andre Hunter,6,2020,2025,305,9265,1586,3529,540,1456,808,986,193,1241,466,207,90,430,843,4520,.449,.371,.819,30.4,14.8,4.1,1.5,0.7,0.3,"Dec 2, 1997",Philadelphia,Pennsylvania ,US,NBA,2019-20
Tom Ingelsby,3,1974,1976,75,756,95,224,1,5,51,66,33,97,75,33,5,17,63,242,.424,,.773,10.1,3.2,1.3,1.0,0.4,0.1,"Feb 12, 1951",Philadelphia,Pennsylvania ,US,NBA,1973-74
Mike Iuzzolino,2,1992,1993,122,3049,381,833,113,280,221,277,58,238,522,82,7,221,180,1096,.457,.404,.798,25.0,9.0,2.0,4.3,0.7,0.1,"Jan 22, 1968",Altoona,Pennsylvania ,US,NBA,1991-92
Marc Jackson,7,2001,2007,387,7572,1194,2680,7,31,843,1036,630,1655,311,147,102,467,775,3238,.446,.226,.814,19.6,8.4,4.3,0.8,0.4,0.3,"Jan 16, 1975",Philadelphia,Pennsylvania ,US,NBA,2000-01
Buddy Jeannette*,3,1948,1950,139,,265,777,,,467,598,,,287,,,,386,997,.341,,.781,,7.2,,2.1,,,"Sep 15, 1917",New Kensington,Pennsylvania ,US,NBA,1947-48
Amile Jefferson,2,2019,2020,30,142,15,30,0,0,12,22,16,44,7,4,6,4,15,42,.500,,.545,4.7,1.4,1.5,0.2,0.1,0.2,"May 7, 1993",Philadelphia,Pennsylvania ,US,NBA,2018-19
Alize Johnson,5,2019,2023,76,568,76,158,5,22,32,45,77,228,32,15,10,32,56,189,.481,.227,.711,7.5,2.5,3.0,0.4,0.2,0.1,"Apr 22, 1996",Williamsport,Pennsylvania ,US,NBA,2018-19
B.J. Johnson,3,2019,2022,21,197,29,75,10,26,11,12,11,38,3,5,1,8,11,79,.387,.385,.917,9.4,3.8,1.8,0.1,0.2,0.0,"Dec 21, 1995",Philadelphia,Pennsylvania ,US,NBA,2018-19
Cameron Johnson,6,2020,2025,324,8527,1418,3124,755,1914,519,613,246,1264,590,263,101,280,547,4110,.454,.394,.847,26.3,12.7,3.9,1.8,0.8,0.3,"Mar 3, 1996",Moon Township,Pennsylvania ,US,NBA,2019-20
Ollie Johnson,10,1973,1982,690,14554,2235,4505,3,20,868,1049,599,2280,1212,455,224,355,1503,5341,.496,,.827,21.1,7.7,3.3,1.8,0.7,0.4,"May 11, 1949",Philadelphia,Pennsylvania ,US,NBA,1972-73
Stew Johnson,9,1968,1976,647,19201,4586,10854,269,872,1097,1393,1211,4263,984,176,40,1090,1598,10538,.423,.308,.788,29.7,16.3,6.6,1.5,1.0,0.2,"Aug 19, 1944",Clairton,Pennsylvania ,US,NBA,1967-68
Askia Jones,1,1995,1995,11,139,15,44,2,12,13,16,6,11,16,6,0,9,19,45,.341,.167,.813,12.6,4.1,1.0,1.5,0.5,0.0,"Dec 3, 1971",Philadelphia,Pennsylvania ,US,NBA,1994-95
Derrick Jones Jr.,9,2017,2025,474,9556,1261,2503,296,918,542,763,572,1557,351,328,300,295,892,3360,.504,.322,.710,20.2,7.1,3.3,0.7,0.7,0.6,"Feb 15, 1997",Chester,Pennsylvania ,US,NBA,2016-17
Wali Jones,11,1965,1976,678,15759,2690,6578,6,25,1286,1604,15,1471,2099,48,3,76,1842,6672,.409,,.802,23.2,9.8,2.2,3.1,0.5,0.0,"Feb 14, 1942",Philadelphia,Pennsylvania ,US,NBA,1964-65
George Karl*,5,1974,1978,264,4449,674,1449,12,54,343,440,105,369,795,232,20,362,559,1703,.465,,.780,16.9,6.5,1.4,3.0,0.9,0.1,"May 12, 1951",Penn Hills,Pennsylvania ,US,NBA,1973-74
D.J. Kennedy,1,2012,2012,2,59,5,12,2,4,0,2,1,7,3,2,0,3,7,12,.417,.500,.000,29.5,6.0,3.5,1.5,1.0,0.0,"Nov 5, 1989",Pittsburgh,Pennsylvania ,US,NBA,2011-12
Pickles Kennedy,1,1961,1961,7,52,4,21,,,4,6,,8,9,,,,6,12,.190,,.667,7.4,1.7,1.1,1.3,,,"May 17, 1938",Philadelphia,Pennsylvania ,US,NBA,1960-61
Lari Ketner,2,2000,2001,25,139,13,32,0,0,8,12,12,34,2,4,3,12,20,34,.406,,.667,5.6,1.4,1.4,0.1,0.2,0.1,"Feb 1, 1977",Philadelphia,Pennsylvania ,US,NBA,1999-00
Player,Yrs,0,To,G,MP,FG,FGA,3P,3PA,FT,FTA,ORB,TRB,AST,STL,BLK,TOV,PF,PTS,FG%,3P%,FT%,MP,PTS,TRB,AST,STL,BLK,Date,City,Pennsylvania ,US,NBA,-1-
Michael Kidd-Gilchrist,8,2013,2020,446,10978,1462,3085,28,103,798,1116,703,2420,515,296,304,400,956,3750,.474,.272,.715,24.6,8.4,5.4,1.2,0.7,0.7,"Sep 26, 1993",Philadelphia,Pennsylvania ,US,NBA,2012-13
Bo Kimble,3,1991,1993,105,1336,217,562,25,86,115,158,58,162,98,41,14,98,205,574,.386,.291,.728,12.7,5.5,1.5,0.9,0.4,0.1,"Apr 9, 1966",Philadelphia,Pennsylvania ,US,NBA,1990-91
Red Klotz,1,1948,1948,11,,7,31,,,1,3,,,7,,,,3,15,.226,,.333,,1.4,,0.6,,,"Oct 21, 1920",Philadelphia,Pennsylvania ,US,NBA,1947-48
Billy Knight,11,1975,1985,821,23746,5418,10680,44,155,3021,3652,1736,4377,1862,834,143,1791,1604,13901,.507,,.827,28.9,16.9,5.3,2.3,1.0,0.2,"Jun 9, 1952",Braddock,Pennsylvania ,US,NBA,1974-75
Rob Kurz,1,2009,2009,40,442,51,131,15,38,40,50,33,81,20,14,19,16,78,157,.389,.395,.800,11.1,3.9,2.0,0.5,0.4,0.5,"Mar 5, 1985",Philadelphia,Pennsylvania ,US,NBA,2008-09
Jim Lampley,1,1987,1987,1,16,1,3,0,0,1,2,1,5,0,1,0,1,0,3,.333,,.500,16.0,3.0,5.0,0.0,1.0,0.0,"Jul 2, 1960",Harrisburg,Pennsylvania ,US,NBA,1986-87
Stu Lantz,8,1969,1976,547,15267,2469,5674,,,1844,2266,150,1820,1566,121,18,,1320,6782,.435,,.814,27.9,12.4,3.3,2.9,0.7,0.1,"Jul 13, 1946",Uniontown,Pennsylvania ,US,NBA,1968-69
Rich Laurel,1,1978,1978,10,57,10,31,,,4,4,6,10,3,3,1,4,10,24,.323,,1.000,5.7,2.4,1.0,0.3,0.3,0.1,"Jul 11, 1954",Philadelphia,Pennsylvania ,US,NBA,1977-78
Jason Lawson,1,1998,1998,17,80,9,15,0,0,8,10,8,27,5,4,4,2,14,26,.600,,.800,4.7,1.5,1.6,0.3,0.2,0.2,"Sep 2, 1974",Philadelphia,Pennsylvania ,US,NBA,1997-98
Hal Lear,1,1957,1957,3,14,2,6,,,0,0,,1,1,,,,3,4,.333,,,4.7,1.3,0.3,0.3,,,"Jan 31, 1935",Philadelphia,Pennsylvania ,US,NBA,1956-57
Jeff Lebo,1,1990,1990,4,32,2,7,0,0,2,2,2,4,3,2,0,1,7,6,.286,,1.000,8.0,1.5,1.0,0.8,0.5,0.0,"Oct 5, 1966",Carlisle,Pennsylvania ,US,NBA,1989-90
Ralph Lewis,3,1988,1990,99,672,89,215,1,4,50,89,56,118,29,25,7,45,67,229,.414,.250,.562,6.8,2.3,1.2,0.3,0.3,0.1,"Mar 28, 1963",Philadelphia,Pennsylvania ,US,NBA,1987-88
Dereck Lively II,2,2024,2025,87,2062,345,473,0,2,85,150,234,629,144,53,131,89,238,775,.729,.000,.567,23.7,8.9,7.2,1.7,0.6,1.5,"Feb 12, 2004",Philadelphia,Pennsylvania ,US,NBA,2023-24
Bobby Lloyd,2,1968,1969,125,2353,362,890,15,39,388,445,25,220,229,,,169,290,1127,.407,.385,.872,18.8,9.0,1.8,1.8,,,"Jan 3, 1946",Upper Darby,Pennsylvania ,US,NBA,1967-68
Lewis Lloyd,7,1982,1990,388,9406,2172,4144,10,47,776,1006,488,1192,1138,365,133,820,833,5130,.524,.213,.771,24.2,13.2,3.1,2.9,0.9,0.3,"Feb 22, 1959",Philadelphia,Pennsylvania ,US,NBA,1981-82
Kyle Lowry,19,2007,2025,1171,36644,5248,12394,2204,5992,3651,4478,892,4959,7096,1497,350,2627,3160,16351,.423,.368,.815,31.3,14.0,4.2,6.1,1.3,0.3,"Mar 25, 1986",Philadelphia,Pennsylvania ,US,NBA,2006-07
Maurice Lucas,14,1975,1988,1021,30112,5928,12580,9,63,2992,3911,2698,9306,2498,803,659,2316,3498,14857,.471,,.765,29.5,14.6,9.1,2.4,0.8,0.6,"Feb 18, 1952",Pittsburgh,Pennsylvania ,US,NBA,1974-75
Al Lujack,1,1947,1947,5,,1,8,,,2,5,,,0,,,,6,4,.125,,.400,,0.8,,0.0,,,"Oct 5, 1920",Connellsville,Pennsylvania ,US,NBA,1946-47
Pete Maravich*,10,1971,1980,658,24316,6187,14025,10,15,3564,4344,426,2747,3563,587,108,530,1865,15948,.441,,.820,37.0,24.2,4.2,5.4,1.4,0.3,"Jun 22, 1947",Aliquippa,Pennsylvania ,US,NBA,1970-71
Press Maravich,1,1947,1947,51,,102,375,,,30,58,,,6,,,,102,234,.272,,.517,,4.6,,0.1,,,"Aug 29, 1915",Pittsburgh,Pennsylvania ,US,NBA,1946-47
Player,Yrs,0,To,G,MP,FG,FGA,3P,3PA,FT,FTA,ORB,TRB,AST,STL,BLK,TOV,PF,PTS,FG%,3P%,FT%,MP,PTS,TRB,AST,STL,BLK,Date,City,Pennsylvania ,US,NBA,-1-
Jack Marin,11,1967,1977,849,24590,5068,10890,,,2405,2852,259,4405,1813,155,59,,2416,12541,.465,,.843,29.0,14.8,5.2,2.1,0.5,0.2,"Oct 12, 1944",Sharon,Pennsylvania ,US,NBA,1966-67
Donyell Marshall,15,1995,2009,957,25027,4096,9410,902,2578,1622,2219,1898,6376,1305,790,848,1292,2173,10716,.435,.350,.731,26.2,11.2,6.7,1.4,0.8,0.9,"May 18, 1973",Reading,Pennsylvania ,US,NBA,1994-95
Tyrese Martin,2,2023,2025,54,853,115,290,57,172,25,35,41,154,65,19,5,49,45,312,.397,.331,.714,15.8,5.8,2.9,1.2,0.4,0.1,"Mar 7, 1999",Allentown,Pennsylvania ,US,NBA,2022-23
Eddie Mast,3,1971,1973,112,881,114,296,,,55,91,,265,51,,,,114,283,.385,,.604,7.9,2.5,2.4,0.5,,,"Oct 3, 1948",Philadelphia,Pennsylvania ,US,NBA,1970-71
Tahjere McCall,1,2019,2019,1,8,2,3,0,1,0,1,0,1,0,0,0,0,2,4,.667,.000,.000,8.0,4.0,1.0,0.0,0.0,0.0,"Aug 17, 1994",Philadelphia,Pennsylvania ,US,NBA,2018-19
Andre McCarter,3,1977,1981,103,1182,170,394,2,8,50,69,32,95,172,37,0,24,100,392,.431,,.725,11.5,3.8,0.9,1.7,0.4,0.0,"Aug 25, 1953",Philadelphia,Pennsylvania ,US,NBA,1976-77
Jack McCloskey,1,1953,1953,1,16,3,9,,,0,0,,3,1,,,,2,6,.333,,,16.0,6.0,3.0,1.0,,,"Sep 19, 1925",Mahanoy City,Pennsylvania ,US,NBA,1952-53
T.J. McConnell,10,2016,2025,681,14501,2321,4492,167,483,398,510,370,1997,3436,827,128,1099,960,5207,.517,.346,.780,21.3,7.6,2.9,5.0,1.2,0.2,"Mar 25, 1992",Pittsburgh,Pennsylvania ,US,NBA,2015-16
Pat McFarland,3,1974,1976,148,1977,414,903,11,42,108,140,114,298,219,76,12,178,149,947,.458,.262,.771,13.4,6.4,2.0,1.5,0.5,0.1,"Dec 7, 1951",Philadelphia,Pennsylvania ,US,NBA,1973-74
Aaron McKie,13,1995,2007,793,19156,2265,5177,388,1109,953,1224,482,2587,2126,912,164,1059,1588,5871,.438,.350,.779,24.2,7.4,3.3,2.7,1.2,0.2,"Oct 2, 1972",Philadelphia,Pennsylvania ,US,NBA,1994-95
Bob McNeill,2,1961,1962,125,1828,222,563,,,131,160,,179,327,,,,204,575,.394,,.819,14.6,4.6,1.4,2.6,,,"Oct 22, 1938",Philadelphia,Pennsylvania ,US,NBA,1960-61
Carl Meinhold,2,1948,1949,98,,209,662,,,98,156,,,63,,,,124,516,.316,,.628,,5.3,,0.6,,,"Mar 29, 1926",West Hazleton,Pennsylvania ,US,NBA,1947-48
Bill Melchionni,9,1967,1976,646,16787,2753,6002,37,157,1327,1640,223,1284,3247,172,20,1271,1398,6870,.459,,.809,26.0,10.6,2.0,5.0,0.9,0.1,"Oct 19, 1944",Philadelphia,Pennsylvania ,US,NBA,1966-67
Ed Melvin,1,1947,1947,57,,99,376,,,83,127,,,37,,,,150,281,.263,,.654,,4.9,,0.6,,,"Feb 13, 1916",Pittsburgh,Pennsylvania ,US,NBA,1946-47
Red Mihalik,1,1947,1947,7,,3,9,,,0,0,,,0,,,,10,6,.333,,,,0.9,,0.0,,,"Sep 22, 1916",Ford City,Pennsylvania ,US,NBA,1946-47
Larry Miller,7,1969,1975,486,14941,2450,5670,82,331,1613,2228,935,2434,1155,57,6,940,1091,6595,.432,.248,.724,30.7,13.6,5.0,2.4,0.7,0.1,"Apr 4, 1946",Allentown,Pennsylvania ,US,NBA,1968-69
Walt Miller,1,1947,1947,12,,7,21,,,9,18,,,6,,,,16,23,.333,,.500,,1.9,,0.5,,,"Jul 20, 1915",Homestead,Pennsylvania ,US,NBA,1946-47
Bill Mlkvy,1,1953,1953,31,608,75,246,,,31,48,,101,62,,,,54,181,.305,,.646,19.6,5.8,3.3,2.0,,,"Jan 19, 1931",Palmerton,Pennsylvania ,US,NBA,1952-53
Cuttino Mobley,11,1999,2009,747,27618,4319,9979,1085,2867,2241,2684,543,2902,2015,878,313,1520,1710,11964,.433,.378,.835,37.0,16.0,3.9,2.7,1.2,0.4,"Sep 1, 1975",Philadelphia,Pennsylvania ,US,NBA,1998-99
Earl Monroe*,13,1968,1980,926,29636,6906,14898,0,0,3642,4513,260,2796,3594,473,121,305,2416,17454,.464,,.807,32.0,18.8,3.0,3.9,1.0,0.3,"Nov 21, 1944",Philadelphia,Pennsylvania ,US,NBA,1967-68
Player,Yrs,0,To,G,MP,FG,FGA,3P,3PA,FT,FTA,ORB,TRB,AST,STL,BLK,TOV,PF,PTS,FG%,3P%,FT%,MP,PTS,TRB,AST,STL,BLK,Date,City,Pennsylvania ,US,NBA,-1-
Jim Mooney,1,1953,1953,18,529,54,148,,,27,40,,70,35,,,,50,135,.365,,.675,29.4,7.5,3.9,1.9,,,"Jul 8, 1930",Philadelphia,Pennsylvania ,US,NBA,1952-53
Jackie Moore,3,1955,1957,133,1173,136,348,,,91,144,,337,67,,,,215,363,.391,,.632,8.8,2.7,2.5,0.5,,,"Sep 24, 1932",Philadelphia,Pennsylvania ,US,NBA,1954-55
Johnny Moore,9,1981,1990,520,13430,1998,4343,94,374,800,1123,391,1548,3866,1017,116,1163,1325,4890,.460,.251,.712,25.8,9.4,3.0,7.4,2.0,0.2,"Mar 3, 1958",Altoona,Pennsylvania ,US,NBA,1980-81
Richie Moore,1,1968,1968,18,211,24,71,0,2,21,28,,19,8,,,24,16,69,.338,.000,.750,11.7,3.8,1.1,0.4,,,,Philadelphia,Pennsylvania ,US,NBA,1967-68
Marcus Morris,13,2012,2024,832,22093,3648,8393,1300,3447,1369,1768,701,3690,1235,545,238,942,1758,9965,.435,.377,.774,26.6,12.0,4.4,1.5,0.7,0.3,"Sep 2, 1989",Philadelphia,Pennsylvania ,US,NBA,2011-12
Markieff Morris,14,2012,2025,786,18356,3096,6977,655,1915,1196,1536,887,3833,1207,593,378,1119,2030,8043,.444,.342,.779,23.4,10.2,4.9,1.5,0.8,0.5,"Sep 2, 1989",Philadelphia,Pennsylvania ,US,NBA,2011-12
Chuck Mrazovich,1,1951,1951,25,,28,80,,,29,48,,40,13,,,,52,85,.350,,.604,,3.4,1.6,0.5,,,"Feb 26, 1924",Ambridge,Pennsylvania ,US,NBA,1950-51
John Murphy,1,1947,1947,20,,11,40,,,10,15,,,0,,,,8,32,.275,,.667,,1.6,,0.0,,,"Sep 13, 1924",Philadelphia,Pennsylvania ,US,NBA,1946-47
Ronald Murray,8,2003,2010,487,11077,1806,4360,328,1079,877,1210,192,1006,1096,404,100,742,795,4817,.414,.304,.725,22.7,9.9,2.1,2.3,0.8,0.2,"Jul 29, 1979",Philadelphia,Pennsylvania ,US,NBA,2002-03
Angelo Musi,3,1947,1949,161,,558,1921,,,243,315,,,117,,,,284,1359,.290,,.771,,8.4,,0.7,,,"Jul 25, 1918",Philadelphia,Pennsylvania ,US,NBA,1946-47
Jameer Nelson,14,2005,2018,878,24539,3790,8692,1153,3134,1207,1491,426,2595,4508,772,68,1831,2195,9940,.436,.368,.810,27.9,11.3,3.0,5.1,0.9,0.1,"Feb 9, 1982",Chester,Pennsylvania ,US,NBA,2004-05
Stan Noszka,3,1947,1949,110,,256,913,,,148,222,,,68,,,,271,660,.280,,.667,,6.0,,0.6,,,"Sep 9, 1920",Pittsburgh,Pennsylvania ,US,NBA,1946-47
Andy O'Donnell,1,1950,1950,25,,38,108,,,14,18,,,17,,,,32,90,.352,,.778,,3.6,,0.7,,,"Mar 10, 1925",Freeland,Pennsylvania ,US,NBA,1949-50
Fran O'Hanlon,1,1971,1971,14,101,8,22,0,1,6,9,2,4,13,,,22,18,22,.364,.000,.667,7.2,1.6,0.3,0.9,,,"Aug 24, 1948",Philadelphia,Pennsylvania ,US,NBA,1970-71
John Olive,2,1979,1980,35,204,13,42,0,0,18,23,3,20,3,4,0,15,34,44,.310,,.783,5.8,1.3,0.6,0.1,0.1,0.0,"Mar 1, 1955",Philadelphia,Pennsylvania ,US,NBA,1978-79
Doug Overton,11,1993,2004,499,7275,880,2134,108,339,385,472,140,654,1038,202,19,473,582,2253,.412,.319,.816,14.6,4.5,1.3,2.1,0.4,0.0,"Aug 3, 1969",Philadelphia,Pennsylvania ,US,NBA,1992-93
Billy Owens,10,1992,2001,600,17619,2873,5969,82,282,1198,1904,1449,4016,1704,569,321,1310,1761,7026,.481,.291,.629,29.4,11.7,6.7,2.8,0.9,0.5,"May 1, 1969",Carlisle,Pennsylvania ,US,NBA,1991-92
Fred Paine,1,1949,1949,3,,3,19,,,1,5,,,1,,,,3,7,.158,,.200,,2.3,,0.3,,,"Dec 7, 1925",Stockdale,Pennsylvania ,US,NBA,1948-49
Andy Panko,1,2001,2001,1,1,0,0,0,0,0,0,0,0,0,0,0,0,0,0,,,,1.0,0.0,0.0,0.0,0.0,0.0,"Nov 27, 1977",Harrisburg,Pennsylvania ,US,NBA,2000-01
Barry Parkhill,3,1974,1976,173,3116,418,1048,4,35,130,169,42,224,386,87,30,279,425,970,.399,.114,.769,18.0,5.6,1.3,2.2,0.5,0.2,"May 10, 1951",Philadelphia,Pennsylvania ,US,NBA,1973-74
Player,Yrs,0,To,G,MP,FG,FGA,3P,3PA,FT,FTA,ORB,TRB,AST,STL,BLK,TOV,PF,PTS,FG%,3P%,FT%,MP,PTS,TRB,AST,STL,BLK,Date,City,Pennsylvania ,US,NBA,-1-
Lamar Patterson,2,2016,2017,40,435,31,95,13,55,18,25,5,57,45,10,2,27,51,93,.326,.236,.720,10.9,2.3,1.4,1.1,0.3,0.1,"Aug 12, 1991",Lancaster,Pennsylvania ,US,NBA,2015-16
Geoff Petrie,6,1971,1976,446,16787,3970,8719,,,1792,2225,140,1271,2057,247,33,,1075,9732,.455,,.805,37.6,21.8,2.8,4.6,1.1,0.1,"Apr 17, 1948",Darby,Pennsylvania ,US,NBA,1970-71
Jim Phelan,1,1954,1954,4,33,0,6,,,3,6,,5,2,,,,9,3,.000,,.500,8.3,0.8,1.3,0.5,,,"Mar 19, 1929",Philadelphia,Pennsylvania ,US,NBA,1953-54
Dave Piontek,7,1957,1963,413,7623,1194,3054,,,567,869,,1770,478,,,,835,2955,.391,,.652,18.5,7.2,4.3,1.2,,,"Aug 27, 1934",Bethel Park,Pennsylvania ,US,NBA,1956-57
Tom Piotrowski,1,1984,1984,18,78,12,26,0,0,6,6,6,16,5,1,3,6,22,30,.462,,1.000,4.3,1.7,0.9,0.3,0.1,0.2,"Oct 17, 1960",West Chester,Pennsylvania ,US,NBA,1983-84
Daeqwon Plowden,1,2025,2025,2,33,8,10,6,8,2,2,3,5,0,0,0,1,5,24,.800,.750,1.000,16.5,12.0,2.5,0.0,0.0,0.0,"Aug 29, 1998",Philadelphia,Pennsylvania ,US,NBA,2024-25
Dave Popson,3,1989,1992,41,196,32,79,0,1,12,16,21,46,13,4,6,20,34,76,.405,.000,.750,4.8,1.9,1.1,0.3,0.1,0.1,"May 17, 1964",Kingston,Pennsylvania ,US,NBA,1988-89
Steve Previs,1,1973,1973,30,147,23,60,1,8,8,15,6,14,24,,,13,26,55,.383,.125,.533,4.9,1.8,0.5,0.8,,,"Feb 9, 1950",Bethel Park,Pennsylvania ,US,NBA,1972-73
Sherwin Raiken,1,1953,1953,6,63,3,21,,,3,8,,8,6,,,,10,9,.143,,.375,10.5,1.5,1.3,1.0,,,"Oct 29, 1928",Philadelphia,Pennsylvania ,US,NBA,1952-53
Cam Reddish,6,2020,2025,252,5847,741,1857,277,859,390,475,142,674,297,259,90,277,439,2149,.399,.322,.821,23.2,8.5,2.7,1.2,1.0,0.4,"Sep 1, 1999",Norristown,Pennsylvania ,US,NBA,2019-20
Jeremy Richardson,3,2007,2009,45,245,33,99,15,39,5,8,3,25,5,4,0,10,21,86,.333,.385,.625,5.4,1.9,0.6,0.1,0.1,0.0,"Mar 1, 1984",Allentown,Pennsylvania ,US,NBA,2006-07
Pooh Richardson,10,1990,1999,639,19399,3046,6867,358,1087,633,971,435,1807,4180,817,111,1165,1129,7083,.444,.329,.652,30.4,11.1,2.8,6.5,1.3,0.2,"May 14, 1966",Philadelphia,Pennsylvania ,US,NBA,1989-90
John Richter,1,1960,1960,66,808,113,332,,,59,117,,312,27,,,,158,285,.340,,.504,12.2,4.3,4.7,0.4,,,"Mar 12, 1937",Philadelphia,Pennsylvania ,US,NBA,1959-60
Dick Ricketts,3,1956,1958,212,5677,749,2285,,,476,688,,1337,447,,,,871,1974,.328,,.692,26.8,9.3,6.3,2.1,,,"Dec 4, 1933",Pottstown,Pennsylvania ,US,NBA,1955-56
Wil Robinson,1,1974,1974,45,956,166,402,0,6,57,67,28,79,132,51,9,92,124,389,.413,.000,.851,21.2,8.6,1.8,2.9,1.1,0.2,"Dec 25, 1949",Uniontown,Pennsylvania ,US,NBA,1973-74
Guy Rodgers*,12,1959,1970,892,28663,4125,10908,,,2165,3003,,3791,6917,,,,2630,10415,.378,,.721,32.1,11.7,4.3,7.8,,,"Sep 1, 1935",Philadelphia,Pennsylvania ,US,NBA,1958-59
Malik Rose,13,1997,2009,813,13404,1792,4104,14,79,1405,1892,1166,3371,684,487,293,1059,1896,5003,.437,.177,.743,16.5,6.2,4.1,0.8,0.6,0.4,"Nov 23, 1974",Philadelphia,Pennsylvania ,US,NBA,1996-97
Petey Rosenberg,1,1947,1947,51,,60,287,,,30,49,,,27,,,,64,150,.209,,.612,,2.9,,0.5,,,"Apr 7, 1918",Philadelphia,Pennsylvania ,US,NBA,1946-47
Ron Rowan,1,1987,1987,7,16,4,9,1,1,3,4,1,1,1,4,0,3,1,12,.444,1.000,.750,2.3,1.7,0.1,0.1,0.6,0.0,"Apr 23, 1962",New Brighton,Pennsylvania ,US,NBA,1986-87
Jerry Rullo,4,1947,1950,95,,108,370,,,55,93,,,70,,,,135,271,.292,,.591,,2.9,,0.7,,,"Jun 23, 1923",Philadelphia,Pennsylvania ,US,NBA,1946-47
Player,Yrs,0,To,G,MP,FG,FGA,3P,3PA,FT,FTA,ORB,TRB,AST,STL,BLK,TOV,PF,PTS,FG%,3P%,FT%,MP,PTS,TRB,AST,STL,BLK,Date,City,Pennsylvania ,US,NBA,-1-
Ed Sadowski,4,1947,1950,229,,1276,3605,,,1027,1473,,,416,,,,893,3579,.354,,.697,,15.6,,1.8,,,"Jul 11, 1915",Johnstown,Pennsylvania ,US,NBA,1946-47
John Salmons,13,2003,2015,895,23672,3007,6979,726,1986,1552,1942,435,2603,2183,756,239,1185,1667,8292,.431,.366,.799,26.4,9.3,2.9,2.4,0.8,0.3,"Dec 12, 1979",Philadelphia,Pennsylvania ,US,NBA,2002-03
Bob Schafer,2,1956,1957,65,745,100,336,,,73,94,,82,68,,,,91,273,.298,,.777,11.5,4.2,1.3,1.0,,,"Mar 29, 1933",Philadelphia,Pennsylvania ,US,NBA,1955-56
Ray Scott,11,1962,1972,811,23709,4489,10967,3,5,2648,3643,234,7979,1781,,,192,2305,11629,.409,,.727,29.2,14.3,9.8,2.2,,,"Jul 12, 1938",Philadelphia,Pennsylvania ,US,NBA,1961-62
George Senesky,8,1947,1954,482,5032,1279,4087,,,897,1277,,878,1553,,,,982,3455,.313,,.702,27.3,7.2,3.5,3.2,,,"Apr 4, 1922",Mahanoy City,Pennsylvania ,US,NBA,1946-47
Mustafa Shakur,2,2011,2014,25,170,21,62,1,11,9,17,7,22,29,5,3,20,17,52,.339,.091,.529,6.8,2.1,0.9,1.2,0.2,0.1,"Aug 18, 1984",Philadelphia,Pennsylvania ,US,NBA,2010-11
Lionel Simmons,7,1991,1997,454,13472,2242,5179,43,141,1306,1694,798,2833,1498,514,361,982,1106,5833,.433,.305,.771,29.7,12.8,6.2,3.3,1.1,0.8,"Nov 14, 1968",Philadelphia,Pennsylvania ,US,NBA,1990-91
Sean Singletary,1,2009,2009,37,303,31,85,10,25,18,21,10,35,29,11,0,23,45,90,.365,.400,.857,8.2,2.4,0.9,0.8,0.3,0.0,"Sep 6, 1985",Philadelphia,Pennsylvania ,US,NBA,2008-09
Steven Smith,1,2007,2007,8,28,2,8,0,0,1,2,1,6,0,1,0,2,4,5,.250,,.500,3.5,0.6,0.8,0.0,0.1,0.0,"Apr 12, 1983",Philadelphia,Pennsylvania ,US,NBA,2006-07
Mike Sojourner,3,1975,1977,191,4282,721,1502,,,216,322,371,1237,172,88,106,,457,1658,.480,,.671,22.4,8.7,6.5,0.9,0.5,0.6,"Oct 16, 1953",Philadelphia,Pennsylvania ,US,NBA,1974-75
Willie Sojourner,4,1972,1975,309,4714,778,1601,1,6,311,455,510,1488,227,40,152,314,804,1868,.486,.167,.684,15.3,6.0,4.8,0.7,0.2,0.9,"Sep 10, 1948",Philadelphia,Pennsylvania ,US,NBA,1971-72
Willie Somerset,3,1966,1969,143,5550,1104,2595,69,246,852,1054,141,652,514,,,379,493,3129,.425,,.808,38.8,21.9,4.6,3.6,,,"Mar 17, 1942",Sharon,Pennsylvania ,US,NBA,1965-66
Erv Staggs,1,1970,1970,53,1058,189,474,2,7,73,114,35,122,76,,,113,155,453,.399,.286,.640,20.0,8.5,2.3,1.4,,,"Sep 1, 1948",Philadelphia,Pennsylvania ,US,NBA,1969-70
Keith Starr,1,1977,1977,17,65,6,24,,,2,2,6,10,6,1,0,,11,14,.250,,1.000,3.8,0.8,0.6,0.4,0.1,0.0,"Mar 14, 1954",Sewickley,Pennsylvania ,US,NBA,1976-77
Lamar Stevens,4,2021,2024,203,3193,455,983,66,231,172,237,155,594,130,98,72,115,283,1148,.463,.286,.726,15.7,5.7,2.9,0.6,0.5,0.4,"Jul 9, 1997",Philadelphia,Pennsylvania ,US,NBA,2020-21
Larry Stewart,5,1992,1997,270,5415,765,1503,9,44,466,619,444,1077,338,147,106,346,580,2005,.509,.205,.753,20.1,7.4,4.0,1.3,0.5,0.4,"Sep 21, 1968",Philadelphia,Pennsylvania ,US,NBA,1991-92
Maurice Stokes*,3,1956,1958,202,7544,1251,3567,,,813,1165,,3492,1062,,,,789,3315,.351,,.698,37.3,16.4,17.3,5.3,,,"Jun 17, 1933",Pittsburgh,Pennsylvania ,US,NBA,1955-56
Bob Sura,10,1996,2005,657,15597,1918,4628,423,1303,1395,2024,586,2240,2474,641,142,1231,1477,5654,.414,.325,.689,23.7,8.6,3.4,3.8,1.0,0.2,"Mar 25, 1973",Wilkes-Barre,Pennsylvania ,US,NBA,1995-96
George Sutor,3,1968,1970,79,1038,151,443,0,1,78,131,198,404,30,,,71,203,380,.341,.000,.595,13.1,4.8,5.1,0.4,,,"Sep 14, 1943",Philadelphia,Pennsylvania ,US,NBA,1967-68
Walt Szczerbiak,1,1972,1972,53,598,149,237,0,2,35,53,82,150,41,,,50,100,333,.629,.000,.660,11.3,6.3,2.8,0.8,,,"Aug 21, 1949",Pittsburgh,Pennsylvania ,US,NBA,1971-72
Player,Yrs,0,To,G,MP,FG,FGA,3P,3PA,FT,FTA,ORB,TRB,AST,STL,BLK,TOV,PF,PTS,FG%,3P%,FT%,MP,PTS,TRB,AST,STL,BLK,Date,City,Pennsylvania ,US,NBA,-1-
Dave Twardzik,8,1973,1980,536,13241,1654,3136,13,53,1656,2018,421,1286,1823,650,46,1015,1468,4977,.527,,.821,24.7,9.3,2.4,3.4,1.4,0.1,"Sep 20, 1950",Hershey,Pennsylvania ,US,NBA,1972-73
Jack Twyman*,11,1956,1966,823,26147,6237,13873,,,3366,4325,,5424,1861,,,,2782,15840,.450,,.778,31.8,19.2,6.6,2.3,,,"May 11, 1934",Pittsburgh,Pennsylvania ,US,NBA,1955-56
Hal Uplinger,1,1954,1954,23,268,33,94,,,20,22,,31,26,,,,42,86,.351,,.909,11.7,3.7,1.3,1.1,,,"Sep 30, 1929",New Kensington,Pennsylvania ,US,NBA,1953-54
Steve Vacendak,3,1968,1970,83,1835,316,810,2,10,190,252,95,238,194,,,158,194,824,.390,.200,.754,22.1,9.9,2.9,2.3,,,"Aug 15, 1944",Scranton,Pennsylvania ,US,NBA,1967-68
Whitey Von Nieda,1,1950,1950,59,,120,336,,,73,115,,,143,,,,127,313,.357,,.635,,5.3,,2.4,,,"Jun 19, 1922",Ephrata,Pennsylvania ,US,NBA,1949-50
Dion Waiters,8,2013,2020,419,11835,2106,5110,575,1660,718,1034,166,1108,1163,391,113,761,813,5505,.412,.346,.694,28.2,13.1,2.6,2.8,0.9,0.3,"Dec 10, 1991",Philadelphia,Pennsylvania ,US,NBA,2012-13
Horace Walker,1,1962,1962,65,1331,149,439,,,140,193,,466,69,,,,194,438,.339,,.725,20.5,6.7,7.2,1.1,,,"Apr 17, 1937",Chester,Pennsylvania ,US,NBA,1961-62
Jarace Walker,2,2024,2025,85,1173,155,350,67,177,46,68,30,225,114,60,31,74,113,423,.443,.379,.676,13.8,5.0,2.6,1.3,0.7,0.4,"Sep 4, 2003",New Freedom,Pennsylvania ,US,NBA,2023-24
Lonnie Walker IV,7,2019,2025,323,6558,1179,2798,452,1272,361,454,82,730,468,174,88,281,426,3171,.421,.355,.795,20.3,9.8,2.3,1.4,0.5,0.3,"Dec 14, 1998",Reading,Pennsylvania ,US,NBA,2018-19
Phil Walker,1,1978,1978,40,384,57,161,,,64,96,21,52,54,14,5,62,39,178,.354,,.667,9.6,4.5,1.3,1.4,0.4,0.1,"Mar 20, 1956",Philadelphia,Pennsylvania ,US,NBA,1977-78
Wally Walker,8,1977,1984,565,10168,1720,3685,3,15,525,817,638,1759,844,216,111,598,1109,3968,.467,,.643,18.0,7.0,3.1,1.5,0.4,0.2,"Jul 18, 1954",Millersville,Pennsylvania ,US,NBA,1976-77
Rasheed Wallace,16,1996,2013,1109,36243,6320,13529,1086,3228,2280,3162,1578,7404,1994,1090,1460,1693,3259,16006,.467,.336,.721,32.7,14.4,6.7,1.8,1.0,1.3,"Sep 17, 1974",Philadelphia,Pennsylvania ,US,NBA,1995-96
Red Wallace,1,1947,1947,61,,225,809,,,106,196,,,58,,,,167,556,.278,,.541,,9.1,,1.0,,,"Jul 12, 1918",Simpson,Pennsylvania ,US,NBA,1946-47
Matt Walsh,1,2006,2006,2,3,1,1,0,0,0,2,0,0,0,0,0,1,0,2,1.000,,.000,1.5,1.0,0.0,0.0,0.0,0.0,"Dec 2, 1982",Holland,Pennsylvania ,US,NBA,2005-06
Brad Wanamaker,4,2019,2022,191,3085,355,843,73,243,263,290,49,329,464,123,33,189,306,1046,.421,.300,.907,16.2,5.5,1.7,2.4,0.6,0.2,"Jul 25, 1989",Philadelphia,Pennsylvania ,US,NBA,2018-19
Hakim Warrick,8,2006,2013,526,10624,1776,3627,21,110,1374,1892,692,2117,400,218,154,624,969,4947,.490,.191,.726,20.2,9.4,4.0,0.8,0.4,0.3,"Jul 8, 1982",Philadelphia,Pennsylvania ,US,NBA,2005-06
Jim Washington,11,1966,1976,774,22668,3253,7238,,,1662,2358,318,6637,1105,83,100,,2280,8168,.449,,.705,29.3,10.6,8.6,1.4,0.5,0.6,"Jul 1, 1943",Philadelphia,Pennsylvania ,US,NBA,1965-66
Trooper Washington,6,1968,1973,426,13235,1885,3546,6,18,723,1176,1631,4271,1027,,,1056,1430,4499,.532,.333,.615,31.1,10.6,10.0,2.4,,,"Apr 21, 1944",Philadelphia,Pennsylvania ,US,NBA,1967-68
Maalik Wayns,2,2013,2014,29,211,27,90,7,31,17,19,1,9,29,8,0,15,30,78,.300,.226,.895,7.3,2.7,0.3,1.0,0.3,0.0,"May 2, 1991",Philadelphia,Pennsylvania ,US,NBA,2012-13
Brant Weidner,1,1984,1984,8,38,2,9,0,0,4,4,4,11,0,0,2,2,5,8,.222,,1.000,4.8,1.0,1.4,0.0,0.0,0.3,"Oct 28, 1960",Orefield,Pennsylvania ,US,NBA,1983-84
Player,Yrs,0,To,G,MP,FG,FGA,3P,3PA,FT,FTA,ORB,TRB,AST,STL,BLK,TOV,PF,PTS,FG%,3P%,FT%,MP,PTS,TRB,AST,STL,BLK,Date,City,Pennsylvania ,US,NBA,-1-
Bob Weiss,12,1966,1977,783,17277,2288,5346,,,1413,1706,81,1398,2931,287,52,,1576,5989,.428,,.828,22.1,7.6,1.8,3.7,1.0,0.2,"May 7, 1942",Easton,Pennsylvania ,US,NBA,1965-66
Doug West,12,1990,2001,676,16649,2631,5473,37,194,1178,1470,532,1670,1292,459,189,823,1862,6477,.481,.191,.801,24.6,9.6,2.5,1.9,0.7,0.3,"May 27, 1967",Altoona,Pennsylvania ,US,NBA,1989-90
Rodney White,4,2002,2005,218,3354,617,1455,91,290,215,287,113,485,237,118,65,285,309,1540,.424,.314,.749,15.4,7.1,2.2,1.1,0.5,0.3,"Jun 28, 1980",Philadelphia,Pennsylvania ,US,NBA,2001-02
Alvin Williams,9,1998,2007,460,12610,1664,3950,208,664,625,822,252,1140,1877,549,109,623,897,4161,.421,.313,.760,27.4,9.0,2.5,4.1,1.2,0.2,"Aug 6, 1974",Philadelphia,Pennsylvania ,US,NBA,1997-98
Earl Williams,4,1975,1979,146,1882,290,671,,,84,177,301,814,126,62,62,20,270,664,.432,,.475,12.9,4.5,5.6,0.9,0.4,0.4,"Mar 24, 1951",Levittown,Pennsylvania ,US,NBA,1974-75
Hank Williams,1,1975,1975,39,454,71,163,3,22,18,23,31,89,25,14,4,32,73,163,.436,.136,.783,11.6,4.2,2.3,0.6,0.4,0.1,"Apr 28, 1952",Norristown,Pennsylvania ,US,NBA,1974-75
Isaiah Wilson,2,1972,1973,78,708,131,336,3,8,92,120,18,86,113,,,41,78,357,.390,,.767,9.1,4.6,1.1,1.4,,,"May 31, 1948",Philadelphia,Pennsylvania ,US,NBA,1971-72
Luke Witte,3,1974,1976,118,1098,149,371,,,74,108,127,357,60,13,45,,147,372,.402,,.685,9.3,3.2,3.0,0.5,0.1,0.4,"Oct 19, 1950",Philadelphia,Pennsylvania ,US,NBA,1973-74
Randy Woods,4,1993,1996,151,1093,115,338,57,187,69,101,32,93,257,85,4,110,166,356,.340,.305,.683,7.2,2.4,0.6,1.7,0.6,0.0,"Sep 23, 1970",Philadelphia,Pennsylvania ,US,NBA,1992-93
Dennis Wuycik,3,1973,1975,157,1684,273,593,1,7,137,204,137,323,128,22,5,181,293,684,.460,.143,.672,10.7,4.4,2.1,0.8,0.3,0.1,"Mar 29, 1950",Ambridge,Pennsylvania ,US,NBA,1972-73
Harry Zeller,1,1947,1947,48,,120,382,,,122,177,,,31,,,,177,362,.314,,.689,,7.5,,0.6,,,"Jul 10, 1919",New Kensington,Pennsylvania ,US,NBA,1946-47
Matt Zunic,1,1949,1949,56,,98,323,,,77,109,,,50,,,,182,273,.303,,.706,,4.9,,0.9,,,"Dec 19, 1919",Renton,Pennsylvania ,US,NBA,1948-49
Marvin Barnes,6,1975,1980,315,9281.0,2096,4360,3.0,14.0,839,1215,977.0,2873.0,651,365.0,438.0,759.0,1177,5034,0.481,,0.691,29.5,16.0,9.1,2.1,1.2,1.4,"Jul 27, 1952",Providence,Rhode Island ,US,NBA,1974-75
Ernie Calverley,3,1947,1949,165,,767,2633,,,427,604,,,572,,,,542,1961,0.291,,0.707,,11.9,,3.5,,,"Jan 30, 1924",Pawtucket,Rhode Island ,US,NBA,1946-47
Ernie DiGregorio,5,1974,1978,312,7859.0,1268,3052,,,461,511,128.0,610.0,1594,190.0,14.0,93.0,656,2997,0.415,,0.902,25.2,9.6,2.0,5.1,0.6,0.0,"Jan 15, 1951",North Providence,Rhode Island ,US,NBA,1973-74
David Duke Jr.,4,2022,2025,52,635.0,87,211,13.0,56.0,33,43,43.0,108.0,45,26.0,8.0,31.0,72,220,0.412,0.232,0.767,12.2,4.2,2.1,0.9,0.5,0.2,"Oct 13, 1999",Providence,Rhode Island ,US,NBA,2021-22
Tom Garrick,4,1989,1992,251,4718.0,543,1159,5.0,60.0,268,346,123.0,501.0,853,266.0,22.0,343.0,447,1359,0.469,0.083,0.775,18.8,5.4,2.0,3.4,1.1,0.1,"Jul 7, 1966",West Warwick,Rhode Island ,US,NBA,1988-89
Joe Hassett,6,1978,1983,292,3642.0,712,1691,194.0,577.0,105,122,102.0,307.0,386,126.0,17.0,178.0,361,1723,0.421,,0.861,12.5,5.9,1.1,1.3,0.4,0.1,"Sep 11, 1955",Providence,Rhode Island ,US,NBA,1977-78
Tyler Kolek,1,2025,2025,29,148.0,18,47,11.0,28.0,6,6,2.0,15.0,22,7.0,1.0,9.0,12,53,0.383,0.393,1.0,5.1,1.8,0.5,0.8,0.2,0.0,"Mar 27, 2001",Providence,Rhode Island ,US,NBA,2024-25
Ricky Ledo,2,2014,2015,28,277.0,38,113,13.0,35.0,20,26,16.0,38.0,21,7.0,1.0,28.0,23,109,0.336,0.371,0.769,9.9,3.9,1.4,0.8,0.3,0.0,"Sep 10, 1992",Providence,Rhode Island ,US,NBA,2013-14
Dino Martin,2,1947,1948,92,,357,1215,,,120,188,,,73,,,,115,834,0.294,,0.638,,9.1,,0.8,,,"May 25, 1920",Newport,Rhode Island ,US,NBA,1946-47
George Mearns,2,1947,1948,81,,151,593,,,141,206,,,45,,,,202,443,0.255,,0.684,,5.5,,0.6,,,"Apr 18, 1922",Westerly,Rhode Island ,US,NBA,1946-47
Earl Shannon,3,1947,1949,134,,402,1318,,,352,589,,,177,,,,308,1156,0.305,,0.598,,8.6,,1.3,,,"Nov 23, 1921",Providence,Rhode Island ,US,NBA,1946-47
Cole Swider,3,2023,2025,27,141.0,18,52,13.0,43.0,2,2,2.0,16.0,10,1.0,1.0,8.0,8,51,0.346,0.302,1.0,5.2,1.9,0.6,0.4,0.0,0.0,"May 8, 1999",Portsmouth,Rhode Island ,US,NBA,2022-23
Owen Wells,1,1975,1975,33,214.0,42,100,,,15,22,12.0,35.0,22,9.0,3.0,,38,99,0.42,,0.682,6.5,3.0,1.1,0.7,0.3,0.1,"Dec 9, 1950",Providence,Rhode Island ,US,NBA,1974-75
Willie Anderson,9,1989,1997,555,15974,2804,5952,99,372,1064,1353,550,2082,2105,594,342,1163,1500,6771,.471,.266,.786,28.8,12.2,3.8,3.8,1.1,0.6,"Jan 8, 1967",Greenville,South Carolina ,US,NBA,1988-89
Jim Barnett,11,1967,1977,732,17410,3326,7642,,,1884,2363,191,2259,2232,131,30,,1573,8536,.435,,.797,23.8,11.7,3.1,3.0,0.6,0.1,"Jul 7, 1944",Greenville,South Carolina ,US,NBA,1966-67
Leon Benbow,2,1975,1976,115,1838,254,645,,,120,158,79,214,183,73,17,,227,628,.394,,.759,16.0,5.5,1.9,1.6,0.6,0.1,"Jul 23, 1950",Columbia,South Carolina ,US,NBA,1974-75
Trevor Booker,8,2011,2018,532,10872,1548,3003,75,246,508,799,1029,2932,566,355,277,540,1063,3679,.515,.305,.636,20.4,6.9,5.5,1.1,0.7,0.5,"Nov 25, 1987",Newberry,South Carolina ,US,NBA,2010-11
Winford Boynes,3,1979,1981,177,3035,598,1375,0,4,282,360,135,363,207,125,42,284,328,1478,.435,,.783,17.1,8.4,2.1,1.2,0.7,0.2,"May 17, 1957",Greenville,South Carolina ,US,NBA,1978-79
Jarrell Brantley,3,2020,2023,41,273,43,94,19,50,5,6,12,53,29,10,9,17,27,110,.457,.380,.833,6.7,2.7,1.3,0.7,0.2,0.2,"Jun 7, 1996",Charleston,South Carolina ,US,NBA,2019-20
Kevin Brooks,3,1992,1994,126,1031,172,429,12,60,61,71,40,141,48,18,6,69,84,417,.401,.200,.859,8.2,3.3,1.1,0.4,0.1,0.0,"Oct 12, 1969",Beaufort,South Carolina ,US,NBA,1991-92
Kwame Brown,12,2002,2013,607,13389,1518,3088,1,9,998,1750,1085,3333,554,324,376,771,1385,4035,.492,.111,.570,22.1,6.6,5.5,0.9,0.5,0.6,"Mar 10, 1982",Charleston,South Carolina ,US,NBA,2001-02
John Butler,1,2023,2023,19,221,17,53,8,35,3,4,3,17,11,7,9,1,22,45,.321,.229,.750,11.6,2.4,0.9,0.6,0.4,0.5,"Dec 4, 2002",Greenville,South Carolina ,US,NBA,2022-23
Pete Chilcutt,9,1992,2000,584,8394,1044,2368,188,494,218,313,663,1935,488,267,210,390,853,2494,.441,.381,.696,14.4,4.3,3.3,0.8,0.5,0.4,"Sep 14, 1968",Sumter,South Carolina ,US,NBA,1991-92
Nic Claxton,6,2020,2025,290,7455,1294,2028,4,33,397,735,638,2252,477,205,508,316,678,2989,.638,.121,.540,25.7,10.3,7.8,1.6,0.7,1.8,"Apr 17, 1999",Greenville,South Carolina ,US,NBA,2019-20
Noah Clowney,2,2024,2025,60,1223,162,392,86,242,72,90,61,226,48,27,35,53,112,482,.413,.355,.800,20.4,8.0,3.8,0.8,0.5,0.6,"Jul 14, 2004",Spartanburg,South Carolina ,US,NBA,2023-24
Tyrone Corbin,16,1986,2001,1065,27657,3918,8584,198,663,1732,2191,1726,5046,1894,1228,270,1310,2627,9766,.456,.299,.791,26.0,9.2,4.7,1.8,1.2,0.3,"Dec 31, 1962",Columbia,South Carolina ,US,NBA,1985-86
Torrey Craig,8,2018,2025,443,8731,1015,2234,416,1167,211,300,558,1756,466,228,247,286,911,2657,.454,.356,.703,19.7,6.0,4.0,1.1,0.5,0.6,"Dec 19, 1990",Columbia,South Carolina ,US,NBA,2017-18
Michael Dickerson,5,1999,2003,212,7490,1219,2824,288,717,531,677,178,609,553,213,85,407,551,3257,.432,.402,.784,35.3,15.4,2.9,2.6,1.0,0.4,"Jun 25, 1975",Greenville,South Carolina ,US,NBA,1998-99
PJ Dozier,7,2018,2025,130,2008,270,670,85,273,75,116,67,337,204,65,35,93,177,700,.403,.311,.647,15.4,5.4,2.6,1.6,0.5,0.3,"Oct 25, 1996",Columbia,South Carolina ,US,NBA,2017-18
Alex English*,15,1977,1991,1193,38063,10659,21036,18,83,4277,5141,2778,6538,4351,1067,833,2821,3027,25613,.507,,.832,31.9,21.5,5.5,3.6,0.9,0.7,"Jan 5, 1954",Columbia,South Carolina ,US,NBA,1976-77
Jawun Evans,2,2018,2019,56,843,92,267,15,57,38,49,10,96,110,39,6,50,105,237,.345,.263,.776,15.1,4.2,1.7,2.0,0.7,0.1,"Jul 26, 1996",Greenville,South Carolina ,US,NBA,2017-18
Raymond Felton,14,2006,2019,971,28829,4105,9959,925,2813,1718,2175,552,2867,5096,1144,207,2008,1870,10853,.412,.329,.790,29.7,11.2,3.0,5.2,1.2,0.2,"Jun 26, 1984",Marion,South Carolina ,US,NBA,2005-06
Jake Ford,2,1971,1972,31,249,42,91,,,42,55,,20,35,,,,32,126,.462,,.764,8.0,4.1,0.6,1.1,,,"Apr 29, 1945",Georgetown,South Carolina ,US,NBA,1970-71
Player,Yrs,0,To,G,MP,FG,FGA,3P,3PA,FT,FTA,ORB,TRB,AST,STL,BLK,TOV,PF,PTS,FG%,3P%,FT%,MP,PTS,TRB,AST,STL,BLK,Date,City,South Carolina ,US,NBA,-1-
Kevin Garnett*,21,1996,2016,1462,50418,10505,21142,174,632,4887,6190,3209,14662,5445,1859,2037,3179,3561,26071,.497,.275,.789,34.5,17.8,10.0,3.7,1.3,1.4,"May 19, 1976",Greenville,South Carolina ,US,NBA,1995-96
Mike Gibson,2,1984,1986,64,390,41,106,0,0,19,28,44,106,14,13,11,20,65,101,.387,,.679,6.1,1.6,1.7,0.2,0.2,0.2,"Oct 27, 1960",Williamsburg County,South Carolina ,US,NBA,1983-84
Jazian Gortman,1,2025,2025,16,57,9,23,4,11,2,4,1,5,6,2,1,5,9,24,.391,.364,.500,3.6,1.5,0.3,0.4,0.1,0.1,"Apr 14, 2003",Columbia,South Carolina ,US,NBA,2024-25
PJ Hall,1,2025,2025,15,46,6,14,0,5,3,4,4,16,3,0,2,2,6,15,.429,.000,.750,3.1,1.0,1.1,0.2,0.0,0.1,"Feb 21, 2002",Spartanburg,South Carolina ,US,NBA,2024-25
Tom Henderson,9,1975,1983,650,17690,2426,5601,0,9,1236,1673,384,1494,3136,760,76,693,1141,6088,.433,,.739,27.2,9.4,2.3,4.8,1.2,0.1,"Jan 26, 1952",Newberry,South Carolina ,US,NBA,1974-75
GG Jackson II,2,2024,2025,63,1484,290,680,122,345,136,183,70,246,72,34,27,83,81,838,.426,.354,.743,23.6,13.3,3.9,1.1,0.5,0.4,"Dec 17, 2004",Columbia,South Carolina ,US,NBA,2023-24
Harold Jamison,2,2000,2002,37,250,29,63,0,0,14,33,40,60,10,7,2,10,40,72,.460,,.424,6.8,1.9,1.6,0.3,0.2,0.1,"Nov 20, 1976",Orangeburg,South Carolina ,US,NBA,1999-00
Anthony Johnson,13,1998,2010,793,15552,1709,4131,332,933,682,916,293,1358,2274,551,92,866,1289,4432,.414,.356,.745,19.6,5.6,1.7,2.9,0.7,0.1,"Oct 2, 1974",Charleston,South Carolina ,US,NBA,1997-98
Brice Johnson,2,2017,2018,21,107,22,49,0,1,3,5,10,34,3,11,7,6,13,47,.449,.000,.600,5.1,2.2,1.6,0.1,0.5,0.3,"Jun 27, 1994",Orangeburg,South Carolina ,US,NBA,2016-17
Dillon Jones,1,2025,2025,36,324,29,87,10,48,11,20,23,73,37,7,3,14,36,79,.333,.208,.550,9.0,2.2,2.0,1.0,0.2,0.1,"Oct 29, 2001",Columbia,South Carolina ,US,NBA,2024-25
Clyde Mayes,2,1976,1977,74,1000,119,267,,,59,104,107,279,40,9,46,,166,297,.446,,.567,13.5,4.0,3.8,0.5,0.1,0.6,"Mar 17, 1953",Greenville,South Carolina ,US,NBA,1975-76
Xavier McDaniel,12,1986,1998,870,25201,5673,11685,74,283,2186,3046,2082,5313,1775,791,416,1887,2557,13606,.485,.261,.718,29.0,15.6,6.1,2.0,0.9,0.5,"Jun 4, 1963",Columbia,South Carolina ,US,NBA,1985-86
Bryce McGowens,3,2023,2025,113,1690,185,439,60,184,131,171,38,196,106,37,16,76,124,561,.421,.326,.766,15.0,5.0,1.7,0.9,0.3,0.1,"Nov 8, 2002",Pendleton,South Carolina ,US,NBA,2022-23
Dean Meminger,6,1972,1977,416,8554,1004,2112,,,544,867,286,1086,1046,242,28,,700,2552,.475,,.627,20.6,6.1,2.6,2.5,0.9,0.1,"May 13, 1948",Walterboro,South Carolina ,US,NBA,1971-72
Khris Middleton,13,2013,2025,763,23539,4640,10071,1397,3601,2086,2374,474,3653,3020,887,148,1599,1929,12763,.461,.388,.879,30.9,16.7,4.8,4.0,1.2,0.2,"Aug 12, 1991",Charleston,South Carolina ,US,NBA,2012-13
Lowes Moore,3,1981,1983,112,2118,312,706,11,55,117,156,59,227,316,89,19,159,266,752,.442,.200,.750,18.9,6.7,2.0,2.8,0.8,0.2,"May 5, 1957",Plymouth,South Carolina ,US,NBA,1980-81
Mikki Moore,13,1999,2012,564,10257,1269,2304,2,13,717,965,777,2196,409,179,306,537,1541,3257,.551,.154,.743,18.2,5.8,3.9,0.7,0.3,0.5,"Nov 4, 1975",Orangeburg,South Carolina ,US,NBA,1998-99
Ja Morant,6,2020,2025,292,9300,2350,5015,380,1197,1421,1865,276,1386,2162,296,85,986,472,6501,.469,.317,.762,31.8,22.3,4.7,7.4,1.0,0.3,"Aug 10, 1999",Dalzell,South Carolina ,US,NBA,2019-20
Larry Nance,13,1982,1994,920,30697,6370,11664,8,55,2939,3892,2299,7352,2393,872,2027,1711,2703,15687,.546,.145,.755,33.4,17.1,8.0,2.6,0.9,2.2,"Feb 12, 1959",Anderson,South Carolina ,US,NBA,1981-82
Jim Neal,2,1954,1955,80,1093,129,428,,,92,153,,304,33,,,,161,350,.301,,.601,13.7,4.4,3.8,0.4,,,"May 21, 1930",Silverstreet,South Carolina ,US,NBA,1953-54
Player,Yrs,0,To,G,MP,FG,FGA,3P,3PA,FT,FTA,ORB,TRB,AST,STL,BLK,TOV,PF,PTS,FG%,3P%,FT%,MP,PTS,TRB,AST,STL,BLK,Date,City,South Carolina ,US,NBA,-1-
Aaron Nesmith,5,2021,2025,263,5473,775,1705,348,928,300,367,181,837,278,167,103,206,686,2198,.455,.375,.817,20.8,8.4,3.2,1.1,0.6,0.4,"Oct 16, 1999",Charleston,South Carolina ,US,NBA,2020-21
Jermaine O'Neal,18,1997,2014,1011,27364,5144,11025,14,95,3007,4208,1991,7261,1369,470,1820,1872,2896,13309,.467,.147,.715,27.1,13.2,7.2,1.4,0.5,1.8,"Oct 13, 1978",Columbia,South Carolina ,US,NBA,1996-97
Josh Powell,7,2006,2014,316,3966,498,1136,7,20,223,300,331,932,161,49,68,254,491,1226,.438,.350,.743,12.6,3.9,2.9,0.5,0.2,0.2,"Jan 25, 1983",Charleston,South Carolina ,US,NBA,2005-06
Laron Profit,4,2000,2006,135,1537,173,413,21,89,74,104,52,209,166,70,25,116,138,441,.419,.236,.712,11.4,3.3,1.5,1.2,0.5,0.2,"Aug 5, 1977",Charleston,South Carolina ,US,NBA,1999-00
Clifford Ray,10,1972,1981,784,19940,2333,4450,0,2,1155,1963,1657,6953,1728,501,638,532,2618,5821,.524,,.588,25.4,7.4,8.9,2.2,0.8,1.0,"Jan 21, 1949",Union,South Carolina ,US,NBA,1971-72
Stanley Roberts,8,1992,2000,300,5869,1059,2124,0,2,437,850,506,1549,189,110,385,370,1060,2555,.499,.000,.514,19.6,8.5,5.2,0.6,0.4,1.3,"Feb 7, 1970",Hopkins,South Carolina ,US,NBA,1991-92
Ramon Sessions,11,2008,2018,691,16119,2406,5539,208,658,2121,2681,339,1840,2807,472,52,1173,942,7141,.434,.316,.791,23.3,10.3,2.7,4.1,0.7,0.1,"Apr 11, 1986",Myrtle Beach,South Carolina ,US,NBA,2007-08
John Shumate,5,1976,1981,318,9201,1393,2698,0,1,1134,1576,605,2388,574,323,224,365,731,3920,.516,,.720,28.9,12.3,7.5,1.8,1.0,0.7,"Apr 6, 1952",Greenville,South Carolina ,US,NBA,1975-76
Jalen Slawson,1,2024,2024,12,37,4,6,0,2,0,0,1,7,2,1,1,2,8,8,.667,.000,,3.1,0.7,0.6,0.2,0.1,0.1,"Oct 22, 1999",Summerville,South Carolina ,US,NBA,2023-24
Levern Tart,4,1968,1971,274,9272,2020,4539,22,87,1254,1600,455,1374,830,,,841,792,5316,.445,.253,.784,33.8,19.4,5.0,3.0,,,"Jun 1, 1942",Marion,South Carolina ,US,NBA,1967-68
Sindarius Thornwell,4,2018,2021,160,1721,138,339,35,103,90,134,41,206,111,76,35,82,183,401,.407,.340,.672,10.8,2.5,1.3,0.7,0.5,0.2,"Nov 15, 1994",Lancaster,South Carolina ,US,NBA,2017-18
Jayson Williams,9,1991,1999,475,9805,1360,3092,3,24,749,1236,1587,3584,287,204,301,515,1284,3472,.440,.125,.606,20.6,7.3,7.5,0.6,0.4,0.6,"Feb 22, 1968",Ritter,South Carolina ,US,NBA,1990-91
Travis Williams,2,1998,1999,47,427,62,132,0,1,27,50,59,111,22,20,6,36,65,151,.470,.000,.540,9.1,3.2,2.4,0.5,0.4,0.1,"May 27, 1969",Columbia,South Carolina ,US,NBA,1997-98
Leon Wood,6,1985,1991,274,4531,598,1525,173,530,373,471,74,316,867,127,4,266,289,1742,.392,.326,.792,16.5,6.4,1.2,3.2,0.5,0.0,"Mar 25, 1962",Columbia,South Carolina ,US,NBA,1984-85
Ray Ellefson,2,1949,1951,6,,1,9,,,4,4,,8,0,,,,8,6,0.111,,1.0,,1.0,2.7,0.0,,,"Nov 18, 1922",Brookings,South Dakota ,US,NBA,1948-49
Mike Miller,17,2001,2017,1032,27812.0,4016,8747,1590.0,3910.0,1351,1757,632.0,4376,2666,573.0,229.0,1561.0,2043,10973,0.459,0.407,0.769,26.9,10.6,4.2,2.6,0.6,0.2,"Feb 19, 1980",Mitchell,South Dakota ,US,NBA,2000-01
Med Park,5,1956,1960,313,5632.0,675,1782,,,574,788,,967,532,,,,580,1924,0.379,,0.728,18.0,6.1,3.1,1.7,,,"Apr 11, 1933",Britton,South Dakota ,US,NBA,1955-56
Jared Reiner,2,2005,2007,46,376.0,25,73,0.0,0.0,4,14,34.0,109,14,8.0,13.0,23.0,80,54,0.342,,0.286,8.2,1.2,2.4,0.3,0.2,0.3,"Apr 8, 1982",Tripp,South Dakota ,US,NBA,2004-05
Jon Sundvold,9,1984,1992,502,8811.0,1647,3642,226.0,576.0,366,431,132.0,554,1469,220.0,5.0,560.0,601,3886,0.452,0.392,0.849,17.6,7.7,1.1,2.9,0.4,0.0,"Jul 2, 1961",Sioux Falls,South Dakota ,US,NBA,1983-84
Vincent Askew,9,1988,1998,467,9361,1215,2534,76,253,805,1068,400,1176,1017,304,106,503,972,3311,.479,.300,.754,20.0,7.1,2.5,2.2,0.7,0.2,"Feb 28, 1966",Memphis,Tennessee ,US,NBA,1987-88
Damion Baugh,1,2025,2025,2,59,11,15,4,7,4,4,0,5,9,3,0,4,6,30,.733,.571,1.000,29.5,15.0,2.5,4.5,1.5,0.0,"Aug 3, 2000",Nashville,Tennessee ,US,NBA,2024-25
Corey Beck,3,1996,1999,88,951,93,206,3,5,52,76,36,125,123,43,9,87,134,241,.451,.600,.684,10.8,2.7,1.4,1.4,0.5,0.1,"May 27, 1971",Memphis,Tennessee ,US,NBA,1995-96
William Bedford,6,1987,1993,238,2514,405,974,7,22,147,243,201,573,109,37,126,173,358,964,.416,.318,.605,10.6,4.1,2.4,0.5,0.2,0.5,"Dec 14, 1963",Memphis,Tennessee ,US,NBA,1986-87
Tarik Black,4,2015,2018,220,3319,439,798,2,14,195,335,393,1031,110,83,116,163,516,1075,.550,.143,.582,15.1,4.9,4.7,0.5,0.4,0.5,"Nov 22, 1991",Memphis,Tennessee ,US,NBA,2014-15
Jordan Bone,2,2020,2021,24,249,28,74,12,42,0,0,4,28,26,3,0,5,17,68,.378,.286,,10.4,2.8,1.2,1.1,0.1,0.0,"Nov 5, 1997",Nashville,Tennessee ,US,NBA,2019-20
Corey Brewer,13,2008,2020,819,18771,2684,6314,503,1774,1226,1720,613,2287,1250,1023,222,950,1768,7097,.425,.284,.713,22.9,8.7,2.8,1.5,1.2,0.3,"Mar 5, 1986",Portland,Tennessee ,US,NBA,2007-08
Antonio Burks,2,2005,2006,81,789,79,204,4,17,24,42,5,49,104,33,1,48,70,186,.387,.235,.571,9.7,2.3,0.6,1.3,0.4,0.0,"Feb 25, 1980",Memphis,Tennessee ,US,NBA,2004-05
Art Burris,2,1951,1952,74,514,70,269,,,47,75,,205,54,,,,120,187,.260,,.627,12.5,2.5,2.8,0.7,,,"Apr 7, 1924",Nashville,Tennessee ,US,NBA,1950-51
Mike Butler,4,1969,1972,245,4554,790,2010,172,596,406,469,64,375,504,,,335,483,2158,.393,.289,.866,18.6,8.8,1.5,2.1,,,"Oct 22, 1946",Memphis,Tennessee ,US,NBA,1968-69
Derrick Byars,1,2012,2012,2,37,3,11,0,6,4,4,6,11,1,2,0,0,2,10,.273,.000,1.000,18.5,5.0,5.5,0.5,1.0,0.0,"Apr 25, 1984",Memphis,Tennessee ,US,NBA,2011-12
Rodney Carney,5,2007,2011,299,4600,675,1599,200,591,228,324,164,588,132,159,100,157,420,1778,.422,.338,.704,15.4,5.9,2.0,0.4,0.5,0.3,"Apr 15, 1984",Memphis,Tennessee ,US,NBA,2006-07
Kennedy Chandler,1,2023,2023,36,281,35,83,2,15,6,13,9,38,58,12,5,18,15,78,.422,.133,.462,7.8,2.2,1.1,1.6,0.3,0.1,"Sep 16, 2002",Cordova,Tennessee ,US,NBA,2022-23
Chris Chiozza,4,2019,2022,91,1038,112,317,59,172,20,25,22,117,217,42,11,81,90,303,.353,.343,.800,11.4,3.3,1.3,2.4,0.5,0.1,"Nov 21, 1995",Memphis,Tennessee ,US,NBA,2018-19
Carlos Clark,2,1984,1985,93,689,83,204,0,7,57,71,36,86,65,43,3,54,79,223,.407,.000,.803,7.4,2.4,0.9,0.7,0.5,0.0,"Aug 10, 1960",Somerville,Tennessee ,US,NBA,1983-84
Ian Clark,6,2014,2019,330,4507,718,1635,240,705,164,204,65,440,385,128,44,236,394,1840,.439,.340,.804,13.7,5.6,1.3,1.2,0.4,0.1,"Mar 7, 1991",Memphis,Tennessee ,US,NBA,2013-14
Coty Clarke,1,2016,2016,3,6,2,4,2,2,0,0,0,1,0,0,0,1,0,6,.500,1.000,,2.0,2.0,0.3,0.0,0.0,0.0,"Jul 4, 1992",Antioch,Tennessee ,US,NBA,2015-16
Antonius Cleveland,2,2018,2020,28,169,12,35,3,7,7,11,5,21,3,8,8,9,31,34,.343,.429,.636,6.0,1.2,0.8,0.1,0.3,0.3,"Feb 2, 1994",Memphis,Tennessee ,US,NBA,2017-18
Lester Conner,12,1983,1995,687,14970,1639,3618,22,109,1037,1378,633,1861,2669,1085,64,914,1036,4337,.453,.202,.753,21.8,6.3,2.7,3.9,1.6,0.1,"Sep 17, 1959",Memphis,Tennessee ,US,NBA,1982-83
Dillard Crocker,4,1949,1953,154,1559,444,1407,,,464,657,,215,205,,,,557,1352,.316,,.706,15.7,8.8,2.2,1.3,,,"Jan 19, 1925",Coffee County,Tennessee ,US,NBA,1948-49
Player,Yrs,0,To,G,MP,FG,FGA,3P,3PA,FT,FTA,ORB,TRB,AST,STL,BLK,TOV,PF,PTS,FG%,3P%,FT%,MP,PTS,TRB,AST,STL,BLK,Date,City,Tennessee ,US,NBA,-1-
Jalen Crutcher,1,2024,2024,1,3,0,1,0,0,0,0,0,0,0,0,0,0,0,0,.000,,,3.0,0.0,0.0,0.0,0.0,0.0,"Jul 18, 1999",Memphis,Tennessee ,US,NBA,2023-24
Charles Davis,8,1982,1990,415,5050,970,2152,19,112,255,346,378,1008,309,127,74,334,634,2214,.451,.170,.737,12.2,5.3,2.4,0.7,0.3,0.2,"Oct 5, 1958",Nashville,Tennessee ,US,NBA,1981-82
Tony Delk,10,1997,2006,545,11702,1874,4593,472,1376,737,958,349,1351,1024,447,77,573,862,4957,.408,.343,.769,21.5,9.1,2.5,1.9,0.8,0.1,"Jan 28, 1974",Covington,Tennessee ,US,NBA,1996-97
Larry Finch,2,1974,1975,128,3042,428,992,27,79,223,269,68,217,301,78,7,185,326,1106,.431,.342,.829,23.8,8.6,1.7,2.4,0.6,0.1,"Feb 16, 1951",Memphis,Tennessee ,US,NBA,1973-74
Chris Garner,2,1998,2001,46,442,30,107,4,21,8,13,9,36,63,28,5,34,68,72,.280,.190,.615,9.6,1.6,0.8,1.4,0.6,0.1,"Feb 2, 1975",Memphis,Tennessee ,US,NBA,1997-98
Calvin Garrett,4,1981,1984,166,3008,375,820,6,20,99,129,139,436,242,94,18,165,327,855,.457,.300,.767,18.1,5.2,2.6,1.5,0.6,0.1,"Jul 11, 1956",Parsons,Tennessee ,US,NBA,1980-81
Dee Gibson,1,1950,1950,44,,77,245,,,127,177,,,126,,,,113,281,.314,,.718,,6.4,,2.9,,,"Aug 25, 1923",Cleveland,Tennessee ,US,NBA,1949-50
Sylvester Gray,1,1989,1989,55,1220,167,398,1,4,105,156,117,286,117,36,25,102,144,440,.420,.250,.673,22.2,8.0,5.2,2.1,0.7,0.5,"Jul 8, 1967",Millington,Tennessee ,US,NBA,1988-89
Marcus Haislip,4,2003,2010,89,854,125,286,7,20,54,82,51,131,16,15,34,39,100,311,.437,.350,.659,9.6,3.5,1.5,0.2,0.2,0.4,"Dec 22, 1980",Lewisburg,Tennessee ,US,NBA,2002-03
Swede Halbrook,2,1961,1962,143,2039,307,885,,,172,291,,949,64,,,,441,786,.347,,.591,14.3,5.5,6.6,0.4,,,"Jan 30, 1933",Dresden,Tennessee ,US,NBA,1960-61
Steve Hamer,1,1997,1997,35,268,30,57,0,2,16,29,17,60,7,2,4,13,39,76,.526,.000,.552,7.7,2.2,1.7,0.2,0.1,0.1,"Nov 13, 1973",Memphis,Tennessee ,US,NBA,1996-97
Anfernee Hardaway,14,1994,2008,704,23711,3995,8731,503,1591,2191,2831,975,3146,3525,1125,312,1786,1562,10684,.458,.316,.774,33.7,15.2,4.5,5.0,1.6,0.4,"Jul 18, 1971",Memphis,Tennessee ,US,NBA,1993-94
Bob Harris,5,1950,1954,325,5768,804,2091,,,601,957,,1824,502,,,,1003,2209,.385,,.628,27.9,6.8,6.9,1.5,,,"Mar 16, 1927",Linden,Tennessee ,US,NBA,1949-50
David Harrison,4,2005,2008,189,2686,374,706,0,0,201,383,184,549,47,64,185,216,538,949,.530,,.525,14.2,5.0,2.9,0.2,0.3,1.0,"Aug 15, 1982",Nashville,Tennessee ,US,NBA,2004-05
Trenton Hassell,9,2002,2010,644,16278,1549,3480,95,299,548,716,541,1826,1132,282,272,597,1399,3741,.445,.318,.765,25.3,5.8,2.8,1.8,0.4,0.4,"Mar 4, 1979",Clarksville,Tennessee ,US,NBA,2001-02
Kirk Haston,2,2002,2003,27,134,13,56,0,6,6,12,5,27,8,0,6,10,19,32,.232,.000,.500,5.0,1.2,1.0,0.3,0.0,0.2,"Mar 10, 1979",Lobelville,Tennessee ,US,NBA,2001-02
Cedric Henderson,5,1998,2002,260,6182,783,1797,6,43,313,438,170,755,419,228,111,401,578,1885,.436,.140,.715,23.8,7.3,2.9,1.6,0.9,0.4,"Mar 11, 1975",Memphis,Tennessee ,US,NBA,1997-98
Keith Herron,3,1979,1982,124,2620,485,1108,2,12,247,288,112,242,174,105,30,170,190,1219,.438,,.858,21.1,9.8,2.0,1.4,0.8,0.2,"Jun 14, 1956",Memphis,Tennessee ,US,NBA,1978-79
Paul Hogue,2,1963,1964,65,1487,164,449,,,81,181,,461,48,,,,255,409,.365,,.448,22.9,6.3,7.1,0.7,,,"Apr 28, 1940",Knoxville,Tennessee ,US,NBA,1962-63
Otis Howard,1,1979,1979,14,113,24,56,,,11,23,18,41,5,2,2,7,24,59,.429,,.478,8.1,4.2,2.9,0.4,0.1,0.1,"Nov 5, 1956",Oak Ridge,Tennessee ,US,NBA,1978-79
Player,Yrs,0,To,G,MP,FG,FGA,3P,3PA,FT,FTA,ORB,TRB,AST,STL,BLK,TOV,PF,PTS,FG%,3P%,FT%,MP,PTS,TRB,AST,STL,BLK,Date,City,Tennessee ,US,NBA,-1-
Bailey Howell*,12,1960,1971,950,30627,6515,13585,,,4740,6224,,9383,1853,,,,3498,17770,.480,,.762,32.2,18.7,9.9,2.0,,,"Jan 20, 1937",Middleton,Tennessee ,US,NBA,1959-60
Lester Hudson,4,2010,2015,57,594,95,253,28,101,50,62,16,77,71,32,8,56,52,268,.375,.277,.806,10.4,4.7,1.4,1.2,0.6,0.1,"Aug 7, 1984",Memphis,Tennessee ,US,NBA,2009-10
Les Hunter,7,1965,1973,468,11887,2200,4968,32,161,1303,1864,1151,3224,752,,,1061,1549,5735,.443,,.699,25.4,12.3,6.9,1.6,,,"Aug 16, 1942",Nashville,Tennessee ,US,NBA,1964-65
Abdul Jeelani,2,1980,1981,143,2394,475,1005,0,7,340,424,197,500,160,84,71,204,278,1290,.473,.000,.802,16.7,9.0,3.5,1.1,0.6,0.5,"Feb 10, 1954",Bells,Tennessee ,US,NBA,1979-80
John Jenkins,6,2013,2019,171,2183,311,705,117,319,116,137,36,250,138,31,14,95,95,855,.441,.367,.847,12.8,5.0,1.5,0.8,0.2,0.1,"Mar 6, 1991",Nashville,Tennessee ,US,NBA,2012-13
Keon Johnson,4,2022,2025,136,2442,370,1001,143,459,144,187,79,324,242,102,39,161,252,1027,.370,.312,.770,18.0,7.6,2.4,1.8,0.8,0.3,"Mar 10, 2002",Shelbyville,Tennessee ,US,NBA,2021-22
Dontae' Jones,1,1998,1998,15,91,19,57,6,23,0,0,3,9,5,2,3,11,12,44,.333,.261,,6.1,2.9,0.6,0.3,0.1,0.2,"Jun 2, 1975",Nashville,Tennessee ,US,NBA,1997-98
Jemerrio Jones,2,2019,2022,8,158,14,36,2,10,1,2,18,52,13,8,5,5,12,31,.389,.200,.500,19.8,3.9,6.5,1.6,1.0,0.6,"Apr 9, 1995",Nashville,Tennessee ,US,NBA,2018-19
Popeye Jones,11,1994,2004,535,12579,1574,3523,25,89,553,736,1623,3981,696,300,161,603,1501,3726,.447,.281,.751,23.5,7.0,7.4,1.3,0.6,0.3,"Jun 17, 1970",Dresden,Tennessee ,US,NBA,1993-94
Rich Jones,8,1970,1977,508,16991,3153,7503,131,432,1485,1931,1120,3759,1394,277,77,1071,1768,7922,.420,,.769,33.4,15.6,7.4,2.7,1.0,0.3,"Dec 27, 1946",Memphis,Tennessee ,US,NBA,1969-70
Dan King,1,1955,1955,12,103,7,22,,,5,10,,25,3,,,,5,19,.318,,.500,8.6,1.6,2.1,0.3,,,"Jan 7, 1931",Paris,Tennessee ,US,NBA,1954-55
Clyde Lee,10,1967,1976,742,19885,2256,5223,,,1221,1988,640,7626,788,80,64,,2203,5733,.432,,.614,26.8,7.7,10.3,1.1,0.4,0.3,"Mar 14, 1944",Nashville,Tennessee ,US,NBA,1966-67
Bill Ligon,1,1975,1975,38,272,55,143,,,16,25,14,26,25,8,9,,31,126,.385,,.640,7.2,3.3,0.7,0.7,0.2,0.2,"May 29, 1952",Nashville,Tennessee ,US,NBA,1974-75
Ryan Lorthridge,1,1995,1995,37,672,106,223,3,14,57,88,24,71,101,28,1,57,42,272,.475,.214,.648,18.2,7.4,1.9,2.7,0.8,0.0,"Jul 27, 1972",Nashville,Tennessee ,US,NBA,1994-95
Malcolm Mackey,1,1994,1994,22,69,14,37,0,2,4,8,12,24,1,0,3,2,9,32,.378,.000,.500,3.1,1.5,1.1,0.0,0.0,0.1,"Jul 11, 1970",Chattanooga,Tennessee ,US,NBA,1993-94
Tom Marshall,4,1955,1959,168,2587,354,913,,,244,344,,492,188,,,,197,952,.388,,.709,15.4,5.7,2.9,1.1,,,"Jan 6, 1931",Coldwater,Tennessee ,US,NBA,1954-55
Jeremiah Martin,2,2020,2021,18,174,33,86,8,30,12,19,3,17,22,12,4,10,8,86,.384,.267,.632,9.7,4.8,0.9,1.2,0.7,0.2,"Jun 19, 1996",Memphis,Tennessee ,US,NBA,2019-20
Garrison Mathews,6,2020,2025,310,5418,573,1417,459,1203,403,480,95,545,219,164,56,126,557,2008,.404,.382,.840,17.5,6.5,1.8,0.7,0.5,0.2,"Oct 24, 1996",Franklin,Tennessee ,US,NBA,2019-20
Ted McClain,8,1972,1979,555,12683,1849,4115,27,124,944,1231,487,1627,1909,821,82,1045,1664,4669,.449,,.767,22.9,8.4,2.9,3.4,1.7,0.2,"Aug 30, 1946",Nashville,Tennessee ,US,NBA,1971-72
Hank McDowell,6,1982,1987,206,1857,229,508,0,7,142,200,186,464,98,34,29,131,274,600,.451,.000,.710,9.0,2.9,2.3,0.5,0.2,0.1,"Nov 13, 1959",Memphis,Tennessee ,US,NBA,1981-82
Player,Yrs,0,To,G,MP,FG,FGA,3P,3PA,FT,FTA,ORB,TRB,AST,STL,BLK,TOV,PF,PTS,FG%,3P%,FT%,MP,PTS,TRB,AST,STL,BLK,Date,City,Tennessee ,US,NBA,-1-
Darnell Mee,2,1994,1995,40,293,29,93,6,27,12,27,17,36,18,16,13,18,34,76,.312,.222,.444,7.3,1.9,0.9,0.5,0.4,0.3,"Feb 11, 1971",Cleveland,Tennessee ,US,NBA,1993-94
Jodie Meeks,10,2010,2019,539,12110,1665,3969,775,2078,883,1004,148,1120,583,413,36,410,632,4988,.420,.373,.879,22.5,9.3,2.1,1.1,0.8,0.1,"Aug 21, 1987",Nashville,Tennessee ,US,NBA,2009-10
Ron Mercer,8,1998,2005,432,13418,2490,5803,60,240,852,1054,383,1342,921,456,113,683,881,5892,.429,.250,.808,31.1,13.6,3.1,2.1,1.1,0.3,"May 18, 1976",Nashville,Tennessee ,US,NBA,1997-98
Brandon Miller,2,2024,2025,101,3307,674,1574,288,786,211,252,85,446,273,95,62,208,258,1847,.428,.366,.837,32.7,18.3,4.4,2.7,0.9,0.6,"Nov 22, 2002",Antioch,Tennessee ,US,NBA,2023-24
Taze Moore,2,2024,2025,6,60,10,29,2,11,2,4,8,16,6,4,0,5,4,24,.345,.182,.500,10.0,4.0,2.7,1.0,0.7,0.0,"Jun 29, 1998",Memphis,Tennessee ,US,NBA,2023-24
Johnny Neumann,7,1972,1978,455,10485,2407,5558,145,539,1063,1392,601,1234,1345,226,74,1110,1383,6022,.433,,.764,23.0,13.2,2.7,3.0,0.8,0.2,"Sep 11, 1951",Memphis,Tennessee ,US,NBA,1971-72
Cameron Payne,10,2016,2025,456,8009,1351,3203,523,1415,348,418,131,919,1460,291,94,508,773,3573,.422,.370,.833,17.6,7.8,2.0,3.2,0.6,0.2,"Aug 8, 1994",Memphis,Tennessee ,US,NBA,2015-16
Elliot Perry,10,1992,2002,549,9501,1353,2945,138,384,605,773,185,742,1699,574,20,780,707,3449,.459,.359,.783,17.3,6.3,1.4,3.1,1.0,0.0,"Mar 28, 1969",Memphis,Tennessee ,US,NBA,1991-92
Don Ray,1,1950,1950,61,,130,403,,,104,149,,,60,,,,147,364,.323,,.698,,6.0,,1.0,,,"Jul 8, 1921",Mt. Juliet,Tennessee ,US,NBA,1949-50
JJ Redick,15,2007,2021,940,23964,4009,8976,1950,4704,2060,2310,172,1903,1862,420,88,1040,1417,12028,.447,.415,.892,25.5,12.8,2.0,2.0,0.4,0.1,"Jun 24, 1984",Cookeville,Tennessee ,US,NBA,2006-07
Rick Roberson,7,1970,1976,423,10356,1483,3369,,,860,1470,364,3522,591,90,80,,1308,3826,.440,,.585,24.5,9.0,8.3,1.4,0.6,0.5,"Jul 7, 1947",Memphis,Tennessee ,US,NBA,1969-70
Anthony Roberts,5,1978,1984,213,3867,679,1650,0,1,300,429,333,837,265,89,13,256,501,1658,.412,,.699,18.2,7.8,3.9,1.2,0.4,0.1,"Apr 15, 1955",Chattanooga,Tennessee ,US,NBA,1977-78
Oscar Robertson*,14,1961,1974,1040,43886,9508,19620,,,7694,9185,71,7804,9887,77,4,,2931,26710,.485,,.838,42.2,25.7,7.5,9.5,1.1,0.1,"Nov 24, 1938",Charlotte,Tennessee ,US,NBA,1960-61
Ronnie Robinson,2,1974,1975,72,1272,192,432,0,1,53,79,113,308,53,25,9,75,137,437,.444,.000,.671,17.7,6.1,4.3,0.7,0.3,0.1,"Mar 9, 1951",Memphis,Tennessee ,US,NBA,1973-74
Doug Roth,1,1990,1990,42,412,37,86,0,1,7,14,44,120,20,8,13,16,70,81,.430,.000,.500,9.8,1.9,2.9,0.5,0.2,0.3,"Aug 24, 1967",Knoxville,Tennessee ,US,NBA,1989-90
Campy Russell,9,1975,1985,566,16781,3398,7397,34,93,2123,2750,893,2696,1684,594,114,1025,1527,8953,.459,,.772,29.6,15.8,4.8,3.0,1.0,0.2,"Jan 12, 1952",Jackson,Tennessee ,US,NBA,1974-75
Frank Russell,1,1973,1973,23,131,29,77,,,16,18,,17,15,,,,12,74,.377,,.889,5.7,3.2,0.7,0.7,,,"Apr 17, 1949",Jackson,Tennessee ,US,NBA,1972-73
Alvin Scott,8,1978,1985,627,10853,1171,2436,4,20,742,1012,661,1992,847,404,371,617,1034,3088,.481,,.733,17.3,4.9,3.2,1.4,0.6,0.6,"Sep 14, 1955",Cleveland,Tennessee ,US,NBA,1977-78
McKinley Singleton,1,1987,1987,2,10,2,3,0,1,0,0,0,0,1,0,0,0,1,4,.667,.000,,5.0,2.0,0.0,0.5,0.0,0.0,"Oct 29, 1961",Memphis,Tennessee ,US,NBA,1986-87
Jim Slaughter,1,1952,1952,28,525,53,165,,,41,68,,148,25,,,,81,147,.321,,.603,18.8,5.3,5.3,0.9,,,"May 13, 1928",Bristol,Tennessee ,US,NBA,1951-52
Player,Yrs,0,To,G,MP,FG,FGA,3P,3PA,FT,FTA,ORB,TRB,AST,STL,BLK,TOV,PF,PTS,FG%,3P%,FT%,MP,PTS,TRB,AST,STL,BLK,Date,City,Tennessee ,US,NBA,-1-
Bingo Smith,11,1970,1980,865,22407,4776,10642,23,81,1307,1637,653,3630,1734,431,167,237,2059,10882,.449,,.798,25.9,12.6,4.2,2.0,0.8,0.3,"Feb 26, 1946",Memphis,Tennessee ,US,NBA,1969-70
Ryan Stack,2,1999,2000,43,397,31,88,0,1,37,47,34,79,10,6,22,26,78,99,.352,.000,.787,9.2,2.3,1.8,0.2,0.1,0.5,"Jul 24, 1975",Nashville,Tennessee ,US,NBA,1998-99
Jarnell Stokes,3,2015,2017,28,151,25,43,0,0,17,32,18,40,7,7,5,7,29,67,.581,,.531,5.4,2.4,1.4,0.3,0.3,0.2,"Jan 7, 1994",Memphis,Tennessee ,US,NBA,2014-15
Johnny Taylor,3,1998,2000,54,866,100,249,28,71,28,39,36,120,26,32,20,44,124,256,.402,.394,.718,16.0,4.7,2.2,0.5,0.6,0.4,"Jun 4, 1974",Chattanooga,Tennessee ,US,NBA,1997-98
Adonis Thomas,1,2014,2014,6,37,6,14,1,5,1,1,0,3,3,0,0,1,6,14,.429,.200,1.000,6.2,2.3,0.5,0.5,0.0,0.0,"Mar 25, 1993",Memphis,Tennessee ,US,NBA,2013-14
Paul Thompson,3,1984,1986,154,3105,568,1315,17,81,221,279,204,533,224,141,79,160,360,1374,.432,.210,.792,20.2,8.9,3.5,1.5,0.9,0.5,"May 25, 1961",Smyrna,Tennessee ,US,NBA,1983-84
Andre Turner,6,1987,1992,170,2523,307,727,14,59,139,182,62,263,535,137,3,212,205,767,.422,.237,.764,14.8,4.5,1.5,3.1,0.8,0.0,"Dec 13, 1964",Memphis,Tennessee ,US,NBA,1986-87
Elston Turner,8,1982,1989,505,9006,1049,2429,7,46,292,409,556,1375,914,442,27,455,910,2397,.432,.152,.714,17.8,4.7,2.7,1.8,0.9,0.1,"Jun 10, 1959",Knoxville,Tennessee ,US,NBA,1981-82
David Vaughn,2,1975,1976,93,2593,434,1031,0,2,130,237,284,913,135,79,128,200,289,998,.421,.000,.549,27.9,10.7,9.8,1.5,0.8,1.4,"Jun 4, 1952",Nashville,Tennessee ,US,NBA,1974-75
Dwight Waller,3,1969,1972,20,126,14,37,0,1,12,26,17,53,6,,,17,23,40,.378,,.462,6.3,2.0,2.7,0.3,,,"Oct 5, 1945",Brownsville,Tennessee ,US,NBA,1968-69
Willie White,2,1985,1986,82,577,126,292,10,32,40,54,32,80,82,23,4,55,48,302,.432,.313,.741,7.0,3.7,1.0,1.0,0.3,0.0,"Aug 20, 1962",Memphis,Tennessee ,US,NBA,1984-85
Ron Widby,1,1968,1968,20,137,27,70,0,3,4,7,,45,4,,,7,18,58,.386,.000,.571,6.9,2.9,2.3,0.2,,,"Mar 9, 1945",Knoxville,Tennessee ,US,NBA,1967-68
James Wilkes,3,1981,1983,114,1531,224,484,0,3,99,137,107,274,104,58,31,101,220,547,.463,.000,.723,13.4,4.8,2.4,0.9,0.5,0.3,"Apr 1, 1958",Nashville,Tennessee ,US,NBA,1980-81
Elliot Williams,4,2012,2016,109,1470,193,458,54,174,97,145,38,161,94,45,6,78,158,537,.421,.310,.669,13.5,4.9,1.5,0.9,0.4,0.1,"Jun 20, 1989",Memphis,Tennessee ,US,NBA,2011-12
Johnathan Williams,2,2019,2020,39,552,84,144,0,4,34,61,72,163,21,9,15,21,78,202,.583,.000,.557,14.2,5.2,4.2,0.5,0.2,0.4,"May 22, 1995",Memphis,Tennessee ,US,NBA,2018-19
Lou Williams,17,2006,2022,1123,27104,5047,12045,1457,4146,4042,4803,431,2484,3789,952,192,1896,1439,15593,.419,.351,.842,24.1,13.9,2.2,3.4,0.8,0.2,"Oct 27, 1986",Memphis,Tennessee ,US,NBA,2005-06
Shawne Williams,7,2007,2015,314,5368,650,1612,275,812,194,257,247,945,220,127,156,197,656,1769,.403,.339,.755,17.1,5.6,3.0,0.7,0.4,0.5,"Feb 16, 1986",Memphis,Tennessee ,US,NBA,2006-07
Michael Wilson,3,1984,1987,32,338,39,89,0,1,30,40,16,36,45,15,5,28,36,108,.438,.000,.750,10.6,3.4,1.1,1.4,0.5,0.2,"Sep 15, 1959",Memphis,Tennessee ,US,NBA,1983-84
James Wiseman,4,2021,2025,148,2799,569,1016,16,61,196,287,238,830,110,30,102,177,370,1350,.560,.262,.683,18.9,9.1,5.6,0.7,0.2,0.7,"Mar 31, 2001",Nashville,Tennessee ,US,NBA,2020-21
Qyntel Woods,4,2003,2006,167,2060,281,621,35,98,94,156,107,385,105,71,28,138,226,691,.452,.357,.603,12.3,4.1,2.3,0.6,0.4,0.2,"Feb 16, 1981",Memphis,Tennessee ,US,NBA,2002-03
Player,Yrs,0,To,G,MP,FG,FGA,3P,3PA,FT,FTA,ORB,TRB,AST,STL,BLK,TOV,PF,PTS,FG%,3P%,FT%,MP,PTS,TRB,AST,STL,BLK,Date,City,Tennessee ,US,NBA,-1-
Brandan Wright,10,2008,2018,428,6949,1271,2095,0,12,434,644,586,1560,199,198,425,202,574,2976,.607,.000,.674,16.2,7.0,3.6,0.5,0.5,1.0,"Oct 5, 1987",Nashville,Tennessee ,US,NBA,2007-08
Lorenzen Wright,13,1997,2009,778,18535,2556,5573,2,29,1077,1670,1688,4943,622,471,572,877,2276,6191,.459,.069,.645,23.8,8.0,6.4,0.8,0.6,0.7,"Nov 4, 1975",Memphis,Tennessee ,US,NBA,1996-97
Vincent Yarbrough,1,2003,2003,59,1381,168,428,21,78,49,62,36,162,130,57,33,81,145,406,.393,.269,.790,23.4,6.9,2.7,2.2,1.0,0.6,"Mar 21, 1981",Cleveland,Tennessee ,US,NBA,2002-03
Stephen Zimmerman,1,2017,2017,19,108,10,31,0,0,3,5,11,35,4,2,5,3,17,23,.323,,.600,5.7,1.2,1.8,0.2,0.1,0.3,"Sep 9, 1996",Hendersonville,Tennessee ,US,NBA,2016-17
Quincy Acy,7,2013,2019,337,5392,583,1314,183,523,293,386,309,1179,217,140,135,219,665,1642,.444,.350,.759,16.0,4.9,3.5,0.6,0.4,0.4,"Oct 6, 1990",Tyler,Texas ,US,NBA,2012-13
LaMarcus Aldridge,16,2007,2022,1076,36242,8311,16872,227,710,3709,4563,2776,8736,2076,758,1187,1643,2598,20558,.493,.320,.813,33.7,19.1,8.1,1.9,0.7,1.1,"Jul 19, 1985",Dallas,Texas ,US,NBA,2006-07
Greg Anderson,10,1988,1998,680,14040,2011,4090,2,23,929,1668,1432,4246,385,480,590,926,1741,4953,.492,.087,.557,20.6,7.3,6.2,0.6,0.7,0.9,"Jun 22, 1964",Houston,Texas ,US,NBA,1987-88
Jay Arnette,3,1964,1966,114,1177,163,447,,,98,129,,116,139,,,,233,424,.365,,.760,10.3,3.7,1.0,1.2,,,"Dec 19, 1938",Austin,Texas ,US,NBA,1963-64
Darrell Arthur,9,2009,2018,503,8945,1381,3110,161,458,359,469,547,1768,409,309,307,422,1234,3282,.444,.352,.765,17.8,6.5,3.5,0.8,0.6,0.6,"Mar 25, 1988",Dallas,Texas ,US,NBA,2008-09
Chris Babb,1,2014,2014,14,132,8,30,6,27,0,0,4,17,3,6,0,3,13,22,.267,.222,,9.4,1.6,1.2,0.2,0.4,0.0,"Feb 14, 1990",Arlington,Texas ,US,NBA,2013-14
Tom Barker,2,1977,1979,98,1830,250,592,,,139,201,156,520,75,43,52,34,299,639,.422,,.692,18.7,6.5,5.3,0.8,0.4,0.5,"Mar 11, 1955",Harlingen,Texas ,US,NBA,1976-77
Maceo Baston,4,2003,2009,105,831,106,172,3,8,71,96,56,175,26,24,43,54,140,286,.616,.375,.740,7.9,2.7,1.7,0.2,0.2,0.4,"May 29, 1975",Corsicana,Texas ,US,NBA,2002-03
Tony Battie,14,1998,2012,837,17649,2143,4387,12,74,784,1137,1376,4287,522,420,713,704,2203,5082,.488,.162,.690,21.1,6.1,5.1,0.6,0.5,0.9,"Feb 11, 1976",Dallas,Texas ,US,NBA,1997-98
John Beasley,7,1968,1974,506,13947,2786,5670,81,256,1256,1512,1359,4257,602,7,10,623,1294,6909,.491,.316,.831,27.6,13.7,8.4,1.2,0.2,0.2,"Feb 5, 1944",Texarkana,Texas ,US,NBA,1967-68
Zelmo Beaty*,12,1963,1975,889,29676,5724,11580,2,13,3757,4873,1286,9665,1365,107,172,726,3244,15207,.494,,.771,33.4,17.1,10.9,1.5,0.7,0.8,"Oct 25, 1939",Hillister,Texas ,US,NBA,1962-63
Mario Bennett,4,1996,2000,68,606,111,208,1,3,46,90,84,182,24,31,22,33,112,269,.534,.333,.511,8.9,4.0,2.7,0.4,0.5,0.3,"Aug 1, 1973",Denton,Texas ,US,NBA,1995-96
Anthony Black,2,2024,2025,124,2517,295,673,76,224,164,233,67,290,272,92,51,155,233,830,.438,.339,.704,20.3,6.7,2.3,2.2,0.7,0.4,"Jan 20, 2004",Duncanville,Texas ,US,NBA,2023-24
Lance Blanks,3,1991,1993,142,1045,116,266,19,75,38,57,31,110,117,39,8,63,122,289,.436,.253,.667,7.4,2.0,0.8,0.8,0.3,0.1,"Sep 9, 1966",Del Rio,Texas ,US,NBA,1990-91
Mookie Blaylock,13,1990,2002,889,31026,4705,11499,1283,3816,1269,1724,1017,3659,5972,2075,300,2067,1687,11962,.409,.336,.736,34.9,13.5,4.1,6.7,2.3,0.3,"Mar 20, 1967",Garland,Texas ,US,NBA,1989-90
Marques Bolden,3,2020,2024,18,153,18,28,0,1,8,12,13,42,4,6,9,5,11,44,.643,.000,.667,8.5,2.4,2.3,0.2,0.3,0.5,"Apr 17, 1998",Dallas,Texas ,US,NBA,2019-20
Chris Bosh*,13,2004,2016,893,31936,6209,12581,305,910,4466,5591,1927,7592,1795,730,932,1807,2159,17189,.494,.335,.799,35.8,19.2,8.5,2.0,0.8,1.0,"Mar 24, 1984",Dallas,Texas ,US,NBA,2003-04
Nate Bowman,6,1967,1972,261,2388,317,817,0,1,111,210,32,878,175,,,17,557,745,.388,,.529,9.1,2.9,3.4,0.7,,,"Mar 19, 1943",Fort Worth,Texas ,US,NBA,1966-67
Price Brookfield,2,1949,1950,61,,187,661,,,102,138,,,137,,,,152,476,.283,,.739,,7.8,,2.2,,,"May 11, 1920",Floydada,Texas ,US,NBA,1948-49
Armoni Brooks,3,2021,2024,84,1468,191,527,145,438,26,35,37,189,97,41,17,52,111,553,.362,.331,.743,17.5,6.6,2.3,1.2,0.5,0.2,"Jun 5, 1998",Waco,Texas ,US,NBA,2020-21
Player,Yrs,0,To,G,MP,FG,FGA,3P,3PA,FT,FTA,ORB,TRB,AST,STL,BLK,TOV,PF,PTS,FG%,3P%,FT%,MP,PTS,TRB,AST,STL,BLK,Date,City,Texas ,US,NBA,-1-
Greg Brown III,3,2022,2024,70,773,97,229,21,71,53,86,43,163,42,30,33,46,108,268,.424,.296,.616,11.0,3.8,2.3,0.6,0.4,0.5,"Sep 1, 2001",Dallas,Texas ,US,NBA,2021-22
David Burns,1,1982,1982,9,87,7,16,0,0,9,15,1,5,15,3,0,13,17,23,.438,,.600,9.7,2.6,0.6,1.7,0.3,0.0,"Jul 3, 1958",Dallas,Texas ,US,NBA,1981-82
Jimmy Butler,14,2012,2025,845,28000,5023,10650,666,2026,4768,5657,1391,4516,3627,1359,373,1361,1176,15480,.472,.329,.843,33.1,18.3,5.3,4.3,1.6,0.4,"Sep 14, 1989",Houston,Texas ,US,NBA,2011-12
Adrian Caldwell,6,1990,1998,197,1603,164,338,0,3,62,137,180,496,33,56,41,126,270,390,.485,.000,.453,8.1,2.0,2.5,0.2,0.3,0.2,"Jul 4, 1966",Falls County,Texas ,US,NBA,1989-90
Joe Caldwell,11,1965,1975,782,25261,5295,11365,18,80,2011,3518,783,4117,2647,385,45,975,2328,12619,.466,,.572,32.3,16.1,5.3,3.4,2.1,0.4,"Nov 1, 1941",Texas City,Texas ,US,NBA,1964-65
Mack Calvin,11,1970,1981,755,21593,3982,8906,64,261,4144,4801,629,1923,3617,485,24,2012,1912,12172,.447,,.863,28.6,16.1,2.5,4.8,1.1,0.1,"Jul 27, 1947",Fort Worth,Texas ,US,NBA,1969-70
Bob Carpenter,2,1950,1951,122,,321,952,,,295,384,,229,171,,,,283,937,.337,,.768,,7.7,4.1,1.4,,,"Nov 6, 1917",Cumby,Texas ,US,NBA,1949-50
Jimmy Carruth,1,1997,1997,4,21,2,3,0,0,1,1,0,4,0,0,2,1,4,5,.667,,1.000,5.3,1.3,1.0,0.0,0.0,0.5,"Nov 4, 1969",El Paso,Texas ,US,NBA,1996-97
Jake Carter,1,1950,1950,24,,23,75,,,36,53,,,24,,,,59,82,.307,,.679,,3.4,,1.0,,,"Jul 25, 1924",Larue,Texas ,US,NBA,1949-50
Alex Caruso,8,2018,2025,398,8916,947,2165,405,1077,393,522,245,1141,1133,530,199,471,826,2692,.437,.376,.753,22.4,6.8,2.9,2.8,1.3,0.5,"Feb 28, 1994",College Station,Texas ,US,NBA,2017-18
Ron Cavenall,2,1985,1989,58,669,30,89,0,0,24,44,53,168,19,12,44,47,125,84,.337,,.545,11.5,1.4,2.9,0.3,0.2,0.8,"Apr 30, 1959",Beaumont,Texas ,US,NBA,1984-85
John Celestand,1,2000,2000,16,185,15,45,2,9,5,6,1,11,20,7,0,16,22,37,.333,.222,.833,11.6,2.3,0.7,1.3,0.4,0.0,"Mar 6, 1977",Houston,Texas ,US,NBA,1999-00
Bill Closs,3,1950,1952,186,1120,605,1918,,,459,639,,605,346,,,,471,1669,.315,,.718,19.6,9.0,5.0,1.9,,,"Jan 8, 1922",Edge,Texas ,US,NBA,1949-50
Joe Cooper,3,1982,1985,24,389,45,89,0,0,19,35,46,97,19,11,21,33,58,109,.506,,.543,16.2,4.5,4.0,0.8,0.5,0.9,"Sep 1, 1957",Houston,Texas ,US,NBA,1981-82
Isaiah Crawford,1,2025,2025,5,18,2,4,0,1,1,2,0,5,0,0,0,0,1,5,.500,.000,.500,3.6,1.0,1.0,0.0,0.0,0.0,"Nov 1, 2001",Fort Worth,Texas ,US,NBA,2024-25
Jarrett Culver,4,2020,2023,144,2480,367,915,92,333,108,212,127,402,173,100,54,136,239,934,.401,.276,.509,17.2,6.5,2.8,1.2,0.7,0.4,"Feb 20, 1999",Dallas,Texas ,US,NBA,2019-20
Cade Cunningham,4,2022,2025,190,6407,1545,3505,370,1090,632,739,147,1021,1386,194,113,713,522,4092,.441,.339,.855,33.7,21.5,5.4,7.3,1.0,0.6,"Sep 25, 2001",Arlington,Texas ,US,NBA,2021-22
Dwight Davis,5,1973,1977,340,8010,1130,2669,,,676,926,402,1991,529,139,149,,1076,2936,.423,,.730,23.6,8.6,5.9,1.6,0.5,0.6,"Oct 28, 1949",Houston,Texas ,US,NBA,1972-73
Walt Davis,5,1954,1958,325,5344,623,1651,,,312,449,,1397,231,,,,915,1558,.377,,.695,16.4,4.8,4.3,0.7,,,"Jan 5, 1931",Beaumont,Texas ,US,NBA,1953-54
Willie Davis,1,1971,1971,8,29,7,15,0,0,4,8,7,13,2,,,3,10,18,.467,,.500,3.6,2.3,1.6,0.3,,,"Aug 9, 1945",Fairfield,Texas ,US,NBA,1970-71
Player,Yrs,0,To,G,MP,FG,FGA,3P,3PA,FT,FTA,ORB,TRB,AST,STL,BLK,TOV,PF,PTS,FG%,3P%,FT%,MP,PTS,TRB,AST,STL,BLK,Date,City,Texas ,US,NBA,-1-
Eric Dawson,1,2012,2012,4,39,7,12,0,0,1,2,5,10,0,1,2,3,6,15,.583,,.500,9.8,3.8,2.5,0.0,0.3,0.5,"Jul 7, 1984",San Antonio,Texas ,US,NBA,2011-12
Michael Doleac,10,1999,2008,587,8789,1246,2838,1,8,389,492,582,1955,343,200,209,376,1315,2882,.439,.125,.791,15.0,4.9,3.3,0.6,0.3,0.4,"Jun 15, 1977",San Antonio,Texas ,US,NBA,1998-99
Damyean Dotson,5,2018,2022,213,4242,603,1446,253,733,135,190,58,532,315,109,20,151,255,1594,.417,.345,.711,19.9,7.5,2.5,1.5,0.5,0.1,"May 6, 1994",Houston,Texas ,US,NBA,2017-18
Mike Dunleavy,15,2003,2017,986,27340,3935,8926,1304,3460,1874,2333,698,4211,2185,719,324,1369,1986,11048,.441,.377,.803,27.7,11.2,4.3,2.2,0.7,0.3,"Sep 15, 1980",Fort Worth,Texas ,US,NBA,2002-03
Pat Durham,2,1993,1995,64,930,123,262,5,26,72,108,42,108,57,37,33,52,120,323,.469,.192,.667,14.5,5.0,1.7,0.9,0.6,0.5,"Mar 10, 1967",Dallas,Texas ,US,NBA,1992-93
Carsen Edwards,3,2020,2022,72,706,98,269,46,155,25,33,11,79,52,21,5,27,63,267,.364,.297,.758,9.8,3.7,1.1,0.7,0.3,0.1,"Mar 12, 1998",Houston,Texas ,US,NBA,2019-20
Lonnie Eggleston,1,1949,1949,2,,1,4,,,2,3,,,1,,,,3,4,.250,,.667,,2.0,,0.5,,,"Jun 8, 1918",Dodd City,Texas ,US,NBA,1948-49
Craig Ehlo,14,1984,1997,873,21071,2977,6579,621,1684,917,1330,996,3139,2456,989,232,1225,1695,7492,.453,.369,.689,24.1,8.6,3.6,2.8,1.1,0.3,"Aug 11, 1961",Lubbock,Texas ,US,NBA,1983-84
Andre Emmett,2,2005,2012,14,73,6,13,0,1,8,13,2,8,1,2,1,3,6,20,.462,.000,.615,5.2,1.4,0.6,0.1,0.1,0.1,"Aug 27, 1982",Dallas,Texas ,US,NBA,2004-05
Earl Evans,1,1980,1980,36,381,63,140,7,18,24,42,26,75,37,14,1,36,64,157,.450,.389,.571,10.6,4.4,2.1,1.0,0.4,0.0,"Nov 11, 1955",Port Arthur,Texas ,US,NBA,1979-80
Alton Ford,3,2002,2004,73,524,70,138,0,0,46,66,35,124,11,6,8,37,115,186,.507,,.697,7.2,2.5,1.7,0.2,0.1,0.1,"May 29, 1981",Houston,Texas ,US,NBA,2001-02
T.J. Ford,8,2004,2012,429,11882,1829,4223,127,439,1012,1242,296,1331,2495,496,55,1047,972,4797,.433,.289,.815,27.7,11.2,3.1,5.8,1.2,0.1,"Mar 24, 1983",Houston,Texas ,US,NBA,2003-04
Courtney Fortson,1,2012,2012,10,95,11,32,3,13,10,15,6,15,10,3,0,10,5,35,.344,.231,.667,9.5,3.5,1.5,1.0,0.3,0.0,"May 23, 1988",San Antonio,Texas ,US,NBA,2011-12
Jeff Foster,13,2000,2012,764,15750,1472,2961,7,54,796,1295,2101,5248,703,507,308,613,1921,3747,.497,.130,.615,20.6,4.9,6.9,0.9,0.7,0.4,"Jan 16, 1977",San Antonio,Texas ,US,NBA,1999-00
Tim Frazier,8,2015,2022,289,5088,515,1286,131,405,251,347,139,654,1142,193,26,379,517,1412,.400,.323,.723,17.6,4.9,2.3,4.0,0.7,0.1,"Nov 1, 1990",Houston,Texas ,US,NBA,2014-15
Marcus Garrett,1,2022,2022,12,128,5,21,1,4,2,5,9,23,7,5,3,2,16,13,.238,.250,.400,10.7,1.1,1.9,0.6,0.4,0.3,"Nov 9, 1998",Dallas,Texas ,US,NBA,2021-22
Frank Gates,1,1950,1950,64,,113,402,,,61,98,,,91,,,,147,287,.281,,.622,,4.5,,1.4,,,"Apr 12, 1920",Huntsville,Texas ,US,NBA,1949-50
Keyonte George,2,2024,2025,121,3473,570,1437,268,788,339,412,34,382,606,68,15,318,174,1747,.397,.340,.823,28.7,14.4,3.2,5.0,0.6,0.1,"Nov 8, 2003",Lewisville,Texas ,US,NBA,2023-24
Daniel Gibson,7,2007,2013,397,9316,1065,2646,578,1419,407,522,142,792,775,243,86,373,811,3115,.402,.407,.780,23.5,7.8,2.0,2.0,0.6,0.2,"Feb 27, 1986",Houston,Texas ,US,NBA,2006-07
Trey Gilder,1,2010,2010,2,5,1,1,0,0,0,0,0,1,0,1,0,0,0,2,1.000,,,2.5,1.0,0.5,0.0,0.5,0.0,"Jan 24, 1985",Dallas,Texas ,US,NBA,2009-10
Player,Yrs,0,To,G,MP,FG,FGA,3P,3PA,FT,FTA,ORB,TRB,AST,STL,BLK,TOV,PF,PTS,FG%,3P%,FT%,MP,PTS,TRB,AST,STL,BLK,Date,City,Texas ,US,NBA,-1-
Ricky Grace,1,1994,1994,3,8,2,3,0,0,0,2,0,1,1,0,0,0,3,4,.667,,.000,2.7,1.3,0.3,0.3,0.0,0.0,"Aug 20, 1967",Dallas,Texas ,US,NBA,1993-94
Gerald Green,12,2006,2019,658,13026,2312,5546,962,2668,826,1010,318,1639,596,335,199,721,1228,6412,.417,.361,.818,19.8,9.7,2.5,0.9,0.5,0.3,"Jan 26, 1986",Houston,Texas ,US,NBA,2005-06
AJ Griffin,2,2023,2024,92,1572,266,595,111,298,44,49,39,171,78,43,14,50,93,687,.447,.372,.898,17.1,7.5,1.9,0.8,0.5,0.2,"Aug 25, 2003",Dallas,Texas ,US,NBA,2022-23
Quentin Grimes,4,2022,2025,221,5204,703,1604,403,1075,199,259,128,641,384,151,57,195,413,2008,.438,.375,.768,23.5,9.1,2.9,1.7,0.7,0.3,"May 8, 2000",Houston,Texas ,US,NBA,2021-22
Jim Hadnot,1,1968,1968,77,3004,488,1045,0,2,368,551,303,936,135,,,169,279,1344,.467,.000,.668,39.0,17.5,12.2,1.8,,,"Jan 15, 1940",Jasper,Texas ,US,NBA,1967-68
Chick Halbert,5,1947,1951,303,,910,2900,,,851,1344,,539,438,,,,814,2671,.314,,.633,,8.8,7.9,1.4,,,"Feb 27, 1919",Albany,Texas ,US,NBA,1946-47
R.J. Hampton,4,2021,2024,170,3116,417,1021,133,394,188,277,72,466,307,90,32,185,221,1155,.408,.338,.679,18.3,6.8,2.7,1.8,0.5,0.2,"Feb 7, 2001",Dallas,Texas ,US,NBA,2020-21
John Hargis,2,1950,1951,89,,271,677,,,224,319,,66,127,,,,228,766,.400,,.702,,8.6,2.3,1.4,,,"Aug 20, 1920",Nacogdoches,Texas ,US,NBA,1949-50
Jalen Harris,1,2021,2021,13,172,36,72,17,36,7,9,3,18,17,8,0,14,15,96,.500,.472,.778,13.2,7.4,1.4,1.3,0.6,0.0,"Aug 14, 1998",Dallas,Texas ,US,NBA,2020-21
Mike Harris,4,2008,2014,54,496,70,151,0,5,43,55,51,116,12,27,12,30,68,183,.464,.000,.782,9.2,3.4,2.1,0.2,0.5,0.2,"Jun 15, 1983",Hillsboro,Texas ,US,NBA,2007-08
Terrel Harris,2,2012,2013,42,455,33,110,8,47,21,31,22,77,35,11,5,42,51,95,.300,.170,.677,10.8,2.3,1.8,0.8,0.3,0.1,"Aug 10, 1987",Dallas,Texas ,US,NBA,2011-12
Aaron Harrison,3,2016,2018,35,343,24,92,12,55,19,31,8,42,16,15,2,7,39,79,.261,.218,.613,9.8,2.3,1.2,0.5,0.4,0.1,"Oct 28, 1994",San Antonio,Texas ,US,NBA,2015-16
Andrew Harrison,3,2017,2019,145,2987,314,842,95,323,289,371,52,287,399,95,49,178,366,1012,.373,.294,.779,20.6,7.0,2.0,2.8,0.7,0.3,"Oct 28, 1994",San Antonio,Texas ,US,NBA,2016-17
Bill Henry,2,1949,1950,95,,185,578,,,243,379,,,103,,,,232,613,.320,,.641,,6.5,,1.1,,,"Dec 27, 1924",Dallas,Texas ,US,NBA,1948-49
Skeeter Henry,1,1994,1994,4,15,1,5,0,2,2,4,0,2,4,0,0,1,1,4,.200,.000,.500,3.8,1.0,0.5,1.0,0.0,0.0,"Dec 8, 1967",Dallas,Texas ,US,NBA,1993-94
Kevin Hervey,1,2020,2020,10,52,7,27,3,20,0,0,1,12,5,1,1,0,4,17,.259,.150,,5.2,1.7,1.2,0.5,0.1,0.1,"Jul 9, 1996",Arlington,Texas ,US,NBA,2019-20
Grant Hill*,18,1995,2013,1026,34776,6345,13126,219,697,4228,5498,1176,6169,4252,1248,576,2459,2377,17137,.483,.314,.769,33.9,16.7,6.0,4.1,1.2,0.6,"Oct 5, 1972",Dallas,Texas ,US,NBA,1994-95
Ron Holland,1,2025,2025,57,888,131,298,29,120,57,71,27,153,48,34,7,49,102,348,.440,.242,.803,15.6,6.1,2.7,0.8,0.6,0.1,"Jul 7, 2005",Duncanville,Texas ,US,NBA,2024-25
Carroll Hooser,1,1968,1968,56,720,128,297,1,1,59,83,,216,29,,,49,139,316,.431,1.000,.711,12.9,5.6,3.9,0.5,,,"Mar 5, 1944",Dallas,Texas ,US,NBA,1967-68
Danuel House Jr.,8,2017,2024,294,6271,734,1692,368,1024,319,419,156,879,335,165,98,214,467,2155,.434,.359,.761,21.3,7.3,3.0,1.1,0.6,0.3,"Jun 7, 1993",Houston,Texas ,US,NBA,2016-17
Player,Yrs,0,To,G,MP,FG,FGA,3P,3PA,FT,FTA,ORB,TRB,AST,STL,BLK,TOV,PF,PTS,FG%,3P%,FT%,MP,PTS,TRB,AST,STL,BLK,Date,City,Texas ,US,NBA,-1-
Stephen Howard,4,1993,1998,120,784,115,239,0,0,106,168,71,173,25,38,28,60,146,336,.481,,.631,6.5,2.8,1.4,0.2,0.3,0.2,"Jul 15, 1970",Dallas,Texas ,US,NBA,1992-93
Josh Huestis,3,2016,2018,76,1068,71,205,39,125,6,25,48,180,23,16,48,29,85,187,.346,.312,.240,14.1,2.5,2.4,0.3,0.2,0.6,"Dec 19, 1991",Webster,Texas ,US,NBA,2015-16
Feron Hunt,1,2022,2022,2,8,0,2,0,0,0,0,1,1,1,1,0,1,1,0,.000,,,4.0,0.0,0.5,0.5,0.5,0.0,"Jul 5, 1999",DeSoto,Texas ,US,NBA,2021-22
Cedric Hunter,1,1992,1992,1,1,0,0,0,0,0,0,0,0,0,0,0,0,0,0,,,,1.0,0.0,0.0,0.0,0.0,0.0,"Jan 16, 1965",Wichita Falls,Texas ,US,NBA,1991-92
Harrison Ingram,1,2025,2025,2,11,0,2,0,1,0,0,0,2,0,0,0,0,1,0,.000,.000,,5.5,0.0,1.0,0.0,0.0,0.0,"Nov 27, 2002",Dallas,Texas ,US,NBA,2024-25
Wes Iwundu,5,2018,2022,226,3827,345,845,74,253,225,282,115,555,208,102,51,120,341,989,.408,.292,.798,16.9,4.4,2.5,0.9,0.5,0.2,"Dec 20, 1994",Houston,Texas ,US,NBA,2017-18
Justin Jackson,7,2018,2024,280,4887,638,1508,236,739,164,206,117,654,285,94,43,118,291,1676,.423,.319,.796,17.5,6.0,2.3,1.0,0.3,0.2,"Mar 28, 1995",Houston,Texas ,US,NBA,2017-18
Luke Jackson,8,1965,1972,522,13783,2004,4824,,,1162,1610,,4613,818,,,,1564,5170,.415,,.722,26.4,9.9,8.8,1.6,,,"Oct 31, 1941",San Marcos,Texas ,US,NBA,1964-65
Stephen Jackson,14,2001,2014,858,27398,4604,11112,1252,3763,2516,3154,674,3328,2634,1109,317,2141,2043,12976,.414,.333,.798,31.9,15.1,3.9,3.1,1.3,0.4,"Apr 5, 1978",Houston,Texas ,US,NBA,2000-01
Daniss Jenkins,1,2025,2025,4,8,0,4,0,4,0,0,0,0,0,0,0,1,1,0,.000,.000,,2.0,0.0,0.0,0.0,0.0,0.0,"Aug 17, 2001",Dallas,Texas ,US,NBA,2024-25
Charles Johnson,7,1973,1979,521,9972,1935,4507,,,371,491,423,1318,973,534,40,160,1022,4241,.429,,.756,19.1,8.1,2.5,1.9,1.2,0.1,"Mar 31, 1949",Corpus Christi,Texas ,US,NBA,1972-73
George Johnson,4,1971,1974,136,2221,212,472,0,0,83,154,146,684,81,8,8,84,351,507,.449,,.539,16.3,3.7,5.0,0.6,0.3,0.3,"Jun 19, 1947",Harleton,Texas ,US,NBA,1970-71
Ivan Johnson,2,2012,2013,125,1969,326,631,3,19,153,231,141,492,78,99,32,140,247,808,.517,.158,.662,15.8,6.5,3.9,0.6,0.8,0.3,"Apr 10, 1984",San Antonio,Texas ,US,NBA,2011-12
Larry Johnson,10,1992,2001,707,25685,4401,9086,367,1104,2281,2978,1794,5300,2298,515,258,1435,1893,11450,.484,.332,.766,36.3,16.2,7.5,3.3,0.7,0.4,"Mar 14, 1969",Tyler,Texas ,US,NBA,1991-92
Steffond Johnson,1,1987,1987,29,234,27,64,0,3,20,38,15,43,5,9,2,18,55,74,.422,.000,.526,8.1,2.6,1.5,0.2,0.3,0.1,"Nov 4, 1962",Longview,Texas ,US,NBA,1986-87
Wesley Johnson,9,2011,2019,609,13472,1629,4028,614,1823,363,490,337,1924,645,468,402,525,1168,4235,.404,.337,.741,22.1,7.0,3.2,1.1,0.8,0.7,"Jul 11, 1987",Corsicana,Texas ,US,NBA,2010-11
Damon Jones,11,1999,2009,657,13461,1517,3730,941,2414,351,483,115,1074,1806,257,20,551,688,4326,.407,.390,.727,20.5,6.6,1.6,2.7,0.4,0.0,"Aug 25, 1976",Galveston,Texas ,US,NBA,1998-99
Dwight Jones,10,1974,1983,766,16452,2459,5216,1,2,1311,1772,1456,4513,911,429,397,771,2077,6230,.471,,.740,21.5,8.1,5.9,1.2,0.6,0.5,"Feb 27, 1952",Houston,Texas ,US,NBA,1973-74
Jalen Jones,2,2018,2019,32,395,52,130,20,54,31,46,24,72,11,14,3,15,49,155,.400,.370,.674,12.3,4.8,2.3,0.3,0.4,0.1,"May 27, 1993",Dallas,Texas ,US,NBA,2017-18
K.C. Jones*,9,1959,1967,676,17501,1919,4961,,,1173,1814,,2399,2908,,,,1816,5011,.387,,.647,25.9,7.4,3.5,4.3,,,"May 25, 1932",Taylor,Texas ,US,NBA,1958-59
Player,Yrs,0,To,G,MP,FG,FGA,3P,3PA,FT,FTA,ORB,TRB,AST,STL,BLK,TOV,PF,PTS,FG%,3P%,FT%,MP,PTS,TRB,AST,STL,BLK,Date,City,Texas ,US,NBA,-1-
Mason Jones,4,2021,2025,47,444,68,159,28,83,55,84,11,78,61,10,1,33,37,219,.428,.337,.655,9.4,4.7,1.7,1.3,0.2,0.0,"Jul 21, 1998",Dallas,Texas ,US,NBA,2020-21
DeAndre Jordan,17,2009,2025,1097,27665,3831,5685,2,13,1755,3695,3163,10696,1028,566,1560,1431,2663,9419,.674,.154,.475,25.2,8.6,9.8,0.9,0.5,1.4,"Jul 21, 1988",Houston,Texas ,US,NBA,2008-09
Greg Kite,12,1984,1995,680,10080,716,1634,1,6,284,584,903,2607,345,171,414,543,1589,1717,.438,.167,.486,14.8,2.5,3.8,0.5,0.3,0.6,"Aug 5, 1961",Houston,Texas ,US,NBA,1983-84
Luke Kornet,8,2018,2025,331,4783,659,1261,148,459,202,253,412,1093,347,112,274,125,386,1668,.523,.322,.798,14.5,5.0,3.3,1.0,0.3,0.8,"Jul 15, 1995",Lantana,Texas ,US,NBA,2017-18
Keith Langford,1,2008,2008,2,10,1,4,0,0,0,0,0,2,0,0,0,0,1,2,.250,,,5.0,1.0,1.0,0.0,0.0,0.0,"Sep 15, 1983",Fort Worth,Texas ,US,NBA,2007-08
Dave Lattin,5,1968,1973,263,4157,741,1554,0,3,422,669,304,1332,184,,,251,695,1904,.477,,.631,15.8,7.2,5.1,0.7,,,"Dec 23, 1943",Houston,Texas ,US,NBA,1967-68
Acie Law,4,2008,2011,188,2385,263,637,27,115,172,221,33,195,309,83,4,145,193,725,.413,.235,.778,12.7,3.9,1.0,1.6,0.4,0.0,"Jan 25, 1985",Dallas,Texas ,US,NBA,2007-08
Grady Lewis,3,1947,1949,139,,273,1082,,,204,343,,,132,,,,421,750,.252,,.595,,5.4,,0.9,,,"Mar 25, 1917",Boyd,Texas ,US,NBA,1946-47
Alton Lister,16,1982,1998,953,18965,2514,4907,1,9,1269,2126,1844,5996,914,351,1473,1450,3179,6298,.512,.111,.597,19.9,6.6,6.3,1.0,0.4,1.5,"Oct 1, 1958",Dallas,Texas ,US,NBA,1981-82
Kenneth Lofton Jr.,2,2023,2024,45,375,85,171,13,41,33,53,31,89,53,11,7,26,52,216,.497,.317,.623,8.3,4.8,2.0,1.2,0.2,0.2,"Aug 14, 2002",Port Arthur,Texas ,US,NBA,2022-23
Sheldon Mac,1,2017,2017,30,287,30,75,7,30,23,27,4,34,15,8,2,5,17,90,.400,.233,.852,9.6,3.0,1.1,0.5,0.3,0.1,"Dec 21, 1992",Houston,Texas ,US,NBA,2016-17
Jack Maddox,1,1949,1949,1,,0,0,,,0,0,,,1,,,,0,0,,,,,0.0,,1.0,,,"Dec 10, 1919",Medicine Mound,Texas ,US,NBA,1948-49
Guy Manning,2,1968,1969,73,1274,233,597,2,8,136,236,21,353,39,,,65,171,604,.390,.250,.576,17.5,8.3,4.8,0.5,,,"Feb 4, 1944",Oakwood,Texas ,US,NBA,1967-68
Cartier Martin,7,2009,2015,243,3351,430,1098,218,586,151,207,88,463,121,97,27,128,317,1229,.392,.372,.729,13.8,5.1,1.9,0.5,0.4,0.1,"Nov 20, 1984",Crockett,Texas ,US,NBA,2008-09
Slater Martin*,11,1950,1960,745,21889,2632,7224,,,2073,2720,,2302,3160,,,,2238,7337,.364,,.762,35.9,9.8,3.4,4.2,,,"Oct 22, 1925",El Mina,Texas ,US,NBA,1949-50
Desmond Mason,10,2001,2010,643,19641,2931,6535,66,254,1839,2485,804,2863,1049,441,230,1032,1432,7767,.449,.260,.740,30.5,12.1,4.5,1.6,0.7,0.4,"Oct 11, 1977",Waxahachie,Texas ,US,NBA,2000-01
Wesley Matthews,15,2010,2024,986,28579,3822,9123,1845,4914,1721,2090,498,2757,1843,925,204,1071,1999,11210,.419,.375,.823,29.0,11.4,2.8,1.9,0.9,0.2,"Oct 14, 1986",San Antonio,Texas ,US,NBA,2009-10
Tyrese Maxey,5,2021,2025,314,10052,2216,4778,694,1807,1023,1182,109,945,1379,286,105,444,629,6149,.464,.384,.865,32.0,19.6,3.0,4.4,0.9,0.3,"Nov 4, 2000",Dallas,Texas ,US,NBA,2020-21
Michael McDonald,1,1998,1998,1,4,0,0,0,0,0,0,1,1,0,0,0,2,1,0,,,,4.0,0.0,1.0,0.0,0.0,0.0,"Feb 13, 1969",Longview,Texas ,US,NBA,1997-98
Ivan McFarlin,1,2007,2007,11,41,5,13,0,1,5,7,7,11,1,0,0,1,8,15,.385,.000,.714,3.7,1.4,1.0,0.1,0.0,0.0,"Apr 26, 1982",Missouri City,Texas ,US,NBA,2006-07
Player,Yrs,0,To,G,MP,FG,FGA,3P,3PA,FT,FTA,ORB,TRB,AST,STL,BLK,TOV,PF,PTS,FG%,3P%,FT%,MP,PTS,TRB,AST,STL,BLK,Date,City,Texas ,US,NBA,-1-
Mike McGee,9,1982,1990,520,9271,2087,4286,306,865,488,817,542,1112,629,371,49,630,1012,4968,.487,.354,.597,17.8,9.6,2.1,1.2,0.7,0.1,"Jul 29, 1959",Tyler,Texas ,US,NBA,1981-82
Billy McGill,5,1963,1970,295,5097,1270,2469,0,0,554,790,200,1286,330,,,233,796,3094,.514,,.701,17.3,10.5,4.4,1.1,,,"Sep 16, 1939",San Angelo,Texas ,US,NBA,1962-63
Cameron McGriff,1,2022,2022,3,46,5,14,2,6,2,2,6,15,3,0,1,0,7,14,.357,.333,1.000,15.3,4.7,5.0,1.0,0.0,0.3,"Sep 30, 1997",Grand Prairie,Texas ,US,NBA,2021-22
Elton McGriff,2,1968,1969,56,864,124,260,0,1,90,152,61,258,10,,,53,150,338,.477,.000,.592,15.4,6.0,4.6,0.2,,,"Aug 21, 1942",Corsicana,Texas ,US,NBA,1967-68
McCoy McLemore,8,1965,1972,580,12221,1947,4943,,,1236,1603,,3161,733,,,,1442,5130,.394,,.771,21.1,8.8,5.5,1.3,,,"Apr 3, 1942",Houston,Texas ,US,NBA,1964-65
George McLeod,1,1953,1953,10,85,2,16,,,8,15,,21,4,,,,16,12,.125,,.533,8.5,1.2,2.1,0.4,,,"Jan 3, 1931",Greenville,Texas ,US,NBA,1952-53
Larry Micheaux,2,1984,1985,96,897,140,247,0,3,50,82,102,256,49,41,32,57,121,330,.567,.000,.610,9.3,3.4,2.7,0.5,0.4,0.3,"Mar 24, 1960",Houston,Texas ,US,NBA,1983-84
Jordan Mickey,3,2016,2018,64,482,62,138,2,17,26,43,37,128,17,9,27,28,53,152,.449,.118,.605,7.5,2.4,2.0,0.3,0.1,0.4,"Jul 9, 1994",Dallas,Texas ,US,NBA,2015-16
C.J. Miles,16,2006,2022,849,17284,2883,7016,1250,3487,1092,1350,363,2011,914,601,254,724,1792,8108,.411,.358,.809,20.4,9.6,2.4,1.1,0.7,0.3,"Mar 18, 1987",Dallas,Texas ,US,NBA,2005-06
Oliver Miller,9,1993,2004,493,11338,1536,2874,5,43,548,858,940,2893,1061,455,758,921,1460,3625,.534,.116,.639,23.0,7.4,5.9,2.2,0.9,1.5,"Apr 6, 1970",Fort Worth,Texas ,US,NBA,1992-93
Murray Mitchell,1,1950,1950,2,,1,3,,,0,0,,,2,,,,1,2,.333,,,,1.0,,1.0,,,"Mar 19, 1923",Huntsville,Texas ,US,NBA,1949-50
Eric Moreland,4,2015,2019,83,898,73,136,1,1,13,33,88,310,83,32,56,50,130,160,.537,1.000,.394,10.8,1.9,3.7,1.0,0.4,0.7,"Dec 24, 1991",Houston,Texas ,US,NBA,2014-15
Elmore Morgenthaler,2,1947,1949,31,,19,52,,,19,30,,,10,,,,21,57,.365,,.633,,1.8,,0.3,,,"Aug 3, 1922",Otto,Texas ,US,NBA,1946-47
Randolph Morris,4,2007,2010,74,438,52,122,0,0,36,66,27,104,7,13,7,30,100,140,.426,,.545,5.9,1.9,1.4,0.1,0.2,0.1,"Jan 2, 1986",Houston,Texas ,US,NBA,2006-07
Johnathan Motley,3,2018,2020,46,373,90,163,2,10,44,75,35,110,26,11,5,30,51,226,.552,.200,.587,8.1,4.9,2.4,0.6,0.2,0.1,"May 4, 1995",Houston,Texas ,US,NBA,2017-18
Toure' Murry,2,2014,2015,56,391,58,134,5,12,25,41,14,45,50,20,1,38,48,146,.433,.417,.610,7.0,2.6,0.8,0.9,0.4,0.0,"Nov 8, 1989",Houston,Texas ,US,NBA,2013-14
Willie Naulls,10,1957,1966,716,20620,4526,11145,,,2253,2774,,6508,1114,,,,2216,11305,.406,,.812,28.8,15.8,9.1,1.6,,,"Oct 7, 1934",Dallas,Texas ,US,NBA,1956-57
RJ Nembhard Jr.,1,2022,2022,14,63,6,18,0,2,3,4,3,7,12,1,0,3,2,15,.333,.000,.750,4.5,1.1,0.5,0.9,0.1,0.0,"Mar 22, 1999",Keller,Texas ,US,NBA,2021-22
Paul Nolen,1,1954,1954,1,2,0,1,,,0,0,,1,0,,,,1,0,.000,,,2.0,0.0,1.0,0.0,,,"Sep 3, 1929",Tulia,Texas ,US,NBA,1953-54
Royce O'Neale,8,2018,2025,576,15208,1438,3375,870,2268,311,403,381,2780,1381,469,255,584,1368,4057,.426,.384,.772,26.4,7.0,4.8,2.4,0.8,0.4,"Jun 5, 1993",Killeen,Texas ,US,NBA,2017-18
Player,Yrs,0,To,G,MP,FG,FGA,3P,3PA,FT,FTA,ORB,TRB,AST,STL,BLK,TOV,PF,PTS,FG%,3P%,FT%,MP,PTS,TRB,AST,STL,BLK,Date,City,Texas ,US,NBA,-1-
Emeka Okafor,10,2005,2018,616,19055,3004,5867,0,2,1362,2325,1954,5967,520,414,1003,984,1696,7370,.512,.000,.586,30.9,12.0,9.7,0.8,0.7,1.6,"Sep 28, 1982",Houston,Texas ,US,NBA,2004-05
Kevin Ollie,13,1998,2010,662,10297,845,2060,9,29,797,1006,146,1018,1501,335,25,492,807,2496,.410,.310,.792,15.6,3.8,1.5,2.3,0.5,0.0,"Dec 27, 1972",Dallas,Texas ,US,NBA,1997-98
Greg Ostertag,11,1996,2006,756,14753,1339,2757,1,10,833,1465,1475,4145,443,189,1293,684,1873,3512,.486,.100,.569,19.5,4.6,5.5,0.6,0.3,1.7,"Mar 6, 1973",Dallas,Texas ,US,NBA,1995-96
Bo Outlaw,15,1994,2008,914,20740,2005,3534,3,38,957,1837,1685,4437,1441,855,1193,1056,2164,4970,.567,.079,.521,22.7,5.4,4.9,1.6,0.9,1.3,"Apr 13, 1971",San Antonio,Texas ,US,NBA,1993-94
Red Owens,2,1950,1952,90,626,169,540,,,132,215,,102,137,,,,244,470,.313,,.614,21.6,5.2,3.5,1.5,,,"Sep 2, 1925",,Texas ,US,NBA,1949-50
Easy Parham,3,1949,1951,133,,263,831,,,186,356,,9,285,,,,294,712,.316,,.522,,5.4,1.3,2.1,,,"Dec 27, 1921",Fort Worth,Texas ,US,NBA,1948-49
Kendrick Perkins,14,2004,2018,782,17162,1705,3219,0,14,804,1353,1305,4532,813,263,903,1233,2142,4214,.530,.000,.594,21.9,5.4,5.8,1.0,0.3,1.2,"Nov 10, 1984",Nederland,Texas ,US,NBA,2003-04
Gene Phillips,2,1972,1973,31,184,30,81,7,20,11,14,4,21,14,,,8,26,78,.370,.350,.786,5.9,2.5,0.7,0.5,,,"Oct 25, 1948",Livingston,Texas ,US,NBA,1971-72
Julian Phillips,2,2024,2025,95,1046,117,266,48,142,51,70,59,147,35,32,21,30,114,333,.440,.338,.729,11.0,3.5,1.5,0.4,0.3,0.2,"Nov 5, 2003",Killeen,Texas ,US,NBA,2023-24
Ricky Pierce,16,1983,1998,969,23665,5391,10925,296,920,3389,3871,864,2296,1826,768,147,1453,2213,14467,.493,.322,.875,24.4,14.9,2.4,1.9,0.8,0.2,"Aug 19, 1959",Dallas,Texas ,US,NBA,1982-83
Dexter Pittman,4,2011,2014,50,347,49,109,0,0,18,33,38,89,9,8,8,22,83,116,.450,,.545,6.9,2.3,1.8,0.2,0.2,0.2,"Mar 2, 1988",Rosenberg,Texas ,US,NBA,2010-11
Phil Pressey,3,2014,2016,148,2015,172,505,48,189,75,119,36,216,433,116,15,161,179,467,.341,.254,.630,13.6,3.2,1.5,2.9,0.8,0.1,"Feb 17, 1991",Dallas,Texas ,US,NBA,2013-14
Ronnie Price,12,2006,2017,544,7293,738,1980,244,808,295,400,176,658,960,424,56,476,922,2015,.373,.302,.738,13.4,3.7,1.2,1.8,0.8,0.1,"Jun 21, 1983",Friendswood,Texas ,US,NBA,2005-06
Taurean Prince,9,2017,2025,557,13668,1962,4600,943,2461,659,812,256,2010,957,442,216,778,1138,5526,.427,.383,.812,24.5,9.9,3.6,1.7,0.8,0.4,"Mar 22, 1994",San Marcos,Texas ,US,NBA,2016-17
Roy Pugh,1,1949,1949,23,,13,51,,,6,19,,,9,,,,17,32,.255,,.316,,1.4,,0.4,,,"Oct 16, 1922",Jacksonville,Texas ,US,NBA,1948-49
Jahmi'us Ramsey,3,2021,2024,39,349,57,137,16,59,17,25,10,45,21,12,2,15,28,147,.416,.271,.680,8.9,3.8,1.2,0.5,0.3,0.1,"Jun 9, 2001",Arlington,Texas ,US,NBA,2020-21
Julius Randle,11,2015,2025,689,22076,4757,10118,813,2450,2807,3730,1367,6348,2601,474,279,1934,2099,13134,.470,.332,.753,32.0,19.1,9.2,3.8,0.7,0.4,"Nov 29, 1994",Dallas,Texas ,US,NBA,2014-15
Cameron Reynolds,2,2019,2021,24,299,39,96,24,63,8,9,6,36,15,6,2,5,28,110,.406,.381,.889,12.5,4.6,1.5,0.6,0.3,0.1,"Feb 7, 1995",Pearland,Texas ,US,NBA,2018-19
Michael Ray Richardson,8,1979,1986,556,18589,3419,7479,124,564,1291,1870,981,3056,3899,1463,206,1854,1859,8253,.457,,.690,33.4,14.8,5.5,7.0,2.6,0.4,"Apr 11, 1955",Lubbock,Texas ,US,NBA,1978-79
Lee Robbins,2,1948,1949,47,,81,285,,,62,110,,,19,,,,117,224,.284,,.564,,4.8,,0.4,,,"Feb 11, 1922",Rockwall,Texas ,US,NBA,1947-48
Player,Yrs,0,To,G,MP,FG,FGA,3P,3PA,FT,FTA,ORB,TRB,AST,STL,BLK,TOV,PF,PTS,FG%,3P%,FT%,MP,PTS,TRB,AST,STL,BLK,Date,City,Texas ,US,NBA,-1-
Lawrence Roberts,2,2006,2007,87,1150,114,252,0,4,106,154,127,310,35,44,15,41,163,334,.452,.000,.688,13.2,3.8,3.6,0.4,0.5,0.2,"Oct 20, 1982",Houston,Texas ,US,NBA,2005-06
Willie Rogers,1,1969,1969,40,294,27,80,0,3,31,52,17,47,16,,,30,51,85,.338,.000,.596,7.4,2.1,1.2,0.4,,,"Sep 11, 1945",Nacogdoches,Texas ,US,NBA,1968-69
Quinton Ross,7,2005,2011,458,8458,764,1824,49,154,286,402,267,947,431,263,129,217,854,1863,.419,.318,.711,18.5,4.1,2.1,0.9,0.6,0.3,"Apr 30, 1981",Dallas,Texas ,US,NBA,2004-05
Rubin Russell,1,1968,1968,26,269,56,158,4,22,25,41,,52,7,,,32,40,141,.354,.182,.610,10.3,5.4,2.0,0.3,,,"Nov 7, 1944",Fort Worth,Texas ,US,NBA,1967-68
Daniel Santiago,4,2001,2005,122,1418,153,326,0,0,111,162,76,260,38,39,47,85,231,417,.469,,.685,11.6,3.4,2.1,0.3,0.3,0.4,"Jun 24, 1976",Lubbock,Texas ,US,NBA,2000-01
Jason Sasser,2,1997,1999,14,108,14,34,1,3,1,2,3,15,4,5,0,4,15,30,.412,.333,.500,7.7,2.1,1.1,0.3,0.4,0.0,"Jan 13, 1974",Denton,Texas ,US,NBA,1996-97
Jeryl Sasser,2,2002,2003,82,1061,67,221,13,44,57,83,67,191,67,48,12,41,94,204,.303,.295,.687,12.9,2.5,2.3,0.8,0.6,0.1,"Feb 13, 1979",Dallas,Texas ,US,NBA,2001-02
Marcus Sasser,2,2024,2025,114,1950,315,721,129,348,81,92,25,177,332,72,16,130,160,840,.437,.371,.880,17.1,7.4,1.6,2.9,0.6,0.1,"Sep 21, 2000",Dallas,Texas ,US,NBA,2023-24
DeWayne Scales,3,1981,1984,49,521,98,235,1,6,27,43,49,140,10,14,5,34,58,224,.417,.167,.628,10.6,4.6,2.9,0.2,0.3,0.1,"Dec 28, 1958",Dallas,Texas ,US,NBA,1980-81
Bill Sharman*,11,1951,1961,711,21793,4761,11188,,,3143,3559,,2793,2101,,,,1925,12665,.426,,.883,32.0,17.8,3.9,3.0,,,"May 25, 1926",Abilene,Texas ,US,NBA,1950-51
Jamal Shead,1,2025,2025,51,880,119,278,43,119,26,35,12,60,181,28,5,75,97,307,.428,.361,.743,17.3,6.0,1.2,3.5,0.5,0.1,"Jun 24, 2002",Austin,Texas ,US,NBA,2024-25
Don Sidle,4,1969,1972,314,8588,1544,3211,4,29,1155,1610,1056,2502,325,,,604,813,4247,.481,.138,.717,27.4,13.5,8.0,1.0,,,"Jun 21, 1946",Dallas,Texas ,US,NBA,1968-69
Xavier Silas,2,2012,2018,4,46,4,18,1,8,2,3,3,6,3,1,0,3,6,11,.222,.125,.667,11.5,2.8,1.5,0.8,0.3,0.0,"Jan 22, 1988",San Antonio,Texas ,US,NBA,2011-12
Jonathon Simmons,4,2016,2019,258,5298,786,1774,145,457,425,562,124,621,483,158,61,343,513,2142,.443,.317,.756,20.5,8.3,2.4,1.9,0.6,0.2,"Sep 14, 1989",Houston,Texas ,US,NBA,2015-16
Brian Skinner,14,1999,2012,608,10910,1194,2419,2,6,486,858,919,2841,288,256,532,519,1270,2876,.494,.333,.566,17.9,4.7,4.7,0.5,0.4,0.9,"May 19, 1976",Temple,Texas ,US,NBA,1998-99
Reggie Slater,8,1995,2003,259,3513,502,1037,0,2,446,709,336,768,145,91,56,244,503,1450,.484,.000,.629,13.6,5.6,3.0,0.6,0.4,0.2,"Aug 27, 1970",Houston,Texas ,US,NBA,1994-95
Marcus Smart,11,2015,2025,621,18463,2222,5737,983,3044,1173,1508,501,2155,2858,980,225,1180,1589,6600,.387,.323,.778,29.7,10.6,3.5,4.6,1.6,0.4,"Mar 6, 1994",Flower Mound,Texas ,US,NBA,2014-15
Charles Smith,5,1998,2006,142,1973,297,726,72,250,63,104,57,200,124,87,70,111,204,729,.409,.288,.606,13.9,5.1,1.4,0.9,0.6,0.5,"Aug 22, 1975",Fort Worth,Texas ,US,NBA,1997-98
LaBradford Smith,3,1992,1994,183,3131,485,1122,31,104,217,267,90,271,394,142,15,216,372,1218,.432,.298,.813,17.1,6.7,1.5,2.2,0.8,0.1,"Apr 3, 1969",Bay City,Texas ,US,NBA,1991-92
Stevin Smith,1,1997,1997,8,60,6,18,1,6,1,1,2,10,4,1,0,4,9,14,.333,.167,1.000,7.5,1.8,1.3,0.5,0.1,0.0,"Jan 24, 1972",Dallas,Texas ,US,NBA,1996-97
Player,Yrs,0,To,G,MP,FG,FGA,3P,3PA,FT,FTA,ORB,TRB,AST,STL,BLK,TOV,PF,PTS,FG%,3P%,FT%,MP,PTS,TRB,AST,STL,BLK,Date,City,Texas ,US,NBA,-1-
Zhaire Smith,2,2019,2020,13,143,17,45,6,19,8,12,3,15,12,5,2,8,12,48,.378,.316,.667,11.0,3.7,1.2,0.9,0.4,0.2,"Jun 4, 1999",Garland,Texas ,US,NBA,2018-19
Ken Spain,1,1971,1971,11,112,8,22,0,0,8,17,11,40,2,,,9,17,24,.364,,.471,10.2,2.2,3.6,0.2,,,"Oct 6, 1946",Houston,Texas ,US,NBA,1970-71
Jim Spruill,1,1949,1949,1,,1,3,,,0,0,,,0,,,,3,2,.333,,,,2.0,,0.0,,,"Feb 26, 1923",Dublin,Texas ,US,NBA,1948-49
Dave Stallworth,8,1966,1975,522,10494,1883,4296,,,1094,1495,58,2453,872,31,7,,1259,4860,.438,,.732,20.1,9.3,4.7,1.7,0.6,0.1,"Dec 20, 1941",Dallas,Texas ,US,NBA,1965-66
D.J. Stephens,2,2014,2019,4,22,4,9,0,0,1,1,1,5,0,1,0,1,0,9,.444,,1.000,5.5,2.3,1.3,0.0,0.3,0.0,"Dec 19, 1990",Killeen,Texas ,US,NBA,2013-14
Fred Taylor,2,1971,1972,88,835,146,401,,,93,157,,140,69,,,,153,385,.364,,.592,9.5,4.4,1.6,0.8,,,"Feb 5, 1948",Houston,Texas ,US,NBA,1970-71
Terry Teagle,11,1983,1993,687,14509,3295,7090,30,143,1362,1719,726,1803,956,517,127,1005,1532,7982,.465,.210,.792,21.1,11.6,2.6,1.4,0.8,0.2,"Apr 10, 1960",Broaddus,Texas ,US,NBA,1982-83
Ira Terrell,2,1977,1979,127,2483,370,743,,,146,229,143,533,144,63,75,53,265,886,.498,,.638,19.6,7.0,4.2,1.1,0.5,0.6,"Jun 19, 1954",Dallas,Texas ,US,NBA,1976-77
Kurt Thomas,18,1996,2013,1110,27160,3836,7894,9,32,1292,1701,1922,7328,1204,724,841,1241,3579,8973,.486,.281,.760,24.5,8.1,6.6,1.1,0.7,0.8,"Oct 4, 1972",Dallas,Texas ,US,NBA,1995-96
Brooks Thompson,4,1995,1998,168,1714,278,679,149,396,55,85,30,158,281,87,5,154,229,760,.409,.376,.647,10.2,4.5,0.9,1.7,0.5,0.0,"Jul 19, 1970",Dallas,Texas ,US,NBA,1994-95
Darren Tillis,2,1983,1984,124,1256,184,435,0,3,57,91,116,314,42,20,90,73,252,425,.423,.000,.626,10.1,3.4,2.5,0.3,0.2,0.7,"Feb 23, 1960",Dallas,Texas ,US,NBA,1982-83
Gary Turner,1,1968,1968,2,21,2,2,0,0,2,3,,3,0,,,2,2,6,1.000,,.667,10.5,3.0,1.5,0.0,,,"Nov 23, 1942",North Fort Worth,Texas ,US,NBA,1967-68
Myles Turner,10,2016,2025,618,17751,3204,6420,701,1947,1530,1986,877,4196,778,425,1359,876,1833,8639,.499,.360,.770,28.7,14.0,6.8,1.3,0.7,2.2,"Mar 24, 1996",Bedford,Texas ,US,NBA,2015-16
B.J. Tyler,1,1995,1995,55,809,72,189,16,51,35,50,13,62,174,36,2,97,58,195,.381,.314,.700,14.7,3.5,1.1,3.2,0.7,0.0,"Apr 30, 1971",Galveston,Texas ,US,NBA,1994-95
Jaylon Tyson,1,2025,2025,37,352,44,96,14,38,14,18,29,77,35,9,2,19,42,116,.458,.368,.778,9.5,3.1,2.1,0.9,0.2,0.1,"Dec 2, 2002",Allen,Texas ,US,NBA,2024-25
Ben Uzoh,2,2011,2012,60,808,96,243,3,9,44,75,49,128,130,30,11,44,60,239,.395,.333,.587,13.5,4.0,2.1,2.2,0.5,0.2,"Mar 19, 1988",Houston,Texas ,US,NBA,2010-11
Jarred Vanderbilt,7,2019,2025,284,5762,688,1218,42,146,275,430,574,1804,408,304,121,276,571,1693,.565,.288,.640,20.3,6.0,6.4,1.4,1.1,0.4,"Apr 3, 1999",Houston,Texas ,US,NBA,2018-19
Cason Wallace,2,2024,2025,130,2995,361,765,146,377,44,56,106,351,237,159,63,80,236,912,.472,.387,.786,23.0,7.0,2.7,1.8,1.2,0.5,"Nov 7, 2003",Dallas,Texas ,US,NBA,2023-24
Keaton Wallace,1,2025,2025,24,416,52,123,23,65,11,11,5,35,55,22,8,28,31,138,.423,.354,1.000,17.3,5.8,1.5,2.3,0.9,0.3,"Feb 26, 1999",Richardson,Texas ,US,NBA,2024-25
Jordan Walsh,2,2024,2025,47,369,26,71,13,48,8,14,18,60,16,14,9,12,30,73,.366,.271,.571,7.9,1.6,1.3,0.3,0.3,0.2,"Mar 3, 2004",DeSoto,Texas ,US,NBA,2023-24
Player,Yrs,0,To,G,MP,FG,FGA,3P,3PA,FT,FTA,ORB,TRB,AST,STL,BLK,TOV,PF,PTS,FG%,3P%,FT%,MP,PTS,TRB,AST,STL,BLK,Date,City,Texas ,US,NBA,-1-
Ja'Kobe Walter,1,2025,2025,38,740,107,262,39,125,37,52,30,99,51,26,7,31,69,290,.408,.312,.712,19.5,7.6,2.6,1.3,0.7,0.2,"Sep 4, 2004",Dallas,Texas ,US,NBA,2024-25
Willie Warren,1,2011,2011,19,134,13,35,5,15,6,8,1,12,27,6,0,8,16,37,.371,.333,.750,7.1,1.9,0.6,1.4,0.3,0.0,"Oct 22, 1989",Dallas,Texas ,US,NBA,2010-11
Julian Washburn,1,2019,2019,18,254,16,48,5,24,3,4,8,41,14,13,2,7,16,40,.333,.208,.750,14.1,2.2,2.3,0.8,0.7,0.1,"Dec 18, 1991",Duncanville,Texas ,US,NBA,2018-19
Spud Webb,12,1986,1998,814,20288,2903,6421,320,1018,1946,2296,324,1742,4342,922,111,1623,1638,8072,.452,.314,.848,24.9,9.9,2.1,5.3,1.1,0.1,"Jul 13, 1963",Dallas,Texas ,US,NBA,1985-86
David Wesley,14,1994,2007,949,30272,4248,10023,1123,3051,2223,2827,526,2405,4159,1280,161,1808,2310,11842,.424,.368,.786,31.9,12.5,2.5,4.4,1.3,0.2,"Nov 14, 1970",San Antonio,Texas ,US,NBA,1993-94
Art Williams,8,1968,1975,548,9418,1183,2884,0,0,526,722,23,1712,2397,51,3,10,1247,2892,.410,,.729,17.2,5.3,3.1,4.4,0.7,0.0,"Sep 29, 1939",Bonham,Texas ,US,NBA,1967-68
Donovan Williams,1,2023,2023,2,4,2,5,0,2,0,0,0,2,0,0,0,0,0,4,.400,.000,,2.0,2.0,1.0,0.0,0.0,0.0,"Sep 6, 2001",Houston,Texas ,US,NBA,2022-23
Grant Williams,6,2020,2025,380,8710,946,2094,446,1184,386,499,362,1393,552,203,200,387,974,2724,.452,.377,.774,22.9,7.2,3.7,1.5,0.5,0.5,"Nov 30, 1998",Houston,Texas ,US,NBA,2019-20
Kenrich Williams,7,2019,2025,367,7294,937,1988,318,872,128,234,463,1513,649,283,96,268,686,2320,.471,.365,.547,19.9,6.3,4.1,1.8,0.8,0.3,"Dec 2, 1994",Waco,Texas ,US,NBA,2018-19
Micheal Williams,10,1989,1999,413,10403,1470,3170,48,211,1545,1780,300,1050,2385,717,95,938,1073,4533,.464,.227,.868,25.2,11.0,2.5,5.8,1.7,0.2,"Jul 23, 1966",Dallas,Texas ,US,NBA,1988-89
Rob Williams,2,1983,1984,153,3367,500,1139,17,62,302,383,91,330,825,173,17,354,489,1319,.439,.274,.789,22.0,8.6,2.2,5.4,1.1,0.1,"May 5, 1961",Houston,Texas ,US,NBA,1982-83
Sean Williams,4,2008,2012,137,1978,229,448,0,1,123,197,183,472,47,47,162,120,324,581,.511,.000,.624,14.4,4.2,3.4,0.3,0.3,1.2,"Sep 13, 1986",Houston,Texas ,US,NBA,2007-08
Jalen Wilson,2,2024,2025,98,2159,250,618,101,318,122,148,107,325,149,41,7,82,163,723,.405,.318,.824,22.0,7.4,3.3,1.5,0.4,0.1,"Nov 4, 2000",Arlington,Texas ,US,NBA,2023-24
Justise Winslow,8,2016,2023,344,8905,1121,2718,229,728,358,561,364,1760,889,307,137,500,794,2829,.412,.315,.638,25.9,8.2,5.1,2.6,0.9,0.4,"Mar 26, 1996",Houston,Texas ,US,NBA,2015-16
Rickie Winslow,1,1988,1988,7,45,3,13,0,1,1,2,3,7,2,1,0,4,9,7,.231,.000,.500,6.4,1.0,1.0,0.3,0.1,0.0,"Jul 26, 1964",Houston,Texas ,US,NBA,1987-88
Bracey Wright,2,2006,2007,26,325,45,111,12,37,27,34,10,39,20,10,1,14,14,129,.405,.324,.794,12.5,5.0,1.5,0.8,0.4,0.0,"Jul 1, 1984",The Colony,Texas ,US,NBA,2005-06
Joe Young,3,2016,2018,127,1077,168,427,40,135,53,69,19,130,119,33,1,64,74,429,.393,.296,.768,8.5,3.4,1.0,0.9,0.3,0.0,"Jun 27, 1992",Houston,Texas ,US,NBA,2015-16
Michael Young,3,1985,1990,49,472,94,202,8,27,27,38,37,88,24,25,3,15,47,223,.465,.296,.711,9.6,4.6,1.8,0.5,0.5,0.1,"Jan 2, 1961",Houston,Texas ,US,NBA,1984-85
Trae Young,7,2019,2025,460,15805,3695,8528,1219,3460,3054,3507,289,1617,4474,478,72,1955,805,11663,.433,.352,.871,34.4,25.4,3.5,9.7,1.0,0.2,"Sep 19, 1998",Lubbock,Texas ,US,NBA,2018-19
Lance Allred,1,2008,2008,3,10,1,4,0,0,1,2,0,1,0,0,0,0,1,3,.250,,.500,3.3,1.0,0.3,0.0,0.0,0.0,"Feb 2, 1981",Salt Lake City,Utah ,US,NBA,2007-08
Devin Brown,8,2003,2010,465,9022,1174,2927,300,888,704,907,336,1288,679,263,58,505,747,3352,.401,.338,.776,19.4,7.2,2.8,1.5,0.6,0.1,"Dec 30, 1978",Salt Lake City,Utah ,US,NBA,2002-03
Branden Carlson,1,2025,2025,19,107,19,39,14,31,2,2,5,26,6,2,6,3,12,54,.487,.452,1.000,5.6,2.8,1.4,0.3,0.1,0.3,"Jun 14, 1999",South Jordan,Utah ,US,NBA,2024-25
Tom Chambers,16,1982,1998,1107,33922,7378,15749,227,740,5066,6274,1942,6703,2283,885,627,2549,3742,20049,.468,.307,.807,30.6,18.1,6.1,2.1,0.8,0.6,"Jun 21, 1959",Ogden,Utah ,US,NBA,1981-82
John Collins,8,2018,2025,469,13650,2904,5320,486,1336,1180,1490,1035,3776,694,286,477,718,1428,7474,.546,.364,.792,29.1,15.9,8.1,1.5,0.6,1.0,"Sep 23, 1997",Layton,Utah ,US,NBA,2017-18
Kyle Collinsworth,1,2018,2018,32,480,38,99,4,17,21,40,32,107,56,17,9,24,44,101,.384,.235,.525,15.0,3.2,3.3,1.8,0.5,0.3,"Oct 3, 1991",Provo,Utah ,US,NBA,2017-18
Bert Cook,1,1955,1955,37,424,42,133,,,34,50,,72,33,,,,39,118,.316,,.680,11.5,3.2,1.9,0.9,,,"Apr 26, 1929",Hooper,Utah ,US,NBA,1954-55
Devin Durrant,2,1985,1986,63,807,122,295,0,3,73,106,51,132,85,22,10,81,116,317,.414,.000,.689,12.8,5.0,2.1,1.3,0.3,0.2,"Oct 20, 1960",Provo,Utah ,US,NBA,1984-85
Arnie Ferrin,3,1949,1951,178,,381,1147,,,275,401,,271,278,,,,509,1037,.332,,.686,,5.8,4.0,1.6,,,"Jul 29, 1925",Salt Lake City,Utah ,US,NBA,1948-49
Ken Gardner,1,1976,1976,9,51,6,18,0,0,2,2,8,13,3,2,1,1,9,14,.333,,1.000,5.7,1.6,1.4,0.3,0.2,0.1,"Sep 27, 1949",Ogden,Utah ,US,NBA,1975-76
Josh Grant,1,1994,1994,53,382,59,146,17,61,22,29,27,89,24,18,8,30,62,157,.404,.279,.759,7.2,3.0,1.7,0.5,0.3,0.2,"Aug 7, 1967",Salt Lake City,Utah ,US,NBA,1993-94
Travis Hansen,1,2004,2004,41,507,46,130,9,30,22,27,30,70,19,10,9,15,67,123,.354,.300,.815,12.4,3.0,1.7,0.5,0.2,0.2,"Apr 15, 1978",Provo,Utah ,US,NBA,2003-04
Britton Johnsen,2,2004,2005,26,377,23,81,1,16,7,16,20,55,16,8,1,17,38,54,.284,.063,.438,14.5,2.1,2.1,0.6,0.3,0.0,"Jul 8, 1979",Salt Lake City,Utah ,US,NBA,2003-04
Jeff Judkins,5,1979,1983,272,3421,596,1248,23,73,267,329,163,427,282,147,26,214,431,1482,.478,,.812,12.6,5.4,1.6,1.0,0.5,0.1,"Mar 23, 1956",Salt Lake City,Utah ,US,NBA,1978-79
Travis Knight,7,1997,2003,371,4566,522,1192,15,58,217,312,441,1160,224,136,220,244,805,1276,.438,.259,.696,12.3,3.4,3.1,0.6,0.4,0.6,"Sep 13, 1974",Salt Lake City,Utah ,US,NBA,1996-97
Steve Kramer,3,1968,1970,124,2288,380,885,1,8,287,368,65,310,236,,,207,315,1048,.429,.125,.780,18.5,8.5,2.5,1.9,,,"Jan 1, 1945",Sandy,Utah ,US,NBA,1967-68
Pace Mannion,6,1984,1989,216,2125,257,623,16,79,130,196,88,259,231,107,21,132,238,660,.413,.203,.663,9.8,3.1,1.2,1.1,0.5,0.1,"Sep 22, 1960",Salt Lake City,Utah ,US,NBA,1983-84
Ariel Maughan,5,1947,1951,259,,744,2659,,,555,780,,141,311,,,,668,2043,.280,,.712,,7.9,4.0,1.2,,,"Feb 23, 1923",Salt Lake City,Utah ,US,NBA,1946-47
Sam Merrill,5,2021,2025,150,2347,321,803,265,695,59,64,53,262,211,65,13,54,184,966,.400,.381,.922,15.6,6.4,1.7,1.4,0.4,0.1,"May 15, 1996",Salt Lake City,Utah ,US,NBA,2020-21
Eric Mika,1,2020,2020,1,19,2,3,0,0,2,2,2,7,0,0,0,0,5,6,.667,,1.000,19.0,6.0,7.0,0.0,0.0,0.0,"Jan 5, 1995",Salt Lake City,Utah ,US,NBA,2019-20
Player,Yrs,0,To,G,MP,FG,FGA,3P,3PA,FT,FTA,ORB,TRB,AST,STL,BLK,TOV,PF,PTS,FG%,3P%,FT%,MP,PTS,TRB,AST,STL,BLK,Date,City,Utah ,US,NBA,-1-
Wat Misaka,1,1948,1948,3,,3,13,,,1,3,,,0,,,,7,7,.231,,.333,,2.3,,0.0,,,"Dec 21, 1923",Ogden,Utah ,US,NBA,1947-48
Scot Pollard,11,1998,2008,506,8372,858,1738,0,2,506,714,901,2351,220,299,352,304,1178,2222,.494,.000,.709,16.5,4.4,4.6,0.4,0.6,0.7,"Feb 12, 1975",Murray,Utah ,US,NBA,1997-98
Fred Roberts,13,1984,1997,818,14703,2257,4496,51,157,1397,1754,834,2308,977,412,253,969,1572,5962,.502,.325,.796,18.0,7.3,2.8,1.2,0.5,0.3,"Aug 14, 1960",Provo,Utah ,US,NBA,1983-84
Byron Scott,14,1984,1997,1073,30152,5918,12268,775,2093,2486,2985,677,2987,2729,1224,276,1597,2051,15097,.482,.370,.833,28.1,14.1,2.8,2.5,1.1,0.3,"Mar 28, 1961",Ogden,Utah ,US,NBA,1983-84
Fred Sheffield,1,1947,1947,22,,29,146,,,16,26,,,4,,,,34,74,.199,,.615,,3.4,,0.2,,,"Nov 5, 1923",Kaysville,Utah ,US,NBA,1946-47
Danny Vranes,7,1982,1988,510,10624,1056,2131,2,19,499,875,763,1998,594,333,270,519,1368,2613,.496,.105,.570,20.8,5.1,3.9,1.2,0.7,0.5,"Oct 29, 1958",Salt Lake City,Utah ,US,NBA,1981-82
Brady Walker,4,1949,1952,228,699,673,1772,,,257,406,,549,328,,,,320,1603,.380,,.633,20.0,7.0,5.4,1.4,,,"Mar 15, 1921",Provo,Utah ,US,NBA,1948-49
C.J. Wilcox,3,2015,2017,66,376,50,135,19,57,13,16,6,31,30,15,4,18,30,132,.370,.333,.813,5.7,2.0,0.5,0.5,0.2,0.1,"Dec 30, 1990",Pleasant Grove,Utah ,US,NBA,2014-15
Cory Alexander,7,1996,2005,307,4847,587,1508,237,669,266,352,78,481,834,263,37,467,514,1677,.389,.354,.756,15.8,5.5,1.6,2.7,0.9,0.1,"Jun 22, 1973",Waynesboro,Virginia ,US,NBA,1995-96
Justin Anderson,6,2016,2022,242,3280,454,1106,159,545,217,280,141,621,184,105,80,141,291,1284,.410,.292,.775,13.6,5.3,2.6,0.8,0.4,0.3,"Nov 19, 1993",Montross,Virginia ,US,NBA,2015-16
Cat Barber,1,2022,2022,3,13,0,4,0,0,0,4,1,3,3,0,0,1,1,0,.000,,.000,4.3,0.0,1.0,1.0,0.0,0.0,"Jul 25, 1994",Newport News,Virginia ,US,NBA,2021-22
Jerrelle Benimon,1,2015,2015,2,3,0,0,0,0,0,0,1,3,0,0,0,1,0,0,,,,1.5,0.0,1.5,0.0,0.0,0.0,"Aug 1, 1991",Warrenton,Virginia ,US,NBA,2014-15
Keith Bogans,11,2004,2014,671,14527,1482,3759,714,2020,579,809,391,1817,866,429,68,574,1223,4257,.394,.353,.716,21.6,6.3,2.7,1.3,0.6,0.1,"May 12, 1980",Alexandria,Virginia ,US,NBA,2003-04
Cal Bowdler,3,2000,2002,142,1383,163,403,2,11,96,125,90,272,29,42,45,43,155,424,.404,.182,.768,9.7,3.0,1.9,0.2,0.3,0.3,"Mar 31, 1977",Sharps,Virginia ,US,NBA,1999-00
Dennis Boyd,1,1979,1979,5,40,3,12,,,0,0,0,2,7,0,0,6,5,6,.250,,,8.0,1.2,0.4,1.4,0.0,0.0,"May 21, 1954",Portsmouth,Virginia ,US,NBA,1978-79
Allan Bristow,10,1974,1983,695,14159,2102,4567,16,57,1230,1536,961,2787,2219,514,42,863,1418,5450,.460,,.801,20.4,7.8,4.0,3.2,0.7,0.1,"Aug 23, 1951",Richmond,Virginia ,US,NBA,1973-74
Bimbo Coles,14,1991,2004,852,20319,2549,5991,252,943,1278,1576,469,1820,3313,735,134,1267,1824,6628,.425,.267,.811,23.8,7.8,2.1,3.9,0.9,0.2,"Apr 22, 1968",Covington,Virginia ,US,NBA,1990-91
Dell Curry,16,1987,2002,1083,23549,5090,11146,1245,3098,1245,1476,599,2617,1909,985,238,1299,1795,12670,.457,.402,.843,21.7,11.7,2.4,1.8,0.9,0.2,"Jun 25, 1964",Harrisonburg,Virginia ,US,NBA,1986-87
Bob Dandridge*,13,1970,1982,839,29502,6445,13317,2,12,2638,3382,908,5715,2846,661,303,630,2940,15530,.484,,.780,35.2,18.5,6.8,3.4,1.3,0.6,"Nov 15, 1947",Richmond,Virginia ,US,NBA,1969-70
Troy Daniels,7,2014,2020,339,5045,767,1914,555,1404,143,179,74,446,185,100,21,187,429,2232,.401,.395,.799,14.9,6.6,1.3,0.5,0.3,0.1,"Jul 15, 1991",Roanoke,Virginia ,US,NBA,2013-14
Jesse Dark,1,1975,1975,47,401,74,157,,,22,40,15,37,30,3,1,,48,170,.471,,.550,8.5,3.6,0.8,0.6,0.1,0.0,"Sep 2, 1951",Richmond,Virginia ,US,NBA,1974-75
Mark Davis,1,1989,1989,33,258,49,102,1,10,28,34,16,37,14,13,5,12,39,127,.480,.100,.824,7.8,3.8,1.1,0.4,0.4,0.2,"Jun 8, 1963",Chesapeake,Virginia ,US,NBA,1988-89
Terry Davis,10,1990,2001,480,10369,1202,2545,3,19,654,1081,1106,2887,273,183,149,518,1176,3061,.472,.158,.605,21.6,6.4,6.0,0.6,0.4,0.3,"Jun 17, 1967",Danville,Virginia ,US,NBA,1989-90
Andre Dawkins,1,2015,2015,4,22,1,6,1,6,0,0,0,2,1,0,0,1,3,3,.167,.167,,5.5,0.8,0.5,0.3,0.0,0.0,"Sep 19, 1991",Fairfax,Virginia ,US,NBA,2014-15
Javin DeLaurier,1,2022,2022,1,3,0,0,0,0,0,0,0,1,0,1,0,0,1,0,,,,3.0,0.0,1.0,0.0,1.0,0.0,"Apr 7, 1998",Shipman,Virginia ,US,NBA,2021-22
Tari Eason,3,2023,2025,141,3144,550,1192,114,329,187,254,322,880,159,198,100,156,332,1401,.461,.347,.736,22.3,9.9,6.2,1.1,1.4,0.7,"May 10, 2001",Portsmouth,Virginia ,US,NBA,2022-23
Roy Ebron,1,1974,1974,40,529,103,211,0,1,43,84,79,176,19,16,32,35,68,249,.488,.000,.512,13.2,6.2,4.4,0.5,0.4,0.8,"Aug 31, 1951",Norfolk,Virginia ,US,NBA,1973-74
Ray Epps,1,1979,1979,13,72,10,23,,,6,8,0,5,2,1,0,2,7,26,.435,,.750,5.5,2.0,0.4,0.2,0.1,0.0,"Aug 20, 1956",Amelia,Virginia ,US,NBA,1978-79
Player,Yrs,0,To,G,MP,FG,FGA,3P,3PA,FT,FTA,ORB,TRB,AST,STL,BLK,TOV,PF,PTS,FG%,3P%,FT%,MP,PTS,TRB,AST,STL,BLK,Date,City,Virginia ,US,NBA,-1-
Dorian Finney-Smith,9,2017,2025,568,15798,1722,3942,869,2413,394,547,853,2582,817,464,256,495,1240,4707,.437,.360,.720,27.8,8.3,4.5,1.4,0.8,0.5,"May 4, 1993",Portsmouth,Virginia ,US,NBA,2016-17
Bill Franklin,3,1973,1976,107,1264,262,631,2,8,131,218,174,400,65,6,5,146,210,657,.415,.250,.601,11.8,6.1,3.7,0.6,0.2,0.1,"Oct 19, 1949",Norfolk,Virginia ,US,NBA,1972-73
Javonte Green,6,2020,2025,245,4262,498,960,116,334,228,302,237,773,176,208,105,127,368,1340,.519,.347,.755,17.4,5.5,3.2,0.7,0.8,0.4,"Jul 23, 1993",Petersburg,Virginia ,US,NBA,2019-20
Devon Hall,1,2020,2020,11,81,6,30,4,17,4,8,2,7,13,4,1,5,6,20,.200,.235,.500,7.4,1.8,0.6,1.2,0.4,0.1,"Jul 7, 1995",Virginia Beach,Virginia ,US,NBA,2019-20
Justin Harper,3,2012,2017,22,150,18,53,8,29,1,3,5,18,4,3,3,12,10,45,.340,.276,.333,6.8,2.0,0.8,0.2,0.1,0.1,"Aug 30, 1989",Richmond,Virginia ,US,NBA,2011-12
Bernie Harris,1,1975,1975,11,25,2,11,,,1,2,2,8,1,0,1,,0,5,.182,,.500,2.3,0.5,0.7,0.1,0.0,0.1,"Nov 26, 1950",Roanoke,Virginia ,US,NBA,1974-75
Gerald Henderson,13,1980,1992,871,18856,3079,6526,203,611,1412,1820,526,1453,3141,939,98,1561,1918,7773,.472,.332,.776,21.6,8.9,1.7,3.6,1.1,0.1,"Jan 16, 1956",Richmond,Virginia ,US,NBA,1979-80
Andre Ingram,2,2018,2019,6,79,8,23,5,12,3,3,2,8,7,4,3,4,3,24,.348,.417,1.000,13.2,4.0,1.3,1.2,0.7,0.5,"Nov 19, 1985",Richmond,Virginia ,US,NBA,2017-18
Allen Iverson*,14,1997,2010,914,37584,8467,19906,1059,3383,6375,8168,745,3394,5624,1983,164,3262,1777,24368,.425,.313,.780,41.1,26.7,3.7,6.2,2.2,0.2,"Jun 7, 1975",Hampton,Virginia ,US,NBA,1996-97
Michael Jackson,3,1988,1990,89,888,76,206,9,33,27,40,20,70,198,28,5,66,96,188,.369,.273,.675,10.0,2.1,0.8,2.2,0.3,0.1,"Jul 13, 1964",Fairfax,Virginia ,US,NBA,1987-88
Keith Jennings,3,1993,1995,164,2955,353,809,136,364,248,291,44,248,614,164,2,201,213,1090,.436,.374,.852,18.0,6.6,1.5,3.7,1.0,0.0,"Nov 2, 1968",Culpepper,Virginia ,US,NBA,1992-93
Keldon Johnson,6,2020,2025,345,9976,1990,4276,551,1559,876,1152,402,1851,749,238,82,463,671,5407,.465,.353,.760,28.9,15.7,5.4,2.2,0.7,0.2,"Oct 11, 1999",Chesterfield,Virginia ,US,NBA,2019-20
Keyontae Johnson,1,2024,2024,9,66,5,16,1,3,0,0,4,10,4,1,0,4,5,11,.313,.333,,7.3,1.2,1.1,0.4,0.1,0.0,"May 24, 2000",Norfolk,Virginia ,US,NBA,2023-24
Jerome Kersey,17,1985,2001,1153,28115,4723,10166,58,288,2321,3364,2330,6339,2134,1439,799,1583,3455,11825,.465,.201,.690,24.4,10.3,5.5,1.9,1.2,0.7,"Jun 26, 1962",Clarksville,Virginia ,US,NBA,1984-85
John Kuester,3,1978,1980,135,1527,173,405,0,1,105,126,27,141,305,83,3,122,180,451,.427,,.833,11.3,3.3,1.0,2.3,0.6,0.0,"Feb 6, 1955",Richmond,Virginia ,US,NBA,1977-78
Jeremy Lamb,10,2013,2022,573,11896,2127,4841,601,1755,950,1109,303,2073,904,417,218,466,924,5805,.439,.342,.857,20.8,10.1,3.6,1.6,0.7,0.4,"May 30, 1992",Henrico,Virginia ,US,NBA,2012-13
Earl Lloyd*,9,1951,1960,560,14477,1766,4955,,,1150,1533,,3609,810,,,,2098,4682,.356,,.750,26.2,8.4,6.4,1.4,,,"Apr 3, 1928",Alexandria,Virginia ,US,NBA,1950-51
George Lynch,12,1994,2005,774,17683,2086,4677,146,477,791,1213,1508,3902,1121,817,258,890,1675,5109,.446,.306,.652,22.8,6.6,5.0,1.4,1.1,0.3,"Sep 3, 1970",Roanoke,Virginia ,US,NBA,1993-94
Vernon Macklin,1,2012,2012,23,135,19,35,0,0,8,14,14,34,5,4,4,3,9,46,.543,,.571,5.9,2.0,1.5,0.2,0.2,0.2,"Sep 20, 1986",Portsmouth,Virginia ,US,NBA,2011-12
Moses Malone*,21,1975,1995,1455,49444,10277,20750,8,83,9018,11864,7382,17834,1936,1199,1889,4264,3477,29580,.495,,.760,34.0,20.3,12.3,1.3,0.8,1.3,"Mar 23, 1955",Petersburg,Virginia ,US,NBA,1974-75
Player,Yrs,0,To,G,MP,FG,FGA,3P,3PA,FT,FTA,ORB,TRB,AST,STL,BLK,TOV,PF,PTS,FG%,3P%,FT%,MP,PTS,TRB,AST,STL,BLK,Date,City,Virginia ,US,NBA,-1-
Kendall Marshall,4,2013,2016,160,3083,315,789,128,346,44,72,23,253,779,107,10,285,180,802,.399,.370,.611,19.3,5.0,1.6,4.9,0.7,0.1,"Aug 19, 1991",Dumfries,Virginia ,US,NBA,2012-13
Frank Mason III,4,2018,2021,103,1616,247,624,53,176,148,196,44,204,272,55,15,117,124,695,.396,.301,.755,15.7,6.7,2.0,2.6,0.5,0.1,"Apr 3, 1994",Petersburg,Virginia ,US,NBA,2017-18
Tony Massenburg,13,1991,2005,683,12291,1638,3484,1,11,961,1363,1054,2964,266,261,322,685,1607,4238,.470,.091,.705,18.0,6.2,4.3,0.4,0.4,0.5,"Jul 31, 1967",Sussex,Virginia ,US,NBA,1990-91
James Michael McAdoo,4,2015,2018,111,874,133,252,5,17,63,118,79,188,37,33,47,42,108,334,.528,.294,.534,7.9,3.0,1.7,0.3,0.3,0.4,"Jan 4, 1993",Norfolk,Virginia ,US,NBA,2014-15
Mac McClung,3,2022,2025,5,71,12,26,5,14,4,6,3,14,12,1,1,6,8,33,.462,.357,.667,14.2,6.6,2.8,2.4,0.2,0.2,"Jan 6, 1999",Gate City,Virginia ,US,NBA,2021-22
Wendell Moore Jr.,3,2023,2025,76,482,54,125,6,38,17,20,18,77,47,23,9,22,35,131,.432,.158,.850,6.3,1.7,1.0,0.6,0.3,0.1,"Sep 18, 2001",Richmond,Virginia ,US,NBA,2022-23
Guy Morgan,1,1983,1983,8,46,7,24,0,0,1,4,6,17,7,2,0,2,7,15,.292,,.250,5.8,1.9,2.1,0.9,0.3,0.0,"Aug 23, 1960",Virginia Beach,Virginia ,US,NBA,1982-83
Isaiah Morris,1,1993,1993,25,102,26,57,0,0,3,4,6,12,4,3,1,8,14,55,.456,,.750,4.1,2.2,0.5,0.2,0.1,0.0,"Apr 2, 1969",Richmond,Virginia ,US,NBA,1992-93
Alonzo Mourning*,15,1993,2008,838,25975,5116,9701,22,89,4057,5862,2184,7137,946,414,2356,2209,2810,14311,.527,.247,.692,31.0,17.1,8.5,1.1,0.5,2.8,"Feb 8, 1970",Chesapeake,Virginia ,US,NBA,1992-93
Johnny Newman,16,1987,2002,1159,28435,4456,9671,600,1786,3228,3984,950,2536,1688,1064,246,1656,3199,12740,.461,.336,.810,24.5,11.0,2.2,1.5,0.9,0.2,"Nov 28, 1963",Danville,Virginia ,US,NBA,1986-87
Jim O'Brien,2,1974,1975,58,665,103,240,6,30,56,75,58,138,87,41,26,81,61,268,.429,.200,.747,11.5,4.6,2.4,1.5,0.7,0.4,"Nov 7, 1951",Falls Church,Virginia ,US,NBA,1973-74
Garland O'Shields,1,1947,1947,9,,2,11,,,0,2,,,1,,,,8,4,.182,,.000,,0.4,,0.1,,,"May 23, 1921",Danville,Virginia ,US,NBA,1946-47
Jim Palmer,3,1959,1961,196,3794,627,1517,,,341,485,,1040,165,,,,563,1595,.413,,.703,19.4,8.1,5.3,0.8,,,"Jun 8, 1933",Keokee,Virginia ,US,NBA,1958-59
Ron Perry,3,1968,1970,187,5032,845,2210,139,405,399,568,107,517,420,,,421,484,2228,.382,.343,.702,26.9,11.9,2.8,2.2,,,"Dec 29, 1943",Garrisonville,Virginia ,US,NBA,1967-68
David Pope,2,1985,1986,33,203,26,73,1,2,9,17,15,29,9,5,4,9,41,62,.356,.500,.529,6.2,1.9,0.9,0.3,0.2,0.1,"Apr 15, 1962",Newport News,Virginia ,US,NBA,1984-85
Paul Pressey,11,1983,1993,724,19659,2855,5890,79,356,1875,2503,901,2798,3715,997,428,1700,2032,7664,.485,.222,.749,27.2,10.6,3.9,5.1,1.4,0.6,"Dec 24, 1958",Richmond,Virginia ,US,NBA,1982-83
Josh Reaves,1,2020,2020,4,28,3,9,0,2,2,2,1,3,3,0,0,0,5,8,.333,.000,1.000,7.0,2.0,0.8,0.8,0.0,0.0,"Jun 4, 1997",Fairfax,Virginia ,US,NBA,2019-20
J.R. Reid,11,1990,2001,672,15370,2168,4594,5,37,1339,1869,1004,3381,639,514,264,947,1977,5680,.472,.135,.716,22.9,8.5,5.0,1.0,0.8,0.4,"Mar 31, 1968",Virginia Beach,Virginia ,US,NBA,1989-90
Devin Robinson,2,2018,2019,8,108,20,35,0,2,9,14,8,25,6,5,6,2,13,49,.571,.000,.643,13.5,6.1,3.1,0.8,0.6,0.8,"Mar 7, 1995",Chesterfield,Virginia ,US,NBA,2017-18
Justin Robinson,3,2020,2022,43,441,40,126,25,80,7,13,6,33,48,12,2,22,39,112,.317,.313,.538,10.3,2.6,0.8,1.1,0.3,0.0,"Oct 12, 1997",Manassas,Virginia ,US,NBA,2019-20
Player,Yrs,0,To,G,MP,FG,FGA,3P,3PA,FT,FTA,ORB,TRB,AST,STL,BLK,TOV,PF,PTS,FG%,3P%,FT%,MP,PTS,TRB,AST,STL,BLK,Date,City,Virginia ,US,NBA,-1-
Ralph Sampson*,9,1984,1992,456,13591,2924,6012,10,58,1181,1786,1174,4011,1038,390,752,1363,1590,7039,.486,.172,.661,29.8,15.4,8.8,2.3,0.9,1.6,"Jul 7, 1960",Harrisonburg,Virginia ,US,NBA,1983-84
Mike Scott,9,2013,2021,555,9182,1434,3168,494,1365,374,494,378,1727,499,182,74,357,822,3736,.453,.362,.757,16.5,6.7,3.1,0.9,0.3,0.1,"Jul 16, 1988",Chesapeake,Virginia ,US,NBA,2012-13
Dereon Seabron,2,2023,2024,11,67,6,18,1,2,5,6,2,8,5,2,1,0,5,18,.333,.500,.833,6.1,1.6,0.7,0.5,0.2,0.1,"May 26, 2000",Norfolk,Virginia ,US,NBA,2022-23
Ed Sherod,1,1983,1983,64,1624,171,421,1,13,52,80,43,149,311,96,14,104,112,395,.406,.077,.650,25.4,6.2,2.3,4.9,1.5,0.2,"Sep 13, 1959",Richmond,Virginia ,US,NBA,1982-83
Jalen Smith,5,2021,2025,258,4174,826,1623,222,653,320,423,420,1351,204,66,180,196,466,2194,.509,.340,.757,16.2,8.5,5.2,0.8,0.3,0.7,"Mar 16, 2000",Portsmouth,Virginia ,US,NBA,2020-21
Joe Smith,16,1996,2011,1030,27022,4325,9512,30,126,2528,3200,2456,6575,1010,606,868,1290,2974,11208,.455,.238,.790,26.2,10.9,6.4,1.0,0.6,0.8,"Jul 26, 1975",Norfolk,Virginia ,US,NBA,1995-96
Rory Sparrow,12,1981,1992,836,22550,3264,7008,101,389,928,1164,441,1755,4192,828,103,1534,1915,7557,.466,.260,.797,27.0,9.0,2.1,5.0,1.0,0.1,"Jun 12, 1958",Suffolk,Virginia ,US,NBA,1980-81
Bruce Spraggins,1,1968,1968,70,1590,306,686,2,5,238,336,,329,66,,,81,173,852,.446,.400,.708,22.7,12.2,4.7,0.9,,,"Aug 31, 1939",Williamsburg,Virginia ,US,NBA,1967-68
Bryant Stith,10,1993,2002,586,16417,2021,4767,306,931,1598,1900,605,1983,1178,594,130,776,1092,5946,.424,.329,.841,28.0,10.1,3.4,2.0,1.0,0.2,"Dec 10, 1970",Emporia,Virginia ,US,NBA,1992-93
Sam Stith,1,1962,1962,32,440,59,162,,,23,38,,51,60,,,,55,141,.364,,.605,13.8,4.4,1.6,1.9,,,"Jul 22, 1937",Greenville County,Virginia ,US,NBA,1961-62
Tom Stith,1,1963,1963,25,209,37,110,,,3,10,,39,18,,,,23,77,.336,,.300,8.4,3.1,1.6,0.7,,,"Jan 21, 1939",Greenville County,Virginia ,US,NBA,1962-63
Julyan Stone,4,2012,2018,70,502,28,63,10,32,14,20,10,77,77,16,8,25,56,80,.444,.313,.700,7.2,1.1,1.1,1.1,0.2,0.1,"Dec 7, 1988",Alexandria,Virginia ,US,NBA,2011-12
Lamont Strothers,2,1992,1993,13,155,24,73,2,15,10,14,9,15,14,9,1,17,15,60,.329,.133,.714,11.9,4.6,1.2,1.1,0.7,0.1,"May 10, 1968",Nansemond County,Virginia ,US,NBA,1991-92
Skeeter Swift,5,1970,1974,283,6839,1218,2738,130,436,713,848,154,631,820,3,0,700,915,3279,.445,.298,.841,24.2,11.6,2.2,2.9,0.2,0.0,"Jun 19, 1946",Alexandria,Virginia ,US,NBA,1969-70
Linton Townes,3,1983,1985,60,543,109,248,9,25,30,40,31,67,32,20,7,34,86,257,.440,.360,.750,9.1,4.3,1.1,0.5,0.3,0.1,"Nov 30, 1959",Richmond,Virginia ,US,NBA,1982-83
Ronnie Valentine,1,1981,1981,24,123,37,98,1,2,9,19,10,30,7,7,4,16,23,84,.378,.500,.474,5.1,3.5,1.3,0.3,0.3,0.2,"Nov 27, 1957",Norfolk,Virginia ,US,NBA,1980-81
Jarvis Varnado,2,2013,2014,37,397,39,67,0,0,29,56,21,72,16,11,31,16,72,107,.582,,.518,10.7,2.9,1.9,0.4,0.3,0.8,"Mar 1, 1988",Fairfax,Virginia ,US,NBA,2012-13
Jimmy Walker,9,1968,1976,698,23590,4624,10039,,,2407,2903,139,1860,2429,253,36,,1735,11655,.461,,.829,33.8,16.7,2.7,3.5,1.1,0.2,"Apr 8, 1944",Amherst,Virginia ,US,NBA,1967-68
Jamie Waller,1,1988,1988,9,91,16,40,0,2,10,18,9,13,3,4,1,11,13,42,.400,.000,.556,10.1,4.7,1.4,0.3,0.4,0.1,"Nov 20, 1964",South Boston,Virginia ,US,NBA,1987-88
Wilson Washington,2,1978,1979,100,1700,318,640,,,95,157,138,450,57,49,104,161,261,731,.497,,.605,17.0,7.3,4.5,0.6,0.5,1.0,"Aug 3, 1955",Norfolk,Virginia ,US,NBA,1977-78
Player,Yrs,0,To,G,MP,FG,FGA,3P,3PA,FT,FTA,ORB,TRB,AST,STL,BLK,TOV,PF,PTS,FG%,3P%,FT%,MP,PTS,TRB,AST,STL,BLK,Date,City,Virginia ,US,NBA,-1-
Briante Weber,3,2016,2018,45,611,58,142,5,26,22,30,24,86,64,39,9,32,56,143,.408,.192,.733,13.6,3.2,1.9,1.4,0.9,0.2,"Dec 29, 1992",Chesapeake,Virginia ,US,NBA,2015-16
Mark West,17,1984,2000,1090,20213,2528,4356,0,4,1203,2117,1785,5347,428,326,1403,1208,3136,6259,.580,.000,.568,18.5,5.7,4.9,0.4,0.3,1.3,"Nov 5, 1960",Petersburg,Virginia ,US,NBA,1983-84
John Wetzel,7,1968,1976,357,4714,465,1085,,,285,352,81,682,494,133,30,,608,1215,.429,,.810,13.2,3.4,1.9,1.4,0.8,0.2,"Oct 22, 1944",Waynesboro,Virginia ,US,NBA,1967-68
Skippy Whitaker,1,1955,1955,3,15,1,6,,,0,0,,1,1,,,,4,2,.167,,,5.0,0.7,0.3,0.3,,,"Aug 29, 1930",Quantico,Virginia ,US,NBA,1954-55
Andrew White,1,2018,2018,15,209,25,73,18,49,1,4,4,34,6,3,1,8,12,69,.342,.367,.250,13.9,4.6,2.3,0.4,0.2,0.1,"Jun 16, 1993",Richmond,Virginia ,US,NBA,2017-18
Mark Williams,3,2023,2025,87,1962,404,656,0,1,199,270,248,723,99,61,92,82,207,1007,.616,.000,.737,22.6,11.6,8.3,1.1,0.7,1.1,"Dec 16, 2001",Norfolk,Virginia ,US,NBA,2022-23
Monty Williams,9,1995,2003,456,7624,1143,2375,4,36,594,893,501,1296,544,251,137,554,897,2884,.481,.111,.665,16.7,6.3,2.8,1.2,0.6,0.3,"Oct 8, 1971",Fredericksburg,Virginia ,US,NBA,1994-95
Reggie Williams,7,2010,2017,206,3736,599,1313,199,545,201,268,105,493,301,88,13,142,241,1598,.456,.365,.750,18.1,7.8,2.4,1.5,0.4,0.1,"Sep 14, 1986",Prince George,Virginia ,US,NBA,2009-10
Troy Williams,3,2017,2019,72,1176,168,374,43,144,50,77,49,191,52,57,22,60,131,429,.449,.299,.649,16.3,6.0,2.7,0.7,0.8,0.3,"Dec 30, 1994",Hampton,Virginia ,US,NBA,2016-17
Othell Wilson,2,1985,1987,127,2049,216,476,6,34,97,130,63,212,424,119,16,172,189,535,.454,.176,.746,16.1,4.2,1.7,3.3,0.9,0.1,"Oct 26, 1961",Alexandria,Virginia ,US,NBA,1984-85
Ricky Wilson,1,1988,1988,24,420,43,110,10,26,29,40,2,27,69,23,3,25,40,125,.391,.385,.725,17.5,5.2,1.1,2.9,1.0,0.1,"Jul 16, 1964",Hampton,Virginia ,US,NBA,1987-88
Paolo Banchero,3,2023,2025,177,6056,1316,2999,246,776,935,1295,194,1229,822,145,106,522,367,3813,.439,.317,.722,34.2,21.5,6.9,4.6,0.8,0.6,"Nov 12, 2002",Seattle,Washington ,US,NBA,2022-23
MarJon Beauchamp,3,2023,2025,129,1448,199,463,86,241,57,81,69,249,76,37,15,86,137,541,.430,.357,.704,11.2,4.2,1.9,0.6,0.3,0.1,"Oct 12, 2000",Yakima,Washington ,US,NBA,2022-23
Byron Beck,10,1968,1977,747,19197,3681,7295,13,44,1228,1515,1635,5261,978,170,43,933,2267,8603,.505,,.811,25.7,11.5,7.0,1.3,0.6,0.1,"Jan 25, 1945",Ellensburg,Washington ,US,NBA,1967-68
Gale Bishop,1,1949,1949,56,,170,523,,,127,195,,,92,,,,137,467,.325,,.651,,8.3,,1.6,,,"Jun 4, 1922",Bellingham,Washington ,US,NBA,1948-49
Avery Bradley,12,2011,2022,660,18151,2914,6715,859,2353,592,756,397,1863,1105,655,128,868,1427,7279,.434,.365,.783,27.5,11.0,2.8,1.7,1.0,0.2,"Nov 26, 1990",Tacoma,Washington ,US,NBA,2010-11
Jon Brockman,3,2010,2012,150,1570,118,242,0,1,84,136,212,472,49,33,9,57,267,320,.488,.000,.618,10.5,2.1,3.1,0.3,0.2,0.1,"Mar 20, 1987",Snohomish,Washington ,US,NBA,2009-10
Aaron Brooks,10,2008,2018,645,13439,2261,5478,820,2218,917,1095,254,1079,1925,359,87,1000,1217,6259,.413,.370,.837,20.8,9.7,1.7,3.0,0.6,0.1,"Jan 14, 1985",Seattle,Washington ,US,NBA,2007-08
Larry Bunce,2,1968,1969,129,3070,386,919,0,1,370,517,74,821,94,,,192,317,1142,.420,.000,.716,23.8,8.9,6.4,0.7,,,"Jul 29, 1945",Tacoma,Washington ,US,NBA,1967-68
Kevin Burleson,1,2006,2006,39,340,22,88,10,54,16,17,4,26,48,26,2,25,63,70,.250,.185,.941,8.7,1.8,0.7,1.2,0.7,0.1,"Sep 4, 1979",Seattle,Washington ,US,NBA,2005-06
Mike Champion,1,1989,1989,2,4,0,3,0,1,0,0,0,0,0,0,0,1,2,0,.000,.000,,2.0,0.0,0.0,0.0,0.0,0.0,"Apr 5, 1964",Everett,Washington ,US,NBA,1988-89
Doug Christie,15,1993,2007,827,26079,3238,7604,805,2272,2020,2460,797,3382,2992,1555,392,1721,2051,9301,.426,.354,.821,31.5,11.2,4.1,3.6,1.9,0.5,"May 9, 1970",Seattle,Washington ,US,NBA,1992-93
John Coker,3,1996,2001,25,141,18,44,0,0,5,6,12,29,3,2,3,4,22,41,.409,,.833,5.6,1.6,1.2,0.1,0.1,0.1,"Oct 28, 1971",Richland,Washington ,US,NBA,1995-96
Jamal Crawford,20,2001,2020,1327,38994,6752,16467,2221,6379,3694,4286,466,2948,4541,1179,271,2476,2008,19419,.410,.348,.862,29.4,14.6,2.2,3.4,0.9,0.2,"Mar 20, 1980",Seattle,Washington ,US,NBA,2000-01
Rod Derline,2,1975,1976,107,1005,215,513,,,88,112,20,86,71,34,5,,69,518,.419,,.786,9.4,4.8,0.8,0.7,0.3,0.0,"Mar 11, 1952",Elma,Washington ,US,NBA,1974-75
James Edwards,19,1978,1996,1168,28356,5802,11724,1,21,3257,4666,1804,6004,1499,420,867,1931,4042,14862,.495,,.698,24.3,12.7,5.1,1.3,0.4,0.7,"Nov 22, 1955",Seattle,Washington ,US,NBA,1977-78
CJ Elleby,2,2021,2022,88,1366,146,374,44,160,71,99,77,259,97,41,22,61,143,407,.390,.275,.717,15.5,4.6,2.9,1.1,0.5,0.3,"Jun 16, 2000",Federal Way,Washington ,US,NBA,2020-21
Malachi Flynn,4,2021,2024,213,3032,422,1090,187,560,137,184,56,369,407,117,23,144,244,1168,.387,.334,.745,14.2,5.5,1.7,1.9,0.5,0.1,"May 10, 1998",Tacoma,Washington ,US,NBA,2020-21
Richie Frahm,4,2004,2008,140,1473,178,433,95,267,51,63,36,164,83,37,10,35,122,502,.411,.356,.810,10.5,3.6,1.2,0.6,0.3,0.1,"Aug 14, 1977",Battle Ground,Washington ,US,NBA,2003-04
Robert Franks,1,2021,2021,7,101,13,28,5,15,12,13,6,14,5,3,3,2,8,43,.464,.333,.923,14.4,6.1,2.0,0.7,0.4,0.4,"Dec 18, 1996",Seattle,Washington ,US,NBA,2020-21
Bernie Fryer,2,1974,1975,120,2370,297,665,0,1,162,206,81,227,357,120,10,17,269,756,.447,,.786,19.8,6.3,1.9,3.0,1.0,0.1,"Dec 25, 1949",Bellingham,Washington ,US,NBA,1973-74
Player,Yrs,0,To,G,MP,FG,FGA,3P,3PA,FT,FTA,ORB,TRB,AST,STL,BLK,TOV,PF,PTS,FG%,3P%,FT%,MP,PTS,TRB,AST,STL,BLK,Date,City,Washington ,US,NBA,-1-
Chuck Gilmur,5,1947,1951,239,,511,1571,,,370,608,,75,348,,,,896,1392,.325,,.609,,5.8,4.7,1.5,,,"Aug 13, 1922",Seattle,Washington ,US,NBA,1946-47
Joe Harris,10,2015,2024,504,12298,1891,3949,1026,2354,377,489,264,1521,790,241,95,522,1009,5185,.479,.436,.771,24.4,10.3,3.0,1.6,0.5,0.2,"Sep 6, 1991",Chelan,Washington ,US,NBA,2014-15
Spencer Hawes,10,2008,2017,684,15541,2451,5363,359,1026,671,937,991,3893,1271,264,652,971,1709,5932,.457,.350,.716,22.7,8.7,5.7,1.9,0.4,1.0,"Apr 28, 1988",Seattle,Washington ,US,NBA,2007-08
Steve Hawes,10,1975,1984,688,15831,2337,4836,14,47,1080,1367,1232,4272,1288,518,314,821,1886,5768,.483,,.790,23.0,8.4,6.2,1.9,0.8,0.5,"May 26, 1950",Seattle,Washington ,US,NBA,1974-75
Mark Hendrickson,4,1997,2000,114,1508,134,322,3,18,110,137,98,316,63,50,15,63,139,381,.416,.167,.803,13.2,3.3,2.8,0.6,0.4,0.1,"Jun 23, 1974",Mount Vernon,Washington ,US,NBA,1996-97
Michael Holton,6,1985,1990,325,5836,796,1805,28,109,396,491,131,459,977,208,30,409,577,2016,.441,.257,.807,18.0,6.2,1.4,3.0,0.6,0.1,"Aug 4, 1961",Seattle,Washington ,US,NBA,1984-85
George Irvine,6,1971,1976,325,6451,1274,2462,37,135,508,615,341,959,428,60,28,399,842,3093,.517,.274,.826,19.8,9.5,3.0,1.3,0.4,0.2,"Feb 1, 1948",Seattle,Washington ,US,NBA,1970-71
Cory Jefferson,2,2015,2016,58,581,84,189,2,16,35,60,53,161,16,10,22,20,69,205,.444,.125,.583,10.0,3.5,2.8,0.3,0.2,0.4,"Dec 26, 1990",Tacoma,Washington ,US,NBA,2014-15
Isaac Jones,1,2025,2025,25,218,38,58,1,4,14,26,14,38,8,3,8,12,26,91,.655,.250,.538,8.7,3.6,1.5,0.3,0.1,0.3,"Jul 11, 2000",Spanaway,Washington ,US,NBA,2024-25
Corey Kispert,4,2022,2025,282,7326,1132,2380,562,1467,299,372,149,794,411,134,57,259,413,3125,.476,.383,.804,26.0,11.1,2.8,1.5,0.5,0.2,"Mar 3, 1999",Edmonds,Washington ,US,NBA,2021-22
Zach LaVine,11,2015,2025,629,20548,4639,9932,1444,3744,2293,2754,285,2575,2507,559,182,1657,1333,13015,.467,.386,.833,32.7,20.7,4.1,4.0,0.9,0.3,"Mar 10, 1995",Renton,Washington ,US,NBA,2014-15
Rich Manning,2,1996,1997,55,512,81,195,2,5,18,28,32,94,10,7,8,24,66,182,.415,.400,.643,9.3,3.3,1.7,0.2,0.1,0.1,"Jun 23, 1970",Tacoma,Washington ,US,NBA,1995-96
Jaden McDaniels,5,2021,2025,342,9697,1361,2835,419,1200,323,432,368,1387,504,305,283,389,1058,3464,.480,.349,.748,28.4,10.1,4.1,1.5,0.9,0.8,"Sep 29, 2000",Federal Way,Washington ,US,NBA,2020-21
Jalen McDaniels,6,2020,2025,249,4549,635,1414,174,540,255,328,178,829,292,165,84,215,485,1699,.449,.322,.777,18.3,6.8,3.3,1.2,0.7,0.3,"Jan 31, 1998",Federal Way,Washington ,US,NBA,2019-20
JaQuori McLaughlin,1,2022,2022,4,11,0,2,0,1,0,0,0,0,2,0,0,0,1,0,.000,.000,,2.8,0.0,0.0,0.5,0.0,0.0,"Jan 29, 1998",Port Angeles,Washington ,US,NBA,2021-22
Paul Mokeski,12,1980,1991,694,9739,1099,2437,11,51,555,800,709,2342,500,228,307,585,1818,2764,.451,.216,.694,14.0,4.0,3.4,0.7,0.3,0.4,"Jan 3, 1957",Spokane,Washington ,US,NBA,1979-80
Darren Morningstar,1,1994,1994,23,367,39,82,0,0,18,30,31,81,15,14,2,19,70,96,.476,,.600,16.0,4.2,3.5,0.7,0.6,0.1,"Apr 22, 1969",Stevenson,Washington ,US,NBA,1993-94
Dejounte Murray,8,2017,2025,503,14745,3106,6853,604,1776,987,1249,455,2925,2718,741,139,1061,901,7803,.453,.340,.790,29.3,15.5,5.8,5.4,1.5,0.3,"Sep 19, 1996",Seattle,Washington ,US,NBA,2016-17
Jack Nichols,9,1949,1958,505,10703,2022,5493,,,1225,1628,,2793,965,,,,1518,5269,.368,,.752,26.9,10.4,6.9,1.9,,,"Apr 9, 1926",Wenatchee,Washington ,US,NBA,1948-49
Jaylen Nowell,6,2020,2025,205,3519,697,1577,197,624,224,283,92,445,380,99,34,147,281,1815,.442,.316,.792,17.2,8.9,2.2,1.9,0.5,0.2,"Jul 9, 1999",Seattle,Washington ,US,NBA,2019-20
Player,Yrs,0,To,G,MP,FG,FGA,3P,3PA,FT,FTA,ORB,TRB,AST,STL,BLK,TOV,PF,PTS,FG%,3P%,FT%,MP,PTS,TRB,AST,STL,BLK,Date,City,Washington ,US,NBA,-1-
Marty Passaglia,2,1947,1949,53,,65,278,,,21,36,,,26,,,,61,151,.234,,.583,,2.8,,0.5,,,"Apr 22, 1919",Gate,Washington ,US,NBA,1946-47
Gary Payton II,9,2017,2025,253,3705,557,1010,113,344,89,143,221,704,285,238,73,151,430,1316,.551,.328,.622,14.6,5.2,2.8,1.1,0.9,0.3,"Dec 1, 1992",Seattle,Washington ,US,NBA,2016-17
Kevin Porter Jr.,5,2020,2025,246,6896,1259,2921,426,1226,532,740,191,1017,1145,267,72,654,586,3476,.431,.347,.719,28.0,14.1,4.1,4.7,1.1,0.3,"May 4, 2000",Seattle,Washington ,US,NBA,2019-20
Brian Quinnett,3,1990,1992,138,1530,201,485,28,86,44,65,90,224,76,41,25,72,159,474,.414,.326,.677,11.1,3.4,1.6,0.6,0.3,0.2,"May 30, 1966",Pullman,Washington ,US,NBA,1989-90
Mark Radford,2,1982,1983,97,808,138,272,6,21,65,142,25,76,161,50,6,116,143,347,.507,.286,.458,8.3,3.6,0.8,1.7,0.5,0.1,"Jul 5, 1959",Tacoma,Washington ,US,NBA,1981-82
Blair Rasmussen,8,1986,1993,532,11409,2248,4767,9,35,614,801,913,3006,467,210,484,460,1623,5119,.472,.257,.767,21.4,9.6,5.7,0.9,0.4,0.9,"Nov 13, 1962",Auburn,Washington ,US,NBA,1985-86
Craig Raymond,5,1969,1973,241,4692,666,1472,0,5,326,517,295,1510,327,,,455,576,1658,.452,,.631,19.5,6.9,6.3,1.4,,,"Apr 5, 1945",Aberdeen,Washington ,US,NBA,1968-69
Clint Richardson,8,1980,1987,586,11818,1742,3761,11,45,589,765,533,1378,1461,360,105,751,1019,4084,.463,.244,.770,20.2,7.0,2.4,2.5,0.6,0.2,"Aug 7, 1956",Seattle,Washington ,US,NBA,1979-80
Nate Robinson,11,2006,2016,618,13878,2458,5811,811,2255,1080,1357,385,1446,1826,543,42,876,1482,6807,.423,.360,.796,22.5,11.0,2.3,3.0,0.9,0.1,"May 31, 1984",Seattle,Washington ,US,NBA,2005-06
Brandon Roy,6,2007,2013,326,11561,2224,4849,322,925,1366,1707,347,1388,1517,335,76,595,630,6136,.459,.348,.800,35.5,18.8,4.3,4.7,1.0,0.2,"Jul 23, 1984",Seattle,Washington ,US,NBA,2006-07
Dale Schlueter,10,1969,1978,586,9624,1176,2366,,,778,1147,225,3034,920,67,91,15,1367,3130,.497,,.678,16.4,5.3,5.2,1.6,0.3,0.4,"Nov 12, 1945",Tacoma,Washington ,US,NBA,1968-69
Peyton Siva,1,2014,2014,24,224,18,57,7,25,11,15,2,14,34,9,1,18,27,54,.316,.280,.733,9.3,2.3,0.6,1.4,0.4,0.0,"Oct 24, 1990",Seattle,Washington ,US,NBA,2013-14
David Stockton,2,2015,2018,6,42,4,9,3,5,7,10,0,2,9,2,0,5,4,18,.444,.600,.700,7.0,3.0,0.3,1.5,0.3,0.0,"Jun 24, 1991",Spokane,Washington ,US,NBA,2014-15
John Stockton*,19,1985,2003,1504,47764,7039,13658,845,2203,4788,5796,966,4051,15806,3265,315,4244,3942,19711,.515,.384,.826,31.8,13.1,2.7,10.5,2.2,0.2,"Mar 26, 1962",Spokane,Washington ,US,NBA,1984-85
Randy Stoll,1,1968,1968,25,403,66,138,0,0,10,25,,91,12,,,28,42,142,.478,,.400,16.1,5.7,3.6,0.5,,,,Seattle,Washington ,US,NBA,1967-68
John Stroeder,2,1988,1989,46,293,31,84,0,2,20,30,29,85,23,3,14,27,51,82,.369,.000,.667,6.4,1.8,1.8,0.5,0.1,0.3,"Jul 24, 1958",Bremerton,Washington ,US,NBA,1987-88
Rodney Stuckey,10,2008,2017,651,17890,2904,6870,276,921,2101,2551,419,1912,2333,568,94,1181,1346,8185,.423,.300,.824,27.5,12.6,2.9,3.6,0.9,0.1,"Apr 21, 1986",Seattle,Washington ,US,NBA,2007-08
Jason Terry,19,2000,2018,1410,42034,6914,15585,2282,6010,2771,3278,502,3274,5415,1603,275,2415,2577,18881,.444,.380,.845,29.8,13.4,2.3,3.8,1.1,0.2,"Sep 15, 1977",Seattle,Washington ,US,NBA,1999-00
Isaiah Thomas,12,2012,2024,556,15582,3170,7301,1044,2880,2339,2682,284,1321,2641,472,61,1242,1146,9723,.434,.363,.872,28.0,17.5,2.4,4.8,0.8,0.1,"Feb 7, 1989",Tacoma,Washington ,US,NBA,2011-12
Allonzo Trier,2,2019,2020,88,1750,283,624,71,185,213,266,37,226,147,31,18,138,146,850,.454,.384,.801,19.9,9.7,2.6,1.7,0.4,0.2,"Jan 17, 1996",Seattle,Washington ,US,NBA,2018-19
Player,Yrs,0,To,G,MP,FG,FGA,3P,3PA,FT,FTA,ORB,TRB,AST,STL,BLK,TOV,PF,PTS,FG%,3P%,FT%,MP,PTS,TRB,AST,STL,BLK,Date,City,Washington ,US,NBA,-1-
Bryan Warrick,4,1983,1986,169,2379,262,592,5,24,148,198,40,218,437,80,19,214,304,677,.443,.208,.747,14.1,4.0,1.3,2.6,0.5,0.1,"Jul 22, 1959",Moses Lake,Washington ,US,NBA,1982-83
Martell Webster,10,2006,2015,580,13914,1696,4062,790,2067,874,1105,352,1811,588,299,160,536,1055,5056,.418,.382,.791,24.0,8.7,3.1,1.0,0.5,0.3,"Dec 4, 1986",Edmonds,Washington ,US,NBA,2005-06
Jacob Wiley,1,2018,2018,5,33,1,4,1,2,1,2,2,11,2,1,0,0,4,4,.250,.500,.500,6.6,0.8,2.2,0.4,0.2,0.0,"Sep 4, 1994",Bellevue,Washington ,US,NBA,2017-18
Marcus Williams,2,2008,2009,13,39,7,22,0,0,0,0,4,12,3,1,1,0,4,14,.318,,,3.0,1.1,0.9,0.2,0.1,0.1,"Nov 18, 1986",Seattle,Washington ,US,NBA,2007-08
Marvin Williams,15,2006,2020,1072,30159,3928,8872,1046,2894,2063,2554,1276,5546,1373,824,577,1021,2155,10965,.443,.361,.808,28.1,10.2,5.2,1.3,0.8,0.5,"Jun 19, 1986",Bremerton,Washington ,US,NBA,2005-06
Milt Williams,4,1971,1975,72,740,97,222,0,0,64,95,23,64,137,35,0,10,113,258,.437,,.674,10.3,3.6,0.9,1.9,0.6,0.0,"Nov 22, 1945",Seattle,Washington ,US,NBA,1970-71
Terrence Williams,4,2010,2013,153,2922,437,1061,58,183,153,232,67,545,364,83,19,222,199,1085,.412,.317,.659,19.1,7.1,3.6,2.4,0.5,0.1,"Jun 28, 1987",Seattle,Washington ,US,NBA,2009-10
David Wood,7,1989,1997,412,5551,567,1263,111,328,357,455,388,1004,291,164,76,236,933,1602,.449,.338,.785,13.5,3.9,2.4,0.7,0.4,0.2,"Nov 30, 1964",Spokane,Washington ,US,NBA,1988-89
Tom Workman,4,1968,1971,125,1311,290,649,4,23,190,241,101,325,75,,,111,216,774,.447,,.788,10.5,6.2,2.6,0.6,,,"Nov 14, 1944",Seattle,Washington ,US,NBA,1967-68
Tony Wroten,4,2013,2016,145,3076,575,1393,84,363,370,572,106,363,437,137,28,375,268,1604,.413,.231,.647,21.2,11.1,2.5,3.0,0.9,0.2,"Apr 13, 1993",Seattle,Washington ,US,NBA,2012-13
Phil Zevenbergen,1,1988,1988,8,58,15,27,0,0,0,2,4,13,3,3,1,4,12,30,.556,,.000,7.3,3.8,1.6,0.4,0.4,0.1,"Apr 13, 1964",Seattle,Washington ,US,NBA,1987-88
Jerome Anderson,2,1976,1977,49,290,51,104,,,25,36,13,25,16,9,5,,51,127,.490,,.694,5.9,2.6,0.5,0.3,0.2,0.1,"Oct 9, 1953",Mullens,West Virginia ,US,NBA,1975-76
Mike Barrett,3,1970,1973,187,5300,974,2215,94,303,458,614,277,592,730,,,517,473,2500,.440,.310,.746,28.3,13.4,3.2,3.9,,,"Sep 5, 1943",Montgomery,West Virginia ,US,NBA,1969-70
Jalen Bridges,1,2025,2025,5,25,1,4,1,4,1,2,0,3,0,0,0,4,0,4,.250,.250,.500,5.0,0.8,0.6,0.0,0.0,0.0,"May 14, 2001",Fairmont,West Virginia ,US,NBA,2024-25
Mike D'Antoni,4,1974,1977,180,2656,261,631,0,4,83,113,57,262,363,215,41,47,373,605,.414,,.735,14.8,3.4,1.5,2.0,1.2,0.2,"May 8, 1951",Mullens,West Virginia ,US,NBA,1973-74
Henry Dickerson,2,1976,1977,23,175,15,41,,,15,24,3,5,19,3,1,,30,45,.366,,.625,7.6,2.0,0.2,0.8,0.1,0.0,"Nov 27, 1951",Berkley,West Virginia ,US,NBA,1975-76
Donte Grantham,1,2019,2019,3,2,0,2,0,2,0,0,0,0,0,0,0,0,0,0,.000,.000,,0.7,0.0,0.0,0.0,0.0,0.0,"Mar 19, 1995",Martinsburg,West Virginia ,US,NBA,2018-19
Hal Greer*,15,1959,1973,1122,39788,8504,18811,,,4578,5717,,5665,4540,,,,3855,21586,.452,,.801,35.5,19.2,5.0,4.0,,,"Jun 26, 1936",Huntington,West Virginia ,US,NBA,1958-59
Gary Gregor,6,1969,1974,361,8305,1416,3251,3,4,392,541,62,2286,482,4,1,51,870,3227,.436,,.725,23.0,8.9,6.3,1.3,0.2,0.0,"Aug 13, 1945",Charlestown,West Virginia ,US,NBA,1968-69
Marshall Hawkins,1,1950,1950,39,,55,195,,,42,61,,,51,,,,87,152,.282,,.689,,3.9,,1.3,,,"Aug 3, 1924",Huntington,West Virginia ,US,NBA,1949-50
Hot Rod Hundley,6,1958,1963,431,9553,1382,3978,,,861,1195,,1420,1455,,,,786,3625,.347,,.721,22.2,8.4,3.3,3.4,,,"Oct 26, 1934",Charleston,West Virginia ,US,NBA,1957-58
Dave Jamerson,3,1991,1994,90,594,122,311,13,47,49,57,31,77,61,23,1,45,63,306,.392,.277,.860,6.6,3.4,0.9,0.7,0.3,0.0,"Aug 13, 1967",Clarksburg,West Virginia ,US,NBA,1990-91
Dwayne Jones,5,2006,2010,82,636,33,65,0,1,41,83,86,191,12,11,29,26,112,107,.508,.000,.494,7.8,1.3,2.3,0.1,0.1,0.4,"Jun 9, 1983",Morgantown,West Virginia ,US,NBA,2005-06
Earl Jones,2,1985,1986,14,50,5,13,0,0,3,4,4,10,4,0,1,8,13,13,.385,,.750,3.6,0.9,0.7,0.3,0.0,0.1,"Jan 13, 1961",Oak Hill,West Virginia ,US,NBA,1984-85
George King,6,1952,1958,411,13408,1517,3971,,,1185,1847,,1606,1958,,,,1044,4219,.382,,.642,32.6,10.3,3.9,4.8,,,"Aug 16, 1928",Fayetteville,West Virginia ,US,NBA,1951-52
Freddie Lewis,11,1967,1977,750,24924,4302,9965,275,983,3154,3859,916,2752,2979,373,23,1760,2123,12033,.432,,.817,33.2,16.0,3.7,4.0,1.5,0.1,"Jul 1, 1943",Huntington,West Virginia ,US,NBA,1966-67
O.J. Mayo,8,2009,2016,547,16919,2808,6547,854,2287,1104,1346,285,1706,1607,559,141,1130,1239,7574,.429,.373,.820,30.9,13.8,3.1,2.9,1.0,0.3,"Nov 5, 1987",Huntington,West Virginia ,US,NBA,2008-09
Dick Mehen,3,1950,1952,193,2294,832,2182,,,405,571,,505,480,,,,561,2069,.381,,.709,35.3,10.7,3.9,2.5,,,"May 20, 1922",Wheeling,West Virginia ,US,NBA,1949-50
Al Salvadori,1,1968,1968,17,186,21,58,1,1,11,16,,46,4,,,12,28,54,.362,1.000,.688,10.9,3.2,2.7,0.2,,,"May 6, 1945",Wheeling,West Virginia ,US,NBA,1967-68
Kevin Salvadori,2,1997,1998,39,241,13,46,0,0,16,24,11,45,13,2,24,17,29,42,.283,,.667,6.2,1.1,1.2,0.3,0.1,0.6,"Dec 30, 1970",Wheeling,West Virginia ,US,NBA,1996-97
Tamar Slay,3,2003,2005,66,517,73,202,13,49,14,26,24,70,31,26,4,39,71,173,.361,.265,.538,7.8,2.6,1.1,0.5,0.4,0.1,"Apr 2, 1980",Beckley,West Virginia ,US,NBA,2002-03
Player,Yrs,0,To,G,MP,FG,FGA,3P,3PA,FT,FTA,ORB,TRB,AST,STL,BLK,TOV,PF,PTS,FG%,3P%,FT%,MP,PTS,TRB,AST,STL,BLK,Date,City,West Virginia ,US,NBA,-1-
Rod Thorn*,8,1964,1971,466,10376,1939,4479,,,1134,1569,,1463,1214,,,,784,5012,.433,,.723,22.3,10.8,3.1,2.6,,,"May 23, 1941",Princeton,West Virginia ,US,NBA,1963-64
Andy Tonkovich,1,1949,1949,17,,19,71,,,6,9,,,10,,,,12,44,.268,,.667,,2.6,,0.6,,,"Nov 1, 1922",Barrackville,West Virginia ,US,NBA,1948-49
Henry Walker,5,2009,2015,181,3016,386,865,190,515,117,154,55,401,153,93,27,142,375,1079,.446,.369,.760,16.7,6.0,2.2,0.8,0.5,0.1,"Oct 9, 1987",Huntington,West Virginia ,US,NBA,2008-09
Jerry West*,14,1961,1974,932,36571,9016,19032,,,7160,8801,30,5366,6238,81,23,,2435,25192,.474,,.814,39.2,27.0,5.8,6.7,2.6,0.7,"May 28, 1938",Chelyan,West Virginia ,US,NBA,1960-61
Deron Williams,12,2006,2017,845,28865,4874,10964,1178,3296,2878,3502,353,2619,6819,867,206,2402,2132,13804,.445,.357,.822,34.2,16.3,3.1,8.1,1.0,0.2,"Jun 26, 1984",Parkersburg,West Virginia ,US,NBA,2005-06
Jason Williams,12,1999,2011,788,23188,3065,7699,1238,3784,898,1104,192,1810,4611,933,60,1643,1100,8266,.398,.327,.813,29.4,10.5,2.3,5.9,1.2,0.1,"Nov 18, 1975",Belle,West Virginia ,US,NBA,1998-99
Ron Williams,8,1969,1976,516,11478,1858,4214,,,1081,1298,31,971,1818,75,4,,1303,4797,.441,,.833,22.2,9.3,1.9,3.5,0.6,0.0,"Sep 24, 1944",Weirton,West Virginia ,US,NBA,1968-69
Bob Wilson,1,1952,1952,63,1308,79,264,,,78,135,,210,108,,,,172,236,.299,,.578,20.8,3.7,3.3,1.7,,,"Mar 8, 1926",Clarksburg,West Virginia ,US,NBA,1951-52
Mark Workman,2,1953,1954,79,1181,155,468,,,76,123,,230,44,,,,197,386,.331,,.618,14.9,4.9,2.9,0.6,,,"Mar 10, 1930",Charleston,West Virginia ,US,NBA,1952-53
Ochai Agbaji,3,2023,2025,188,4251,550,1229,219,634,121,167,162,526,230,106,87,144,314,1440,.448,.345,.725,22.6,7.7,2.8,1.2,0.6,0.5,"Apr 20, 2000",Milwaukee,Wisconsin ,US,NBA,2022-23
Bob Anderegg,1,1960,1960,33,373,55,143,,,23,42,,69,29,,,,32,133,.385,,.548,11.3,4.0,2.1,0.9,,,"Aug 24, 1937",Monroe,Wisconsin ,US,NBA,1959-60
Patrick Baldwin Jr.,3,2023,2025,91,820,119,297,74,202,25,38,23,185,42,27,21,35,75,337,.401,.366,.658,9.0,3.7,2.0,0.5,0.3,0.2,"Nov 18, 2002",Green Bay,Wisconsin ,US,NBA,2022-23
Reece Beekman,1,2025,2025,23,231,19,54,4,21,5,9,5,15,31,13,2,12,15,47,.352,.190,.556,10.0,2.0,0.7,1.3,0.6,0.1,"Oct 8, 2001",Milwaukee,Wisconsin ,US,NBA,2024-25
Tony Bennett,3,1993,1995,152,1886,221,536,55,164,41,56,28,155,303,69,1,93,200,538,.412,.335,.732,12.4,3.5,1.0,2.0,0.5,0.0,"Jun 1, 1969",Green Bay,Wisconsin ,US,NBA,1992-93
Gene Berce,1,1950,1950,3,,5,16,,,0,5,,,2,,,,6,10,.313,,.000,,3.3,,0.7,,,"Nov 22, 1926",Milwaukee,Wisconsin ,US,NBA,1949-50
Vander Blue,3,2014,2018,10,134,12,39,2,13,4,12,2,13,12,4,0,11,7,30,.308,.154,.333,13.4,3.0,1.3,1.2,0.4,0.0,"Jul 17, 1992",Milwaukee,Wisconsin ,US,NBA,2013-14
Fred Brown,13,1972,1984,963,24422,6006,12568,110,295,1896,2211,681,2637,3160,1149,166,840,1937,14018,.478,,.858,25.4,14.6,2.7,3.3,1.4,0.2,"Aug 7, 1948",Milwaukee,Wisconsin ,US,NBA,1971-72
Brian Brunkhorst,1,1969,1969,3,56,6,11,0,0,13,17,6,13,3,,,5,8,25,.545,,.765,18.7,8.3,4.3,1.0,,,"Jun 12, 1945",Owen,Wisconsin ,US,NBA,1968-69
Rodney Buford,5,2000,2005,230,4182,630,1530,74,247,138,182,117,598,179,115,31,140,332,1472,.412,.300,.758,18.2,6.4,2.6,0.8,0.5,0.1,"Nov 2, 1977",Milwaukee,Wisconsin ,US,NBA,1999-00
Deonte Burton,3,2019,2023,73,602,76,209,18,81,16,26,11,85,26,13,18,28,65,186,.364,.222,.615,8.2,2.5,1.2,0.4,0.2,0.2,"Jan 31, 1994",Milwaukee,Wisconsin ,US,NBA,2018-19
Caron Butler,14,2003,2016,881,28333,4596,10592,746,2144,2492,2942,1103,4387,2007,1163,216,1594,2129,12430,.434,.348,.847,32.2,14.1,5.0,2.3,1.3,0.2,"Mar 13, 1980",Racine,Wisconsin ,US,NBA,2002-03
Dwight Buycks,3,2014,2018,49,696,115,286,27,73,53,60,18,76,83,30,2,61,53,310,.402,.370,.883,14.2,6.3,1.6,1.7,0.6,0.0,"Mar 6, 1989",Milwaukee,Wisconsin ,US,NBA,2013-14
Anthony Carter,13,2000,2012,623,12184,1230,3043,116,464,433,613,244,1302,2363,601,115,958,1103,3009,.404,.250,.706,19.6,4.8,2.1,3.8,1.0,0.2,"Jun 16, 1975",Milwaukee,Wisconsin ,US,NBA,1999-00
Jim Chones,10,1973,1982,788,23665,4210,8800,0,9,1401,2061,1736,6427,1292,391,774,1165,2606,9821,.478,,.680,30.0,12.5,8.2,1.6,0.6,1.1,"Nov 30, 1949",Racine,Wisconsin ,US,NBA,1972-73
Paul Cloyd,1,1950,1950,7,,7,26,,,5,8,,,2,,,,5,19,.269,,.625,,2.7,,0.3,,,"Jun 13, 1920",Madison,Wisconsin ,US,NBA,1949-50
Jeff Congdon,5,1968,1972,306,6283,764,2029,102,358,365,457,111,601,1002,,,579,538,1995,.377,.285,.799,20.5,6.5,2.0,3.3,,,"Oct 17, 1943",Elkhorn,Wisconsin ,US,NBA,1967-68
Bill Davis,1,1947,1947,47,,35,146,,,14,41,,,11,,,,92,84,.240,,.341,,1.8,,0.2,,,"Oct 3, 1920",,Wisconsin ,US,NBA,1946-47
Johnny Davis,3,2023,2025,112,1278,160,403,38,139,37,66,38,175,71,43,24,37,123,395,.397,.273,.561,11.4,3.5,1.6,0.6,0.4,0.2,"Feb 27, 2002",La Crosse,Wisconsin ,US,NBA,2022-23
Sam Dekker,5,2016,2022,201,3097,451,944,89,309,103,170,191,607,160,101,37,98,201,1094,.478,.288,.606,15.4,5.4,3.0,0.8,0.5,0.2,"May 6, 1994",Sheboygan,Wisconsin ,US,NBA,2015-16
Player,Yrs,0,To,G,MP,FG,FGA,3P,3PA,FT,FTA,ORB,TRB,AST,STL,BLK,TOV,PF,PTS,FG%,3P%,FT%,MP,PTS,TRB,AST,STL,BLK,Date,City,Wisconsin ,US,NBA,-1-
Nate DeLong,1,1952,1952,17,132,20,42,,,24,35,,31,14,,,,47,64,.476,,.686,7.8,3.8,1.8,0.8,,,"Jan 5, 1926",Chippewa Falls,Wisconsin ,US,NBA,1951-52
Travis Diener,5,2006,2010,179,2660,298,768,164,465,94,111,39,243,432,76,9,99,200,854,.388,.353,.847,14.9,4.8,1.4,2.4,0.4,0.1,"Mar 1, 1982",Fond du Lac,Wisconsin ,US,NBA,2005-06
Patrick Eddie,1,1992,1992,4,13,2,9,0,0,0,0,0,1,0,0,0,0,3,4,.222,,,3.3,1.0,0.3,0.0,0.0,0.0,"Dec 27, 1967",Milwaukee,Wisconsin ,US,NBA,1991-92
Henry Ellenson,5,2017,2021,83,787,121,326,49,146,51,66,28,206,49,13,3,41,63,342,.371,.336,.773,9.5,4.1,2.5,0.6,0.2,0.0,"Jan 13, 1997",Rice Lake,Wisconsin ,US,NBA,2016-17
Gene Englund,1,1950,1950,46,,104,274,,,152,192,,,41,,,,167,360,.380,,.792,,7.8,,0.9,,,"Oct 21, 1917",Kenosha,Wisconsin ,US,NBA,1949-50
Michael Foster Jr.,1,2023,2023,1,1,0,0,0,0,0,0,0,0,0,0,0,0,0,0,,,,1.0,0.0,0.0,0.0,0.0,0.0,"Jan 16, 2003",Milwaukee,Wisconsin ,US,NBA,2022-23
Reece Gaines,3,2004,2006,71,605,48,148,7,26,20,33,9,53,50,17,3,26,40,123,.324,.269,.606,8.5,1.7,0.7,0.7,0.2,0.0,"Jan 7, 1981",Madison,Wisconsin ,US,NBA,2003-04
Diante Garrett,2,2013,2014,90,1197,117,314,39,111,15,22,16,112,151,51,5,91,80,288,.373,.351,.682,13.3,3.2,1.2,1.7,0.6,0.1,"Nov 3, 1988",Milwaukee,Wisconsin ,US,NBA,2012-13
Bud Grant,2,1950,1951,96,,95,299,,,59,100,,115,90,,,,142,249,.318,,.590,,2.6,1.9,0.9,,,"May 20, 1927",Superior,Wisconsin ,US,NBA,1949-50
Steve Green,4,1976,1979,205,2700,476,1079,0,5,227,311,216,494,161,102,27,112,413,1179,.441,,.730,13.2,5.8,2.4,0.8,0.5,0.1,"Oct 4, 1953",Madison,Wisconsin ,US,NBA,1975-76
Jay Guidinger,2,1993,1994,64,346,35,87,0,0,28,46,41,97,20,13,15,26,71,98,.402,,.609,5.4,1.5,1.5,0.3,0.2,0.2,"Aug 18, 1969",Milwaukee,Wisconsin ,US,NBA,1992-93
Tyrese Haliburton,5,2021,2025,314,10379,1974,4165,796,2048,716,837,200,1151,2737,457,185,687,421,5460,.474,.389,.855,33.1,17.4,3.7,8.7,1.5,0.6,"Feb 29, 2000",Oshkosh,Wisconsin ,US,NBA,2020-21
Devin Harris,15,2005,2019,985,23963,3486,8072,832,2558,2793,3507,290,2151,3869,998,194,1682,2171,10597,.432,.325,.796,24.3,10.8,2.2,3.9,1.0,0.2,"Feb 27, 1983",Milwaukee,Wisconsin ,US,NBA,2004-05
Sam Hauser,4,2022,2025,233,4145,581,1297,457,1096,33,40,114,652,210,100,56,80,260,1652,.448,.417,.825,17.8,7.1,2.8,0.9,0.4,0.2,"Dec 8, 1997",Green Bay,Wisconsin ,US,NBA,2021-22
Tyler Herro,6,2020,2025,337,10932,2334,5251,929,2422,835,960,139,1696,1335,235,60,755,477,6432,.444,.384,.870,32.4,19.1,5.0,4.0,0.7,0.2,"Jan 20, 2000",Milwaukee,Wisconsin ,US,NBA,2019-20
Dick Holub,1,1948,1948,48,,195,662,,,114,180,,,37,,,,159,504,.295,,.633,,10.5,,0.8,,,"Oct 29, 1921",Racine,Wisconsin ,US,NBA,1947-48
Jalen Johnson,4,2022,2025,184,4335,810,1607,148,458,255,358,189,1155,470,164,119,257,322,2023,.504,.323,.712,23.6,11.0,6.3,2.6,0.9,0.6,"Dec 18, 2001",Wausau,Wisconsin ,US,NBA,2021-22
Mark Jones,1,2005,2005,10,116,9,31,0,4,5,10,6,13,6,5,2,3,16,23,.290,.000,.500,11.6,2.3,1.3,0.6,0.5,0.2,"May 25, 1975",Milwaukee,Wisconsin ,US,NBA,2004-05
Don Kojis,12,1964,1975,814,19241,3947,8853,,,2054,2853,140,4555,1112,89,16,,1937,9948,.446,,.720,23.6,12.2,5.6,1.4,0.9,0.2,"Jan 15, 1939",Milwaukee,Wisconsin ,US,NBA,1963-64
Wayne Kreklow,1,1981,1981,25,100,11,47,1,4,7,10,2,12,9,2,1,10,20,30,.234,.250,.700,4.0,1.2,0.5,0.4,0.1,0.0,"Jan 4, 1957",Neenah,Wisconsin ,US,NBA,1980-81
Player,Yrs,0,To,G,MP,FG,FGA,3P,3PA,FT,FTA,ORB,TRB,AST,STL,BLK,TOV,PF,PTS,FG%,3P%,FT%,MP,PTS,TRB,AST,STL,BLK,Date,City,Wisconsin ,US,NBA,-1-
Carl Landry,9,2008,2016,513,11524,2086,3898,9,30,1360,1732,994,2533,355,216,203,603,1208,5541,.535,.300,.785,22.5,10.8,4.9,0.7,0.4,0.4,"Sep 19, 1983",Milwaukee,Wisconsin ,US,NBA,2007-08
Marcus Landry,1,2010,2010,18,111,16,43,9,28,3,5,5,19,0,1,2,6,14,44,.372,.321,.600,6.2,2.4,1.1,0.0,0.1,0.1,"Nov 1, 1985",Milwaukee,Wisconsin ,US,NBA,2009-10
Walt Lautenbach,1,1950,1950,55,,100,332,,,38,55,,,73,,,,122,238,.301,,.691,,4.3,,1.3,,,"Nov 17, 1922",Milwaukee,Wisconsin ,US,NBA,1949-50
Steve Lingenfelter,2,1983,1984,10,67,5,7,0,0,0,6,4,16,5,1,3,6,22,10,.714,,.000,6.7,1.0,1.6,0.5,0.1,0.3,"Jun 10, 1958",Eau Claire,Wisconsin ,US,NBA,1982-83
Kevon Looney,10,2016,2025,574,9984,1224,2127,10,62,431,709,1242,3277,930,295,306,343,1260,2889,.575,.161,.608,17.4,5.0,5.7,1.6,0.5,0.5,"Feb 6, 1996",Milwaukee,Wisconsin ,US,NBA,2015-16
Ray McCallum,3,2014,2016,154,2808,374,916,71,212,101,142,78,306,368,79,27,148,190,920,.408,.335,.711,18.2,6.0,2.0,2.4,0.5,0.2,"Jun 12, 1991",Madison,Wisconsin ,US,NBA,2013-14
Jim McIlvaine,7,1995,2001,401,5927,423,948,1,10,225,408,479,1243,105,136,691,231,1052,1072,.446,.100,.551,14.8,2.7,3.1,0.3,0.3,1.7,"Jul 30, 1972",Racine,Wisconsin ,US,NBA,1994-95
Trey McKinney-Jones,1,2018,2018,1,1,0,0,0,0,0,0,0,0,0,0,0,0,0,0,,,,1.0,0.0,0.0,0.0,0.0,0.0,"Aug 27, 1990",Milwaukee,Wisconsin ,US,NBA,2017-18
Chuck Mencel,2,1956,1957,141,2821,363,1063,,,257,336,,347,333,,,,169,983,.341,,.765,20.0,7.0,2.5,2.4,,,"Apr 21, 1933",Phillips,Wisconsin ,US,NBA,1955-56
John Mengelt,10,1972,1981,636,12788,2418,5047,0,6,1382,1708,203,1221,1329,324,28,280,1284,6218,.479,,.809,20.1,9.8,1.9,2.1,0.7,0.1,"Oct 16, 1949",Lacrosse,Wisconsin ,US,NBA,1971-72
Chris Mihm,8,2001,2009,436,8758,1253,2731,3,13,753,1069,865,2302,223,128,444,535,1264,3262,.459,.231,.704,20.1,7.5,5.3,0.5,0.3,1.0,"Jul 16, 1979",Milwaukee,Wisconsin ,US,NBA,2000-01
Dick Miller,1,1981,1981,8,53,4,9,0,1,0,0,2,7,5,4,0,8,5,8,.444,.000,,6.6,1.0,0.9,0.6,0.5,0.0,"Apr 26, 1958",Milwaukee,Wisconsin ,US,NBA,1980-81
Tony Mitchell,1,2014,2014,21,79,5,12,1,1,11,19,15,26,2,6,3,4,9,22,.417,1.000,.579,3.8,1.0,1.2,0.1,0.3,0.1,"Apr 7, 1992",Milwaukee,Wisconsin ,US,NBA,2013-14
Kurt Nimphius,8,1982,1990,564,11441,1451,2981,2,20,698,1045,883,2474,681,191,696,559,1631,3602,.487,.100,.668,20.3,6.4,4.4,1.2,0.3,1.2,"Mar 13, 1958",Milwaukee,Wisconsin ,US,NBA,1981-82
Trayvon Palmer,1,2022,2022,1,17,0,1,0,0,0,0,0,2,0,0,0,1,2,0,.000,,,17.0,0.0,2.0,0.0,0.0,0.0,"Nov 13, 1994",Milwaukee,Wisconsin ,US,NBA,2021-22
Brandin Podziemski,2,2024,2025,118,3091,439,986,150,420,99,145,163,639,427,110,23,137,187,1127,.445,.357,.683,26.2,9.6,5.4,3.6,0.9,0.2,"Feb 25, 2003",Greenfield,Wisconsin ,US,NBA,2023-24
Jordan Poole,6,2020,2025,393,10883,2219,5301,949,2783,1187,1354,146,1064,1488,340,111,914,1004,6574,.419,.341,.877,27.7,16.7,2.7,3.8,0.9,0.3,"Jun 19, 1999",Milwaukee,Wisconsin ,US,NBA,2019-20
Terry Porter,17,1986,2002,1274,35354,5428,11734,1297,3360,3433,4107,715,3872,7160,1583,181,2666,2203,15586,.463,.386,.836,27.8,12.2,3.0,5.6,1.2,0.1,"Apr 8, 1963",Milwaukee,Wisconsin ,US,NBA,1985-86
Alex Scales,1,2006,2006,1,0,0,0,0,0,0,0,0,0,0,0,0,0,0,0,,,,0.0,0.0,0.0,0.0,0.0,0.0,"Jul 3, 1978",Racine,Wisconsin ,US,NBA,2005-06
Frank Schade,1,1973,1973,9,76,2,7,,,6,6,,6,10,,,,12,10,.286,,1.000,8.4,1.1,0.7,1.1,,,"Jan 22, 1950",Wausau,Wisconsin ,US,NBA,1972-73
Player,Yrs,0,To,G,MP,FG,FGA,3P,3PA,FT,FTA,ORB,TRB,AST,STL,BLK,TOV,PF,PTS,FG%,3P%,FT%,MP,PTS,TRB,AST,STL,BLK,Date,City,Wisconsin ,US,NBA,-1-
Dick Schulz,4,1947,1950,205,,391,1507,,,359,499,,,203,,,,452,1141,.259,,.719,,5.6,,1.0,,,"Jan 3, 1917",Racine,Wisconsin ,US,NBA,1946-47
Glen Selbo,1,1950,1950,13,,10,51,,,22,29,,,23,,,,15,42,.196,,.759,,3.2,,1.8,,,"Mar 29, 1926",LaCrosse,Wisconsin ,US,NBA,1949-50
Jerry Smith,1,2012,2012,5,46,3,14,1,6,0,0,2,7,4,5,0,0,5,7,.214,.167,,9.2,1.4,1.4,0.8,1.0,0.0,"Sep 26, 1987",Wauwatosa,Wisconsin ,US,NBA,2011-12
Tony Smith,9,1991,2001,457,7295,1017,2362,120,391,350,507,324,735,881,319,79,442,717,2504,.431,.307,.690,16.0,5.5,1.6,1.9,0.7,0.2,"Jun 14, 1968",Wauwatosa,Wisconsin ,US,NBA,1990-91
Latrell Sprewell,13,1993,2005,913,35270,6076,14294,1104,3272,3456,4298,770,3724,3664,1294,399,2450,1689,16712,.425,.337,.804,38.6,18.3,4.1,4.0,1.4,0.4,"Sep 8, 1970",Milwaukee,Wisconsin ,US,NBA,1992-93
Greg Stiemsma,4,2012,2015,203,3048,269,529,0,1,103,146,190,679,97,118,232,143,512,641,.509,.000,.705,15.0,3.2,3.3,0.5,0.6,1.1,"Sep 26, 1985",Randolph,Wisconsin ,US,NBA,2011-12
Diamond Stone,1,2017,2017,7,24,3,13,0,0,4,4,1,6,0,0,1,2,5,10,.231,,1.000,3.4,1.4,0.9,0.0,0.0,0.1,"Feb 10, 1997",Milwaukee,Wisconsin ,US,NBA,2016-17
Nick Van Exel,13,1994,2006,880,28969,4636,11458,1528,4278,1858,2341,375,2545,5777,726,92,1850,1380,12658,.405,.357,.794,32.9,14.4,2.9,6.6,0.8,0.1,"Nov 27, 1971",Kenosha,Wisconsin ,US,NBA,1993-94
Logan Vander Velden,1,1996,1996,15,31,3,14,0,5,3,4,1,6,1,0,0,0,4,9,.214,.000,.750,2.1,0.6,0.4,0.1,0.0,0.0,"Apr 3, 1971",Valders,Wisconsin ,US,NBA,1995-96
Kyle Weaver,3,2009,2011,73,1379,134,304,42,119,53,72,34,158,119,55,33,80,97,363,.441,.353,.736,18.9,5.0,2.2,1.6,0.8,0.5,"Feb 18, 1986",Janesville,Wisconsin ,US,NBA,2008-09
Mike Wilks,7,2003,2010,233,2240,217,540,34,106,123,166,57,228,271,82,10,117,215,591,.402,.321,.741,9.6,2.5,1.0,1.2,0.4,0.0,"May 7, 1979",Milwaukee,Wisconsin ,US,NBA,2002-03
Alondes Williams,3,2023,2025,9,25,4,10,1,5,1,1,0,2,1,0,1,4,3,10,.400,.200,1.000,2.8,1.1,0.2,0.1,0.0,0.1,"Jun 19, 1999",Milwaukee,Wisconsin ,US,NBA,2022-23
Jamil Wilson,1,2018,2018,15,274,38,81,27,63,2,4,3,32,10,5,8,8,34,105,.469,.429,.500,18.3,7.0,2.1,0.7,0.3,0.5,"Nov 21, 1990",Milwaukee,Wisconsin ,US,NBA,2017-18
Joe Wolf,11,1988,1999,592,9636,1068,2523,18,110,331,430,595,1933,596,257,131,509,1279,2485,.423,.164,.770,16.3,4.2,3.3,1.0,0.4,0.2,"Dec 17, 1964",Kohler,Wisconsin ,US,NBA,1987-88
Bob Wood,1,1950,1950,6,,3,14,,,1,1,,,1,,,,6,7,.214,,1.000,,1.2,,0.2,,,"Oct 7, 1921",Lafarge,Wisconsin ,US,NBA,1949-50
Mike Dabich,1,1968,1968,10,49.0,8,12,0.0,0.0,4,9,,13.0,2,,,5.0,12,20,0.667,,0.444,4.9,2.0,1.3,0.2,,,"Dec 27, 1942",Lander,Wyoming ,US,NBA,1967-68
Jimmy Darden,1,1950,1950,26,,78,243,,,55,80,,,67,,,,67,211,0.321,,0.688,,8.1,,2.6,,,"Jun 19, 1922",Cheyenne,Wyoming ,US,NBA,1949-50
Vern Gardner,3,1950,1952,151,507.0,514,1493,,,311,416,,349.0,245,,,,445,1339,0.344,,0.748,18.8,8.9,4.0,1.6,,,"May 14, 1925",Afton,Wyoming ,US,NBA,1949-50
James Johnson,16,2010,2025,784,15556.0,2311,4879,381.0,1271.0,827,1220,605.0,2715.0,1610,581.0,655.0,1048.0,1748,5830,0.474,0.3,0.678,19.8,7.4,3.5,2.1,0.7,0.8,"Feb 20, 1987",Cheyenne,Wyoming ,US,NBA,2009-10
John Pilch,1,1952,1952,9,41.0,1,10,,,3,6,,9.0,2,,,,10,5,0.1,,0.5,4.6,0.6,1.0,0.2,,,"Jul 11, 1925",Sheridan,Wyoming ,US,NBA,1951-52
Moe Radovich,1,1953,1953,4,33.0,5,13,,,4,4,,1.0,8,,,,5,14,0.385,,1.0,8.3,3.5,0.3,2.0,,,"May 5, 1929",Hot Springs,Wyoming ,US,NBA,1952-53
Floyd Volker,1,1950,1950,54,,163,527,,,71,129,,,112,,,,169,397,0.309,,0.55,,7.4,,2.1,,,"Jun 21, 1921",Casper,Wyoming ,US,NBA,1949-50
Bruno Fernando,6,2020,2025,220,2325,351,646,6,49,164,251,235,712,161,58,102,160,362,872,0.543,0.122,0.653,10.6,4.0,3.2,0.7,0.3,0.5,"Aug 15, 1998",Luanda,,Angola ,NBA,2019-20
Norvel Pelle,3,2020,2022,40,335,36,68,0,1,11,20,29,97,10,4,41,23,70,83,0.529,0.0,0.55,8.4,2.1,2.4,0.3,0.1,1.0,"Feb 3, 1993",St. John's,,Antigua and Barbuda ,NBA,2019-20
Leandro Bolmaro,2,2022,2023,49,309,20,74,5,22,11,13,20,50,28,9,1,20,36,56,0.27,0.227,0.846,6.3,1.1,1.0,0.6,0.2,0.0,"Sep 11, 2000",Las Varillas,,Argentina ,NBA,2021-22
Nicolás Brussino,2,2017,2018,58,531,52,143,29,97,17,22,26,98,47,17,8,26,43,150,0.364,0.299,0.773,9.2,2.6,1.7,0.8,0.3,0.1,"Mar 2, 1993",Santa Fe,,Argentina ,NBA,2016-17
Facundo Campazzo,3,2021,2023,138,2661,230,624,137,420,141,171,45,253,461,148,37,143,259,738,0.369,0.326,0.825,19.3,5.3,1.8,3.3,1.1,0.3,"Mar 23, 1991",Córdoba,,Argentina ,NBA,2020-21
Gabriel Deck,2,2021,2022,17,268,40,81,4,19,18,22,17,46,29,9,0,8,11,102,0.494,0.211,0.818,15.8,6.0,2.7,1.7,0.5,0.0,"Feb 8, 1995",Añatuya,,Argentina ,NBA,2020-21
Carlos Delfino,8,2005,2013,507,11580,1472,3669,678,1856,493,650,287,1815,887,461,88,509,827,4115,0.401,0.365,0.758,22.8,8.1,3.6,1.7,0.9,0.2,"Aug 29, 1982",Santa Fe,,Argentina ,NBA,2004-05
Patricio Garino,1,2017,2017,5,43,0,7,0,5,0,0,1,7,0,0,0,3,4,0,0.0,0.0,,8.6,0.0,1.4,0.0,0.0,0.0,"May 17, 1993",Buenos Aires,,Argentina ,NBA,2016-17
Manu Ginóbili*,16,2003,2018,1057,26859,4584,10262,1495,4055,3380,4089,685,3697,4001,1392,319,2116,2212,14043,0.447,0.369,0.827,25.4,13.3,3.5,3.8,1.3,0.3,"Jul 28, 1977",Bahia Blanca,,Argentina ,NBA,2002-03
Walter Herrmann,3,2007,2009,152,1939,312,681,114,299,81,103,78,319,66,31,12,61,143,819,0.458,0.381,0.786,12.8,5.4,2.1,0.4,0.2,0.1,"Jun 26, 1979",Venado Tuerto,,Argentina ,NBA,2006-07
Nicolás Laprovíttola,1,2017,2017,18,174,20,47,10,27,9,9,1,10,28,4,1,19,19,59,0.426,0.37,1.0,9.7,3.3,0.6,1.6,0.2,0.1,"Jan 31, 1990",Buenos Aires,,Argentina ,NBA,2016-17
Andrés Nocioni,8,2005,2012,514,12013,1932,4478,587,1574,964,1206,354,2295,614,215,228,724,1394,5415,0.431,0.373,0.799,23.4,10.5,4.5,1.2,0.4,0.4,"Nov 30, 1979",Santa Fe,,Argentina ,NBA,2004-05
Fabricio Oberto,6,2006,2011,336,4871,481,835,0,4,119,193,443,1175,300,89,75,225,733,1081,0.576,0.0,0.617,14.5,3.2,3.5,0.9,0.3,0.2,"Mar 21, 1975",Las Varillas,,Argentina ,NBA,2005-06
Pablo Prigioni,4,2013,2016,270,4566,334,786,203,535,75,86,145,505,765,268,6,257,429,946,0.425,0.379,0.872,16.9,3.5,1.9,2.8,1.0,0.0,"May 17, 1977",Rio Tercero,,Argentina ,NBA,2012-13
Pepe Sánchez,2,2001,2003,38,187,9,33,0,1,2,2,7,21,49,16,1,8,24,20,0.273,0.0,1.0,4.9,0.5,0.6,1.3,0.4,0.0,"May 8, 1977",Bahia Blanca,,Argentina ,NBA,2000-01
Luis Scola,10,2008,2017,743,19001,3669,7442,92,271,1452,1961,1335,4941,1194,474,224,1121,2037,8882,0.493,0.339,0.74,25.6,12.0,6.7,1.6,0.6,0.3,"Apr 30, 1980",Buenos Aires,,Argentina ,NBA,2007-08
Rubén Wolkowyski,2,2001,2003,41,329,27,83,0,3,26,38,12,47,4,6,18,13,41,80,0.325,0.0,0.684,8.0,2.0,1.1,0.1,0.1,0.4,"Sep 30, 1973",Juan José Castelli,,Argentina ,NBA,2000-01
David Andersen,2,2010,2011,103,1264,203,461,35,101,60,89,74,292,57,20,21,59,159,501,.440,.347,.674,12.3,4.9,2.8,0.6,0.2,0.2,"Jun 23, 1980",Melbourne,,Australia ,NBA,2009-10
Chris Anstey,3,1998,2000,155,2157,303,734,4,29,203,269,178,534,127,78,65,147,373,813,.413,.138,.755,13.9,5.2,3.4,0.8,0.5,0.4,"Jan 1, 1975",Melbourne,,Australia ,NBA,1997-98
Cameron Bairstow,2,2015,2016,36,167,16,54,1,5,11,13,10,36,7,4,4,7,27,44,.296,.200,.846,4.6,1.2,1.0,0.2,0.1,0.1,"Dec 7, 1990",Brisbane,,Australia ,NBA,2014-15
Andrew Bogut,14,2006,2019,706,19862,2986,5585,3,25,833,1495,1754,6112,1546,442,1091,1204,2186,6808,.535,.120,.557,28.1,9.6,8.7,2.2,0.6,1.5,"Nov 28, 1984",Melbourne,,Australia ,NBA,2005-06
Jonah Bolden,2,2019,2020,51,686,84,173,34,100,15,31,50,174,40,20,41,38,109,217,.486,.340,.484,13.5,4.3,3.4,0.8,0.4,0.8,"Jan 2, 1996",Melbourne,,Australia ,NBA,2018-19
Mark Bradtke,1,1997,1997,36,251,25,58,0,0,9,13,26,68,7,5,5,9,34,59,.431,,.692,7.0,1.6,1.9,0.2,0.1,0.1,"Sep 27, 1968",Adelaide,,Australia ,NBA,1996-97
Ryan Broekhoff,2,2019,2020,59,633,79,185,58,144,22,27,13,106,33,11,8,22,50,238,.427,.403,.815,10.7,4.0,1.8,0.6,0.2,0.1,"Aug 23, 1990",Melbourne,,Australia ,NBA,2018-19
Xavier Cooks,1,2023,2023,10,126,17,28,0,1,4,10,16,38,6,6,4,8,13,38,.607,.000,.400,12.6,3.8,3.8,0.6,0.6,0.4,"Aug 19, 1995",Ballarat,,Australia ,NBA,2022-23
Mitch Creek,1,2019,2019,5,48,8,16,0,2,5,7,6,12,6,2,0,1,3,21,.500,.000,.714,9.6,4.2,2.4,1.2,0.4,0.0,"Apr 27, 1992",Horsham,,Australia ,NBA,2018-19
Dyson Daniels,3,2023,2025,172,4170,529,1160,128,395,123,195,185,712,507,284,77,211,331,1309,.456,.324,.631,24.2,7.6,4.1,2.9,1.7,0.4,"Mar 17, 2003",Bendigo,,Australia ,NBA,2022-23
Matthew Dellavedova,9,2014,2023,479,9286,894,2323,409,1127,313,375,168,811,1690,213,21,562,865,2510,.385,.363,.835,19.4,5.2,1.7,3.5,0.4,0.0,"Sep 8, 1990",Maryborough,,Australia ,NBA,2013-14
Alex Ducas,1,2025,2025,16,74,8,22,7,16,0,0,5,15,2,2,0,2,5,23,.364,.438,,4.6,1.4,0.9,0.1,0.1,0.0,"Dec 11, 2000",Geraldton,,Australia ,NBA,2024-25
Dante Exum,8,2015,2025,309,5812,704,1620,230,678,270,356,118,604,707,129,51,367,527,1908,.435,.339,.758,18.8,6.2,2.0,2.3,0.4,0.2,"Jul 13, 1995",Melbourne,,Australia ,NBA,2014-15
Johnny Furphy,1,2025,2025,36,248,21,57,11,32,9,9,17,40,10,9,8,9,26,62,.368,.344,1.000,6.9,1.7,1.1,0.3,0.3,0.2,"Dec 8, 2004",Melbourne,,Australia ,NBA,2024-25
Andrew Gaze,2,1994,1999,26,128,16,42,9,24,2,2,3,12,11,4,2,7,16,43,.381,.375,1.000,4.9,1.7,0.5,0.4,0.2,0.1,"Jul 24, 1965",Melbourne,,Australia ,NBA,1993-94
Josh Giddey,4,2022,2025,263,7613,1472,3189,289,898,358,472,448,1920,1540,219,127,692,431,3591,.462,.322,.758,28.9,13.7,7.3,5.9,0.8,0.5,"Oct 10, 2002",Melbourne,,Australia ,NBA,2021-22
Josh Green,5,2021,2025,273,5956,694,1419,245,640,187,270,221,743,413,206,42,243,544,1820,.489,.383,.693,21.8,6.7,2.7,1.5,0.8,0.2,"Nov 16, 2000",Sydney,,Australia ,NBA,2020-21
Shane Heal,2,1997,2004,49,308,33,121,24,83,7,10,3,22,38,4,3,22,22,97,.273,.289,.700,6.3,2.0,0.4,0.8,0.1,0.1,"Sep 6, 1970",Melbourne,,Australia ,NBA,1996-97
Isaac Humphries,1,2019,2019,5,56,6,21,3,11,0,0,4,11,0,1,0,0,7,15,.286,.273,,11.2,3.0,2.2,0.0,0.2,0.0,"Jan 5, 1998",Sydney,,Australia ,NBA,2018-19
Joe Ingles,11,2015,2025,720,17474,2018,4510,1227,2998,459,593,222,2195,2586,622,101,1056,1271,5722,.447,.409,.774,24.3,7.9,3.0,3.6,0.9,0.1,"Oct 2, 1987",Adelaide,,Australia ,NBA,2014-15
Player,Yrs,0,To,G,MP,FG,FGA,3P,3PA,FT,FTA,ORB,TRB,AST,STL,BLK,TOV,PF,PTS,FG%,3P%,FT%,MP,PTS,TRB,AST,STL,BLK,Date,City,,Australia ,NBA,-1-
Kyrie Irving,14,2012,2025,775,26753,6753,14235,1867,4734,2962,3339,632,3151,4351,1016,333,1934,1765,18335,.474,.394,.887,34.5,23.7,4.1,5.6,1.3,0.4,"Mar 23, 1992",Melbourne,,Australia ,NBA,2011-12
Nathan Jawai,2,2009,2010,45,431,50,115,0,1,26,38,50,106,24,10,9,29,61,126,.435,.000,.684,9.6,2.8,2.4,0.5,0.2,0.2,"Oct 10, 1986",Sydney,,Australia ,NBA,2008-09
Jock Landale,4,2022,2025,207,2630,429,839,66,226,187,243,308,681,203,52,86,134,280,1111,.511,.292,.770,12.7,5.4,3.3,1.0,0.3,0.4,"Oct 25, 1995",E Malvern,,Australia ,NBA,2021-22
Luc Longley,10,1992,2001,567,12006,1685,3647,0,5,720,947,872,2794,836,278,549,942,1730,4090,.462,.000,.760,21.2,7.2,4.9,1.5,0.5,1.0,"Jan 19, 1969",Melbourne,,Australia ,NBA,1991-92
Will Magnay,1,2021,2021,1,3,0,1,0,1,0,0,0,0,0,0,0,1,1,0,.000,.000,,3.0,0.0,0.0,0.0,0.0,0.0,"Jun 10, 1998",Brisbane,,Australia ,NBA,2020-21
Mangok Mathiang,1,2018,2018,4,20,4,7,0,0,0,1,3,10,0,1,0,0,5,8,.571,,.000,5.0,2.0,2.5,0.0,0.3,0.0,"Oct 8, 1992",Melbourne,,Australia ,NBA,2017-18
Jack McVeigh,1,2025,2025,6,21,3,11,2,8,0,0,1,4,1,0,1,1,1,8,.273,.250,,3.5,1.3,0.7,0.2,0.0,0.2,"Jun 27, 1996",Murwillumbah,,Australia ,NBA,2024-25
Patty Mills,16,2010,2025,913,18271,2846,6727,1538,3999,741,866,267,1490,2008,581,80,860,1154,7971,.423,.385,.856,20.0,8.7,1.6,2.2,0.6,0.1,"Aug 11, 1988",Canberra,,Australia ,NBA,2009-10
Luke Schenscher,2,2006,2007,31,267,23,49,0,0,9,20,18,54,8,3,7,9,46,55,.469,,.450,8.6,1.8,1.7,0.3,0.1,0.2,"Dec 31, 1982",Hope Forest,,Australia ,NBA,2005-06
Ben Simmons,7,2018,2025,368,11686,2063,3682,5,36,864,1459,625,2786,2712,562,250,1138,1039,4995,.560,.139,.592,31.8,13.6,7.6,7.4,1.5,0.7,"Jul 20, 1996",Melbourne,,Australia ,NBA,2017-18
Luke Travers,1,2025,2025,9,55,3,11,0,4,2,2,5,12,5,1,1,5,4,8,.273,.000,1.000,6.1,0.9,1.3,0.6,0.1,0.1,"Sep 3, 2001",Perth,,Australia ,NBA,2024-25
Jack White,2,2023,2024,21,130,10,35,5,19,2,3,10,29,5,7,3,4,12,27,.286,.263,.667,6.2,1.3,1.4,0.2,0.3,0.1,"Aug 5, 1997",Traralgon,,Australia ,NBA,2022-23
Jakob Poeltl,9,2017,2025,583,13023,2265,3603,2,6,592,1075,1571,4061,1053,367,744,697,1452,5124,0.629,0.333,0.551,22.3,8.8,7.0,1.8,0.6,1.3,"Oct 15, 1995",Vienna,,Austria ,NBA,2016-17
Deandre Ayton,7,2019,2025,398,12272,2905,4926,28,122,704,932,1219,4167,649,292,380,688,1051,6542,0.59,0.23,0.755,30.8,16.4,10.5,1.6,0.7,1.0,"Jul 23, 1998",Nassau,,Bahamas ,NBA,2018-19
Dexter Cambridge,1,1993,1993,53,885,151,312,0,4,68,99,88,167,58,24,6,63,128,370,0.484,0.0,0.687,16.7,7.0,3.2,1.1,0.5,0.1,"Jan 29, 1970",Eleuthera,,Bahamas ,NBA,1992-93
Buddy Hield,9,2017,2025,689,19657,3796,8775,2069,5202,816,951,507,2860,1735,594,221,1130,1418,10477,0.433,0.398,0.858,28.5,15.2,4.2,2.5,0.9,0.3,"Dec 17, 1992",Freeport,,Bahamas ,NBA,2016-17
Kai Jones,3,2022,2025,95,821,102,170,5,23,31,46,55,180,29,24,45,47,96,240,0.6,0.217,0.674,8.6,2.5,1.9,0.3,0.3,0.5,"Jan 19, 2001",Nassau,,Bahamas ,NBA,2021-22
Ian Lockhart,1,1991,1991,1,2,1,1,0,0,2,2,0,0,0,0,0,0,0,4,1.0,,1.0,2.0,4.0,0.0,0.0,0.0,0.0,"Jun 25, 1967",Nassau,,Bahamas ,NBA,1990-91
Mychal Thompson,12,1979,1991,935,27764,5191,10306,1,12,2427,3707,2229,6951,2141,701,1073,2104,2692,12810,0.504,,0.655,29.7,13.7,7.4,2.3,0.7,1.1,"Jan 30, 1955",Nassau,,Bahamas ,NBA,1978-79
Toumani Camara,2,2024,2025,125,3518,411,905,142,398,138,182,264,671,201,147,69,166,340,1102,0.454,0.357,0.758,28.1,8.8,5.4,1.6,1.2,0.6,"May 8, 2000",Brussels,,Belgium ,NBA,2023-24
Xavier Henry,5,2011,2015,185,2905,368,907,41,126,273,430,81,351,120,100,23,139,264,1050,0.406,0.325,0.635,15.7,5.7,1.9,0.6,0.5,0.1,"Mar 15, 1991",Gent,,Belgium ,NBA,2010-11
Yves Missi,1,2025,2025,54,1454,184,345,0,1,87,136,190,442,73,28,79,65,117,455,0.533,0.0,0.64,26.9,8.4,8.2,1.4,0.5,1.5,"May 14, 2004",Brussels,,Belgium ,NBA,2024-25
Ajay Mitchell,1,2025,2025,34,561,84,166,22,51,28,33,17,67,57,24,3,28,59,218,0.506,0.431,0.848,16.5,6.4,2.0,1.7,0.7,0.1,"Jun 25, 2002",Namur,,Belgium ,NBA,2024-25
Frank Ntilikina,7,2018,2024,321,5454,575,1558,206,643,179,235,98,563,693,210,66,330,602,1535,0.369,0.32,0.762,17.0,4.8,1.8,2.2,0.7,0.2,"Jul 28, 1998",Ixelles,,Belgium ,NBA,2017-18
Tony Parker*,18,2002,2019,1254,38279,7777,15830,519,1603,3400,4525,441,3396,7036,1053,98,2865,2059,19473,0.491,0.324,0.751,30.5,15.5,2.7,5.6,0.8,0.1,"May 17, 1982",Bruges,,Belgium ,NBA,2001-02
Dragan Bender,4,2017,2020,187,3755,373,934,183,567,85,130,113,720,237,54,106,202,372,1014,0.399,0.323,0.654,20.1,5.4,3.9,1.3,0.3,0.6,"Nov 17, 1997",Capljina,,Bosnia and Herzegovina ,NBA,2016-17
Bojan Bogdanović,10,2015,2024,719,20890,3872,8424,1511,3831,1929,2245,381,2559,1194,398,55,1205,1185,11184,0.46,0.394,0.859,29.1,15.6,3.6,1.7,0.6,0.1,"Apr 18, 1989",Mostar,,Bosnia and Herzegovina ,NBA,2014-15
Sasha Danilović,2,1996,1997,75,2331,331,754,119,314,176,223,41,182,149,69,12,153,209,957,0.439,0.379,0.789,31.1,12.8,2.4,2.0,0.9,0.2,"Feb 26, 1970",Sarajevo,,Bosnia and Herzegovina ,NBA,1995-96
Mile Ilić,1,2007,2007,5,6,0,3,0,0,0,0,0,1,0,0,0,3,1,0,0.0,,,1.2,0.0,0.2,0.0,0.0,0.0,"Jun 2, 1984",Tuzla,,Bosnia and Herzegovina ,NBA,2006-07
Ognjen Kuzmić,2,2014,2015,37,164,13,25,0,0,9,15,17,38,8,5,5,15,30,35,0.52,,0.6,4.4,0.9,1.0,0.2,0.1,0.1,"May 16, 1990",Doboj,,Bosnia and Herzegovina ,NBA,2013-14
Damir Markota,1,2007,2007,30,170,19,52,6,16,7,11,11,31,6,3,1,15,22,51,0.365,0.375,0.636,5.7,1.7,1.0,0.2,0.1,0.0,"Dec 26, 1985",Sarajevo,,Bosnia and Herzegovina ,NBA,2006-07
Karlo Matković,1,2025,2025,19,280,34,62,6,18,13,13,26,72,15,10,22,19,43,87,0.548,0.333,1.0,14.7,4.6,3.8,0.8,0.5,1.2,"Mar 30, 2001",Livno,,Bosnia and Herzegovina ,NBA,2024-25
Džanan Musa,2,2019,2020,49,526,73,194,20,88,45,62,22,91,45,17,1,40,31,211,0.376,0.227,0.726,10.7,4.3,1.9,0.9,0.3,0.0,"May 8, 1999",Bihac,,Bosnia and Herzegovina ,NBA,2018-19
Jusuf Nurkić,11,2015,2025,568,13945,2657,5301,117,417,1351,2023,1445,5084,1420,523,634,1227,1813,6782,0.501,0.281,0.668,24.6,11.9,9.0,2.5,0.9,1.1,"Aug 23, 1994",Tuzla,,Bosnia and Herzegovina ,NBA,2014-15
Zoran Planinić,3,2004,2006,148,1584,197,486,37,128,130,192,47,198,165,58,7,120,237,561,0.405,0.289,0.677,10.7,3.8,1.3,1.1,0.4,0.0,"Sep 12, 1982",Mostar,,Bosnia and Herzegovina ,NBA,2003-04
Vladimir Radmanović,12,2002,2013,737,16164,2148,5177,971,2567,612,807,654,2784,998,537,263,837,1552,5879,0.415,0.378,0.758,21.9,8.0,3.8,1.4,0.7,0.4,"Nov 19, 1980",Trebinje,,Bosnia and Herzegovina ,NBA,2001-02
Mirza Teletović,6,2013,2018,324,5765,927,2285,541,1460,241,319,189,1042,273,104,82,255,552,2636,0.406,0.371,0.755,17.8,8.1,3.2,0.8,0.3,0.3,"Sep 18, 1985",Mostar,,Bosnia and Herzegovina ,NBA,2012-13
Ratko Varda,1,2002,2002,1,6,2,3,0,0,1,1,0,1,0,0,0,1,3,5,0.667,,1.0,6.0,5.0,1.0,0.0,0.0,0.0,"May 6, 1979",Bosanska Gradiska,,Bosnia and Herzegovina ,NBA,2001-02
Ivica Zubac,9,2017,2025,558,12534,2232,3644,1,12,981,1347,1439,4409,713,207,547,668,1313,5446,0.613,0.083,0.728,22.5,9.8,7.9,1.3,0.4,1.0,"Mar 18, 1997",Mostar,,Bosnia and Herzegovina ,NBA,2016-17
Rafael Araújo,3,2005,2007,139,1585,156,385,1,4,76,112,124,395,41,51,16,111,300,389,0.405,0.25,0.679,11.4,2.8,2.8,0.3,0.4,0.1,"Aug 12, 1980",Curitiba,,Brazil ,NBA,2004-05
Leandro Barbosa,14,2004,2017,850,18386,3403,7409,988,2556,1241,1511,319,1720,1775,693,121,1061,1651,9035,0.459,0.387,0.821,21.6,10.6,2.0,2.1,0.8,0.1,"Nov 28, 1982",Sao Paulo,,Brazil ,NBA,2003-04
Bruno Caboclo,7,2015,2021,105,1293,162,402,62,201,56,67,82,268,72,36,59,69,135,442,0.403,0.308,0.836,12.3,4.2,2.6,0.7,0.3,0.6,"Sep 21, 1995",Osasco,,Brazil ,NBA,2014-15
Vítor Luiz Faverani,1,2014,2014,37,488,64,147,12,40,24,37,42,128,16,14,27,41,74,164,0.435,0.3,0.649,13.2,4.4,3.5,0.4,0.4,0.7,"May 5, 1988",Porto Alegre,,Brazil ,NBA,2013-14
Cristiano Felício,6,2016,2021,252,3554,431,754,0,14,216,321,381,992,183,72,50,155,358,1078,0.572,0.0,0.673,14.1,4.3,3.9,0.7,0.3,0.2,"Jul 7, 1992",Pouso Alegre,,Brazil ,NBA,2015-16
Rolando Ferreira,1,1989,1989,12,34,1,18,0,0,7,8,4,13,1,0,1,6,7,9,0.056,,0.875,2.8,0.8,1.1,0.1,0.0,0.1,"May 24, 1964",Curitiba,,Brazil ,NBA,1988-89
Alex Garcia,2,2004,2005,10,159,19,59,5,18,4,6,7,15,18,6,1,9,15,47,0.322,0.278,0.667,15.9,4.7,1.5,1.8,0.6,0.1,"Mar 4, 1980",Orlandia,,Brazil ,NBA,2003-04
Nenê,17,2003,2019,965,25237,4175,7621,7,53,2552,3864,1688,5828,1719,1041,721,1688,2934,10909,0.548,0.132,0.66,26.2,11.3,6.0,1.8,1.1,0.7,"Sep 13, 1982",Sao Carlos,,Brazil ,NBA,2002-03
Marcelo Huertas,2,2016,2017,76,1106,122,298,20,80,36,46,20,114,234,36,9,99,92,300,0.409,0.25,0.783,14.6,3.9,1.5,3.1,0.5,0.1,"May 25, 1983",Sao Paulo,,Brazil ,NBA,2015-16
Didi Louzada,2,2021,2022,12,185,15,46,11,31,2,2,6,20,8,4,2,8,18,43,0.326,0.355,1.0,15.4,3.6,1.7,0.7,0.3,0.2,"Feb 7, 1999",Cachoeiro de Itapemirim,,Brazil ,NBA,2020-21
Fab Melo,1,2013,2013,6,36,3,6,0,0,1,4,0,3,0,2,2,1,7,7,0.5,,0.25,6.0,1.2,0.5,0.0,0.3,0.3,"Jun 20, 1990",Juiz de Fora,,Brazil ,NBA,2012-13
Raul Neto,8,2016,2023,435,6765,935,2041,258,714,342,421,96,658,913,279,34,398,569,2470,0.458,0.361,0.812,15.6,5.7,1.5,2.1,0.6,0.1,"May 19, 1992",Belo Horizonte,,Brazil ,NBA,2015-16
Lucas Nogueira,4,2015,2018,141,1754,182,288,9,34,73,114,120,388,72,89,144,75,221,446,0.632,0.265,0.64,12.4,3.2,2.8,0.5,0.6,1.0,"Jul 26, 1992",Sao Goncalo,,Brazil ,NBA,2014-15
Mãozinha Pereira,1,2024,2024,7,122,18,35,5,13,7,10,11,37,2,6,4,5,10,48,0.514,0.385,0.7,17.4,6.9,5.3,0.3,0.9,0.6,"Aug 28, 2000",Rio de Janeiro,,Brazil ,NBA,2023-24
Gui Santos,2,2024,2025,55,601,69,146,33,87,32,40,56,144,52,16,7,29,73,203,0.473,0.379,0.8,10.9,3.7,2.6,0.9,0.3,0.1,"Jun 22, 2002",Brasilia,,Brazil ,NBA,2023-24
Tiago Splitter,7,2011,2017,355,6812,1073,1932,2,14,668,958,576,1779,423,198,209,384,685,2816,0.555,0.143,0.697,19.2,7.9,5.0,1.2,0.6,0.6,"Jan 1, 1985",Joinville,,Brazil ,NBA,2010-11
Anderson Varejão,14,2005,2021,632,15087,1808,3550,1,43,957,1518,1511,4531,737,537,407,593,1633,4574,0.509,0.023,0.63,23.9,7.2,7.2,1.2,0.8,0.6,"Sep 28, 1982",Santa Teresa,,Brazil ,NBA,2004-05
João Vianna,1,1992,1992,1,9,1,2,0,0,0,0,0,0,2,0,0,1,3,2,0.5,,,9.0,2.0,0.0,2.0,0.0,0.0,"Nov 15, 1966",Brasilia,,Brazil ,NBA,1991-92
Marcus Vinicius,2,2007,2008,26,172,16,35,8,19,10,18,3,19,7,3,2,9,14,50,0.457,0.421,0.556,6.6,1.9,0.7,0.3,0.1,0.1,"May 31, 1984",Sao Paulo,,Brazil ,NBA,2006-07
D'Moi Hodge,1,2024,2024,7,41,5,15,3,12,1,2,0,0,5,1,1,1,4,14,0.333,0.25,0.5,5.9,2.0,0.0,0.7,0.1,0.1,"Dec 20, 1998",Tortola,,British Virgin Islands ,NBA,2023-24
Georgi Glouchkov,1,1986,1986,49,772,84,209,1,1,70,122,31,163,32,26,25,76,124,239,0.402,1.0,0.574,15.8,4.9,3.3,0.7,0.5,0.5,"Jan 10, 1960",Triavna,,Bulgaria ,NBA,1985-86
Ruben Boumtje-Boumtje,3,2002,2004,44,276,14,38,0,0,15,27,22,57,6,4,17,14,40,43,0.368,,0.556,6.3,1.0,1.3,0.1,0.1,0.4,"May 20, 1978",Edea,,Cameroon ,NBA,2001-02
Ulrich Chomche,1,2025,2025,7,32,2,5,0,0,1,2,4,8,2,0,1,2,5,5,0.4,,0.5,4.6,0.7,1.1,0.3,0.0,0.1,"Dec 30, 2005",Baham,,Cameroon ,NBA,2024-25
Joel Embiid,9,2017,2025,452,14407,4117,8212,532,1568,3757,4538,1008,4987,1658,411,738,1547,1369,12523,0.501,0.339,0.828,31.9,27.7,11.0,3.7,0.9,1.6,"Mar 16, 1994",Yaounde,,Cameroon ,NBA,2016-17
Christian Koloko,2,2023,2025,87,1048,100,193,1,14,44,67,112,235,43,28,65,27,159,245,0.518,0.071,0.657,12.0,2.8,2.7,0.5,0.3,0.7,"Jun 20, 2000",Douala,,Cameroon ,NBA,2022-23
Luc Mbah a Moute,12,2009,2020,689,16038,1685,3708,207,619,803,1218,962,2800,588,612,263,646,1242,4380,0.454,0.334,0.659,23.3,6.4,4.1,0.9,0.9,0.4,"Sep 9, 1986",Yaounde,,Cameroon ,NBA,2008-09
Pascal Siakam,9,2017,2025,606,18908,4150,8328,658,1944,1914,2496,919,4044,2183,551,358,1093,1649,10872,0.498,0.338,0.767,31.2,17.9,6.7,3.6,0.9,0.6,"Apr 2, 1994",Douala,,Cameroon ,NBA,2016-17
Kyle Alexander,1,2020,2020,2,13,1,2,0,0,0,0,2,3,0,0,0,1,1,2,.500,,,6.5,1.0,1.5,0.0,0.0,0.0,"Oct 21, 1996",Scarborough,,Canada ,NBA,2019-20
Nickeil Alexander-Walker,6,2020,2025,357,7315,1099,2663,524,1444,291,396,145,863,804,238,134,419,585,3013,.413,.363,.735,20.5,8.4,2.4,2.3,0.7,0.4,"Sep 2, 1998",Toronto,,Canada ,NBA,2019-20
Joel Anthony,10,2008,2017,490,7056,398,776,0,0,268,405,562,1353,99,127,531,227,819,1064,.513,,.662,14.4,2.2,2.8,0.2,0.3,1.1,"Aug 9, 1982",Montreal,,Canada ,NBA,2007-08
Norm Baker,1,1947,1947,4,,0,1,,,0,0,,,0,,,,0,0,.000,,,,0.0,,0.0,,,"Feb 17, 1923",Victoria,,Canada ,NBA,1946-47
Dalano Banton,4,2022,2025,193,2712,474,1157,139,445,197,274,104,427,360,103,65,204,202,1284,.410,.312,.719,14.1,6.7,2.2,1.9,0.5,0.3,"Nov 7, 1999",Toronto,,Canada ,NBA,2021-22
RJ Barrett,6,2020,2025,373,12408,2553,5796,620,1782,1308,1862,341,2069,1210,251,103,833,872,7034,.440,.348,.702,33.3,18.9,5.5,3.2,0.7,0.3,"Jun 14, 2000",Toronto,,Canada ,NBA,2019-20
Anthony Bennett,4,2014,2017,151,1905,251,641,36,138,120,179,132,472,77,58,27,99,206,658,.392,.261,.670,12.6,4.4,3.1,0.5,0.4,0.2,"Mar 14, 1993",Toronto,,Canada ,NBA,2013-14
Sim Bhullar,1,2015,2015,3,3,1,2,0,0,0,0,0,1,1,0,1,0,0,2,.500,,,1.0,0.7,0.3,0.3,0.0,0.3,"Dec 2, 1992",Toronto,,Canada ,NBA,2014-15
Khem Birch,6,2018,2023,282,4825,537,1032,14,70,314,450,544,1241,274,136,154,153,460,1402,.520,.200,.698,17.1,5.0,4.4,1.0,0.5,0.5,"Sep 28, 1992",Montreal,,Canada ,NBA,2017-18
Oshae Brissett,5,2020,2024,227,3931,485,1165,182,540,326,467,269,877,185,119,71,125,299,1478,.416,.337,.698,17.3,6.5,3.9,0.8,0.5,0.3,"Jun 20, 1998",Toronto,,Canada ,NBA,2019-20
Dillon Brooks,8,2018,2025,471,13856,2464,5906,832,2370,879,1093,370,1529,941,431,120,682,1571,6639,.417,.351,.804,29.4,14.1,3.2,2.0,0.9,0.3,"Jan 22, 1996",Mississauga,,Canada ,NBA,2017-18
Brandon Clarke,6,2020,2025,296,6181,1289,2136,51,192,391,563,528,1620,395,214,238,214,568,3020,.603,.266,.694,20.9,10.2,5.5,1.3,0.7,0.8,"Sep 19, 1996",Vancouver,,Canada ,NBA,2019-20
Ron Crevier,1,1986,1986,3,4,0,3,0,0,0,2,1,1,0,0,0,0,2,0,.000,,.000,1.3,0.0,0.3,0.0,0.0,0.0,"Apr 14, 1958",Montreal,,Canada ,NBA,1985-86
Bobby Croft,1,1971,1971,62,739,126,348,0,2,73,112,83,206,41,,,44,137,325,.362,.000,.652,11.9,5.2,3.3,0.7,,,"Mar 17, 1946",Hamilton,,Canada ,NBA,1970-71
Nate Darling,1,2021,2021,7,26,2,7,2,7,3,3,1,1,1,0,1,1,1,9,.286,.286,1.000,3.7,1.3,0.1,0.1,0.0,0.1,"Aug 30, 1998",Halifax,,Canada ,NBA,2020-21
Luguentz Dort,6,2020,2025,344,10056,1434,3533,678,1910,686,862,373,1325,555,325,143,390,1011,4232,.406,.355,.796,29.2,12.3,3.9,1.6,0.9,0.4,"Apr 19, 1999",Montreal,,Canada ,NBA,2019-20
Zach Edey,1,2025,2025,43,883,161,281,15,43,54,80,142,330,38,27,51,61,112,391,.573,.349,.675,20.5,9.1,7.7,0.9,0.6,1.2,"May 14, 2002",Toronto,,Canada ,NBA,2024-25
Tyler Ennis,4,2015,2018,186,2336,320,763,66,208,73,95,48,250,359,98,18,171,233,779,.419,.317,.768,12.6,4.2,1.3,1.9,0.5,0.1,"Aug 24, 1994",Brampton,,Canada ,NBA,2014-15
Rick Fox,13,1992,2004,930,23723,3382,7519,771,2208,1431,1858,996,3517,2649,967,355,1611,2739,8966,.450,.349,.770,25.5,9.6,3.8,2.8,1.0,0.4,"Jul 24, 1969",Toronto,,Canada ,NBA,1991-92
Shai Gilgeous-Alexander,7,2019,2025,441,14567,3699,7396,564,1608,2626,3058,332,2113,2214,639,352,1031,1003,10588,.500,.351,.859,33.0,24.0,4.8,5.0,1.4,0.8,"Jul 12, 1998",Toronto,,Canada ,NBA,2018-19
Player,Yrs,0,To,G,MP,FG,FGA,3P,3PA,FT,FTA,ORB,TRB,AST,STL,BLK,TOV,PF,PTS,FG%,3P%,FT%,MP,PTS,TRB,AST,STL,BLK,Date,City,,Canada ,NBA,-1-
Stewart Granger,3,1984,1987,80,996,123,297,4,17,66,89,15,78,173,33,1,91,127,316,.414,.235,.742,12.5,4.0,1.0,2.2,0.4,0.0,"Oct 27, 1961",Montreal,,Canada ,NBA,1983-84
Bob Houbregs*,5,1954,1958,281,6725,906,2245,,,799,1108,,1552,500,,,,690,2611,.404,,.721,23.9,9.3,5.5,1.8,,,"Mar 12, 1932",Vancouver,,Canada ,NBA,1953-54
Caleb Houstan,3,2023,2025,148,2073,181,494,148,421,46,55,75,221,74,35,14,39,162,556,.366,.352,.836,14.0,3.8,1.5,0.5,0.2,0.1,"Jan 9, 2003",Mississauga,,Canada ,NBA,2022-23
Cory Joseph,14,2012,2025,848,17917,2188,4969,501,1437,835,1064,402,2043,2469,611,182,843,1323,5712,.440,.349,.785,21.1,6.7,2.4,2.9,0.7,0.2,"Aug 20, 1991",Toronto,,Canada ,NBA,2011-12
Kris Joseph,1,2013,2013,10,54,2,14,0,3,5,8,1,7,1,3,0,2,3,9,.143,.000,.625,5.4,0.9,0.7,0.1,0.3,0.0,"Dec 17, 1988",Montreal,,Canada ,NBA,2012-13
Mfiondu Kabengele,3,2020,2023,55,380,49,128,22,73,23,27,18,81,19,12,15,18,48,143,.383,.301,.852,6.9,2.6,1.5,0.3,0.2,0.3,"Aug 14, 1997",Toronto,,Canada ,NBA,2019-20
A.J. Lawson,3,2023,2025,62,435,80,173,25,80,18,34,21,75,22,12,3,17,33,203,.462,.313,.529,7.0,3.3,1.2,0.4,0.2,0.0,"Jul 15, 2000",Toronto,,Canada ,NBA,2022-23
Trey Lyles,10,2016,2025,627,11473,1711,3888,620,1791,724,972,551,2711,658,245,225,504,887,4766,.440,.346,.745,18.3,7.6,4.3,1.0,0.4,0.4,"Nov 5, 1995",Saskatoon,,Canada ,NBA,2015-16
Todd MacCulloch,4,2000,2003,223,3439,568,1049,0,0,233,363,340,888,121,61,177,154,478,1369,.541,,.642,15.4,6.1,4.0,0.5,0.3,0.8,"Jan 27, 1976",Winnipeg,,Canada ,NBA,1999-00
Jamaal Magloire,12,2001,2012,680,14621,1763,3675,0,7,1391,2176,1418,4408,386,224,603,998,1792,4917,.480,.000,.639,21.5,7.2,6.5,0.6,0.3,0.9,"May 21, 1978",Toronto,,Canada ,NBA,2000-01
Bennedict Mathurin,3,2023,2025,190,5412,1016,2257,257,742,740,897,212,846,334,114,48,347,404,3029,.450,.346,.825,28.5,15.9,4.5,1.8,0.6,0.3,"Jun 19, 2002",Montreal,,Canada ,NBA,2022-23
Leonard Miller,2,2024,2025,25,74,16,32,2,10,9,10,8,30,8,3,2,3,7,43,.500,.200,.900,3.0,1.7,1.2,0.3,0.1,0.1,"Nov 26, 2003",Scarborough,,Canada ,NBA,2023-24
Naz Mitrou-Long,3,2018,2020,20,132,13,38,5,24,2,2,1,13,23,2,2,11,12,33,.342,.208,1.000,6.6,1.7,0.7,1.2,0.1,0.1,"Aug 3, 1993",Mississauga,,Canada ,NBA,2017-18
Mychal Mulder,3,2020,2022,84,1209,169,409,118,320,27,38,13,107,39,18,15,29,89,483,.413,.369,.711,14.4,5.8,1.3,0.5,0.2,0.2,"Jun 12, 1994",Etobicoke,,Canada ,NBA,2019-20
Jamal Murray,8,2017,2025,519,16177,3416,7512,1106,2903,1311,1511,390,1950,2409,523,192,1058,951,9249,.455,.381,.868,31.2,17.8,3.8,4.6,1.0,0.4,"Feb 23, 1997",Kitchener,,Canada ,NBA,2016-17
Andrew Nembhard,3,2023,2025,182,4879,697,1494,182,527,170,214,92,469,808,183,23,295,414,1746,.467,.345,.794,26.8,9.6,2.6,4.4,1.0,0.1,"Jan 16, 2000",Aurora,,Canada ,NBA,2022-23
Andrew Nicholson,5,2013,2017,285,4080,708,1517,87,271,197,255,188,857,126,74,95,212,458,1700,.467,.321,.773,14.3,6.0,3.0,0.4,0.3,0.3,"Dec 8, 1989",Mississauga,,Canada ,NBA,2012-13
Kelly Olynyk,12,2014,2025,782,17541,2843,5860,907,2449,1351,1693,943,4025,1908,614,359,1251,2221,7944,.485,.370,.798,22.4,10.2,5.1,2.4,0.8,0.5,"Apr 19, 1991",Toronto,,Canada ,NBA,2013-14
Kevin Pangos,1,2022,2022,24,166,15,46,6,26,3,4,2,11,30,3,0,7,11,39,.326,.231,.750,6.9,1.6,0.5,1.3,0.1,0.0,"Jan 26, 1993",Holland Landing,,Canada ,NBA,2021-22
Dwight Powell,11,2015,2025,683,12265,1734,2873,123,418,1098,1489,1066,2936,700,410,303,455,1497,4689,.604,.294,.737,18.0,6.9,4.3,1.0,0.6,0.4,"Jul 20, 1991",Toronto,,Canada ,NBA,2014-15
Player,Yrs,0,To,G,MP,FG,FGA,3P,3PA,FT,FTA,ORB,TRB,AST,STL,BLK,TOV,PF,PTS,FG%,3P%,FT%,MP,PTS,TRB,AST,STL,BLK,Date,City,,Canada ,NBA,-1-
Joshua Primo,3,2022,2024,56,1068,111,299,45,150,51,68,35,127,99,21,26,72,87,318,.371,.300,.750,19.1,5.7,2.3,1.8,0.4,0.5,"Dec 24, 2002",Mississauga,,Canada ,NBA,2021-22
Olivier-Maxence Prosper,2,2024,2025,87,854,105,263,23,91,70,107,69,195,59,31,9,22,46,303,.399,.253,.654,9.8,3.5,2.2,0.7,0.4,0.1,"Jul 3, 2002",Montreal,,Canada ,NBA,2023-24
Xavier Rathan-Mayes,1,2018,2018,5,118,12,42,1,14,4,9,0,5,18,6,3,11,18,29,.286,.071,.444,23.6,5.8,1.0,3.6,1.2,0.6,"Apr 29, 1994",Scarborough,,Canada ,NBA,2017-18
Leo Rautins,2,1984,1985,32,208,21,60,0,0,6,10,10,35,32,9,2,20,34,48,.350,,.600,6.5,1.5,1.1,1.0,0.3,0.1,"Mar 20, 1960",Toronto,,Canada ,NBA,1983-84
Jackson Rowe,1,2025,2025,4,34,4,12,2,9,0,2,0,7,3,3,0,0,4,10,.333,.222,.000,8.5,2.5,1.8,0.8,0.8,0.0,"Jan 4, 1997",Toronto,,Canada ,NBA,2024-25
Shaedon Sharpe,3,2023,2025,161,4298,793,1780,258,765,290,370,140,578,311,105,48,246,307,2134,.446,.337,.784,26.7,13.3,3.6,1.9,0.7,0.3,"May 30, 2003",London,,Canada ,NBA,2022-23
Marial Shayok,1,2020,2020,4,28,3,12,2,6,3,4,1,7,1,0,1,3,4,11,.250,.333,.750,7.0,2.8,1.8,0.3,0.0,0.3,"Jul 26, 1995",Ottawa,,Canada ,NBA,2019-20
Mike Smrek,7,1986,1992,194,1890,211,489,0,2,132,214,146,422,49,37,150,138,417,554,.431,.000,.617,9.7,2.9,2.2,0.3,0.2,0.8,"Aug 31, 1962",Welland,,Canada ,NBA,1985-86
Gino Sovran,1,1947,1947,6,,5,15,,,1,2,,,1,,,,5,11,.333,,.500,,1.8,,0.2,,,"Dec 17, 1924",Windsor,,Canada ,NBA,1946-47
Nik Stauskas,6,2015,2022,343,6701,770,1981,400,1131,350,431,78,691,515,139,80,340,426,2290,.389,.354,.812,19.5,6.7,2.0,1.5,0.4,0.2,"Oct 7, 1993",Mississauga,,Canada ,NBA,2014-15
Tristan Thompson,13,2012,2025,809,20333,2748,5286,10,42,1294,2181,2496,6381,796,377,523,865,1741,6800,.520,.238,.593,25.1,8.4,7.9,1.0,0.5,0.6,"Mar 13, 1991",Toronto,,Canada ,NBA,2011-12
Ernie Vandeweghe,6,1950,1956,224,3600,818,1942,,,499,674,,834,548,,,,753,2135,.421,,.740,26.1,9.5,4.6,2.4,,,"Sep 12, 1928",Montreal,,Canada ,NBA,1949-50
Bill Wennington,13,1986,2000,720,9740,1379,3006,5,36,538,684,688,2148,440,226,248,440,1680,3301,.459,.139,.787,13.5,4.6,3.0,0.6,0.3,0.3,"Apr 26, 1963",Montreal,,Canada ,NBA,1985-86
Andrew Wiggins,11,2015,2025,753,25488,5171,11525,1117,3143,2456,3386,982,3376,1711,727,504,1392,1631,13915,.449,.355,.725,33.8,18.5,4.5,2.3,1.0,0.7,"Feb 23, 1995",Toronto,,Canada ,NBA,2014-15
Lindell Wigginton,3,2022,2024,29,294,46,103,15,46,29,46,3,32,37,5,3,25,25,136,.447,.326,.630,10.1,4.7,1.1,1.3,0.2,0.1,"Mar 28, 1998",Halifax,,Canada ,NBA,2021-22
Jim Zoet,1,1983,1983,7,30,1,5,0,0,0,0,3,8,1,1,3,4,9,2,.200,,,4.3,0.3,1.1,0.1,0.1,0.4,"Dec 20, 1953",Uxbridge,,Canada ,NBA,1982-83
Edy Tavares,2,2016,2017,13,101,15,24,0,0,3,11,11,32,4,1,12,7,11,33,0.625,,0.273,7.8,2.5,2.5,0.3,0.1,0.9,"Mar 22, 1992",Maio,,Cape Verde ,NBA,2015-16
Mengke Bateer,3,2002,2004,46,494,61,156,5.0,15.0,29,39,39.0,114,27,11.0,5.0,40.0,118,156,0.391,0.333,0.744,10.7,3.4,2.5,0.6,0.2,0.1,"Nov 20, 1975",Beijing,,China ,NBA,2001-02
Cui Yongxi,1,2025,2025,5,10,1,7,0.0,3.0,1,2,0.0,2,0,0.0,0.0,0.0,0,3,0.143,0.0,0.5,2.0,0.6,0.4,0.0,0.0,0.0,"May 28, 2003",Yulin,,China ,NBA,2024-25
Yi Jianlian,5,2008,2012,272,6038,813,2012,75.0,225.0,447,573,379.0,1339,192,136.0,184.0,302.0,618,2148,0.404,0.333,0.78,22.2,7.9,4.9,0.7,0.5,0.7,"Oct 27, 1987",He Shan,,China ,NBA,2007-08
Tom Meschery,10,1962,1971,778,23459,3877,8793,,,2150,2885,,6698,1331,,,,2841,9904,0.441,,0.745,30.2,12.7,8.6,1.7,,,"Oct 26, 1938",Harbin Manchuria,,China ,NBA,1961-62
Yao Ming*,8,2003,2011,486,15818,3380,6445,2.0,10.0,2485,2984,1233.0,4494,769,189.0,920.0,1311.0,1596,9247,0.524,0.2,0.833,32.5,19.0,9.2,1.6,0.4,1.9,"Sep 12, 1980",Shanghai,,China ,NBA,2002-03
Zhou Qi,2,2018,2019,19,125,7,33,2.0,19.0,8,12,6.0,22,2,2.0,14.0,10.0,14,24,0.212,0.105,0.667,6.6,1.3,1.2,0.1,0.1,0.7,"Jan 16, 1996",Henan,,China ,NBA,2017-18
Sun Yue,1,2009,2009,10,28,3,11,0.0,6.0,0,0,0.0,0,2,1.0,1.0,3.0,10,6,0.273,0.0,,2.8,0.6,0.0,0.2,0.1,0.1,"Nov 6, 1985",Hebei,,China ,NBA,2008-09
Wang Zhizhi,5,2001,2005,137,1256,213,511,70.0,182.0,108,147,56.0,231,39,25.0,35.0,68.0,155,604,0.417,0.385,0.735,9.2,4.4,1.7,0.3,0.2,0.3,"Jul 8, 1977",Beijing,,China ,NBA,2000-01
Jaime Echenique,1,2022,2022,1,3,0,0,0,0,0,0,0,0,0,0,0,0,0,0,,,,3.0,0.0,0.0,0.0,0.0,0.0,"Apr 27, 1997",Barranquilla,,Colombia ,NBA,2021-22
Duje Dukan,1,2016,2016,1,24,2,10,2,5,0,0,2,4,1,1,0,0,2,6,0.2,0.4,,24.0,6.0,4.0,1.0,1.0,0.0,"Dec 4, 1991",Split,,Croatia ,NBA,2015-16
Gordan Giriček,6,2003,2008,384,8824,1424,3225,289,786,533,648,167,941,584,222,47,517,749,3670,0.442,0.368,0.823,23.0,9.6,2.5,1.5,0.6,0.1,"Jun 20, 1977",Zagreb,,Croatia ,NBA,2002-03
Mario Hezonja,5,2016,2020,330,6107,854,2047,266,833,310,382,147,1026,415,243,80,371,549,2284,0.417,0.319,0.812,18.5,6.9,3.1,1.3,0.7,0.2,"Feb 25, 1995",Dubrovnik,,Croatia ,NBA,2015-16
Mario Kasun,2,2005,2006,73,569,78,167,0,1,42,66,76,188,11,10,16,41,155,198,0.467,0.0,0.636,7.8,2.7,2.6,0.2,0.1,0.2,"Apr 5, 1980",Split,,Croatia ,NBA,2004-05
Toni Kukoč*,13,1994,2006,846,22212,3633,8127,731,2184,1813,2487,1016,3555,3119,817,290,1544,1465,9810,0.447,0.335,0.729,26.3,11.6,4.2,3.7,1.0,0.3,"Sep 18, 1968",Split,,Croatia ,NBA,1993-94
Kosta Perović,1,2008,2008,7,38,3,10,0,0,4,6,6,13,1,0,2,1,6,10,0.3,,0.667,5.4,1.4,1.9,0.1,0.0,0.3,"Feb 19, 1985",Osijek,,Croatia ,NBA,2007-08
Dražen Petrović*,4,1990,1993,290,7669,1705,3369,255,583,796,946,240,669,701,265,27,596,751,4461,0.506,0.437,0.841,26.4,15.4,2.3,2.4,0.9,0.1,"Oct 22, 1964",Sibenik,,Croatia ,NBA,1989-90
Dino Radja*,4,1994,1997,224,7308,1516,3052,0,3,701,954,497,1883,356,201,282,495,745,3733,0.497,0.0,0.735,32.6,16.7,8.4,1.6,0.9,1.3,"Apr 24, 1967",Split,,Croatia ,NBA,1993-94
Damjan Rudež,3,2015,2017,146,1638,175,413,106,284,24,31,18,92,84,31,7,69,143,480,0.424,0.373,0.774,11.2,3.3,0.6,0.6,0.2,0.0,"Jun 17, 1986",Zagreb,,Croatia ,NBA,2014-15
Luka Šamanić,4,2020,2024,86,921,138,336,36,146,72,102,39,210,55,19,19,60,98,384,0.411,0.247,0.706,10.7,4.5,2.4,0.6,0.2,0.2,"Jan 9, 2000",Zagreb,,Croatia ,NBA,2019-20
Dario Šarić,8,2017,2025,491,11068,1823,4112,637,1769,823,983,678,2625,939,278,97,720,984,5106,0.443,0.36,0.837,22.5,10.4,5.3,1.9,0.6,0.2,"Apr 8, 1994",Sibenik,,Croatia ,NBA,2016-17
Predrag Savović,1,2003,2003,27,256,29,93,4,26,21,29,9,25,22,14,1,21,33,83,0.312,0.154,0.724,9.5,3.1,0.9,0.8,0.5,0.0,"May 21, 1976",Pula,,Croatia ,NBA,2002-03
Peja Stojaković,13,1999,2011,804,26966,4825,10719,1760,4392,2237,2500,747,3782,1408,747,106,1090,1398,13647,0.45,0.401,0.895,33.5,17.0,4.7,1.8,0.9,0.1,"Jun 9, 1977",Slavonska Pozega,,Croatia ,NBA,1998-99
Bruno Šundov,7,1999,2005,102,524,79,222,5,24,10,19,32,107,18,15,14,30,106,173,0.356,0.208,0.526,5.1,1.7,1.0,0.2,0.1,0.1,"Feb 10, 1980",Split,,Croatia ,NBA,1998-99
Žan Tabak,6,1995,2001,247,3607,537,1062,0,3,159,303,325,883,165,65,126,269,577,1233,0.506,0.0,0.525,14.6,5.0,3.6,0.7,0.3,0.5,"Jun 15, 1970",Split,,Croatia ,NBA,1994-95
Roko Ukić,2,2009,2010,85,987,137,354,14,74,53,71,27,78,165,31,2,66,83,341,0.387,0.189,0.746,11.6,4.0,0.9,1.9,0.4,0.0,"May 12, 1984",Split,,Croatia ,NBA,2008-09
Stojko Vranković,5,1991,1999,170,2050,197,413,0,0,79,132,155,516,59,22,179,132,318,473,0.477,,0.598,12.1,2.8,3.0,0.3,0.1,1.1,"Jan 22, 1964",Drnis,,Croatia ,NBA,1990-91
Ante Žižić,3,2018,2020,113,1517,273,470,0,0,128,180,150,446,64,22,40,82,170,674,0.581,,0.711,13.4,6.0,3.9,0.6,0.2,0.4,"Jan 4, 1997",Split,,Croatia ,NBA,2017-18
Lazaro Borrell,1,2000,2000,17,167,28,63,0,3,6,11,14,40,10,6.0,3.0,6,9,62,0.444,0.0,0.545,9.8,3.6,2.4,0.6,0.4,0.2,"Sep 20, 1972",Santa Clara,,Cuba ,NBA,1999-00
Al Cueto,2,1970,1971,149,2239,316,782,5,21,157,221,271,731,144,,,152,423,794,0.404,0.238,0.71,15.0,5.3,4.9,1.0,,,"Aug 2, 1946",Havana,,Cuba ,NBA,1969-70
Andrés Guibert,2,1994,1995,22,200,22,67,0,4,16,25,26,61,12,8.0,2.0,18,35,60,0.328,0.0,0.64,9.1,2.7,2.8,0.5,0.4,0.1,"Oct 28, 1968",Havana,,Cuba ,NBA,1993-94
Sasha Vezenkov,1,2024,2024,42,511,84,191,45,120,12,15,30,96,19,20,7,12,42,225,0.44,0.375,0.8,12.2,5.4,2.3,0.5,0.5,0.2,"Aug 6, 1995",Lefkosia,,Cyprus ,NBA,2023-24
Vit Krejci,4,2022,2025,120,2207,230,523,121,333,45,60,50,286,229,65,34,89,204,626,0.44,0.363,0.75,18.4,5.2,2.4,1.9,0.5,0.3,"Jun 19, 2000",Strakonice,,Czech Republic ,NBA,2021-22
Tomáš Satoranský,6,2017,2022,388,8617,997,2132,237,670,445,543,312,1117,1586,309,60,513,658,2676,0.468,0.354,0.82,22.2,6.9,2.9,4.1,0.8,0.2,"Oct 30, 1991",Prague,,Czech Republic ,NBA,2016-17
Jan Veselý,3,2012,2014,162,2455,263,505,0,2,64,157,225,562,96,107,84,123,384,590,0.521,0.0,0.408,15.2,3.6,3.5,0.6,0.7,0.5,"Apr 24, 1990",Ostrava,,Czech Republic ,NBA,2011-12
Jiří Welsch,4,2003,2006,247,4596,516,1280,118,344,369,491,120,602,375,187,15,262,394,1519,0.403,0.343,0.752,18.6,6.1,2.4,1.5,0.8,0.1,"Jan 27, 1980",Pardubice,,Czech Republic ,NBA,2002-03
George Zídek,3,1996,1998,135,1328,161,395,1,4,130,166,108,286,32,14,12,69,241,453,0.408,0.25,0.783,9.8,3.4,2.1,0.2,0.1,0.1,"Aug 2, 1973",Zlin,,Czech Republic ,NBA,1995-96
Bismack Biyombo,14,2012,2025,843,16443,1662,3103,0,3,947,1715,1609,4966,554,220,1082,770,1829,4271,0.536,0.0,0.552,19.5,5.1,5.9,0.7,0.3,1.3,"Aug 28, 1992",Lubumbashi,,Democratic Republic of the Congo ,NBA,2011-12
Christian Eyenga,2,2011,2012,51,1049,136,331,26,94,22,36,31,137,40,37,33,50,85,320,0.411,0.277,0.611,20.6,6.3,2.7,0.8,0.7,0.6,"Jun 22, 1989",Kinshasa,,Democratic Republic of the Congo ,NBA,2010-11
D.J. Mbenga,7,2005,2011,234,1566,180,383,0,2,54,89,129,351,41,37,141,87,286,414,0.47,0.0,0.607,6.7,1.8,1.5,0.2,0.2,0.6,"Dec 30, 1980",Kinshasa,,Democratic Republic of the Congo ,NBA,2004-05
Jonathan Kuminga,4,2022,2025,243,5360,1147,2242,197,576,551,796,260,979,422,156,107,341,533,3042,0.512,0.342,0.692,22.1,12.5,4.0,1.7,0.6,0.4,"Oct 6, 2002",Goma,,Democratic Republic of the Congo ,NBA,2021-22
Emmanuel Mudiay,6,2016,2022,302,7187,1222,3051,276,855,579,778,138,884,1143,215,88,670,492,3299,0.401,0.323,0.744,23.8,10.9,2.9,3.8,0.7,0.3,"Mar 5, 1996",Kinshasa,,Democratic Republic of the Congo ,NBA,2015-16
Dikembe Mutombo*,18,1992,2009,1196,36791,4169,8045,0,2,3391,4960,3808,12359,1240,494,3289,2173,3383,11729,0.518,0.0,0.684,30.8,9.8,10.3,1.0,0.4,2.8,"Jun 25, 1966",Kinshasa,,Democratic Republic of the Congo ,NBA,1991-92
Oscar Tshiebwe,2,2024,2025,12,96,14,26,0,0,14,18,15,39,3,7,1,1,15,42,0.538,,0.778,8.0,3.5,3.3,0.3,0.6,0.1,"Nov 27, 1999",Lubumbashi,,Democratic Republic of the Congo ,NBA,2023-24
Lars Hansen,1,1979,1979,15,205,29,57,,,18,31,22,59,14,1,1,9,28,76,0.509,,0.581,13.7,5.1,3.9,0.9,0.1,0.1,"Sep 14, 1954",Copenhagen,,Denmark ,NBA,1978-79
Gabriel Lundberg,1,2022,2022,4,44,5,19,3.0,8.0,0,0,2,7,11,3,0,3,7,13,0.263,0.375,,11.0,3.3,1.8,2.8,0.8,0.0,"Dec 4, 1994",Copenhagen,,Denmark ,NBA,2021-22
Garth Joseph,1,2001,2001,4,16,1,5,0,0,0,2,2,2,1,0,1,2,1,2,0.2,,0.0,4.0,0.5,0.5,0.3,0.0,0.3,"Aug 8, 1973",Roseau,,Dominica ,NBA,2000-01
Ángel Delgado,1,2019,2019,2,15,1,5,0,0,1,2,2,4,0,1,0,0,2,3,0.2,,0.5,7.5,1.5,2.0,0.0,0.5,0.0,"Nov 20, 1994",Santo Domingo,,Dominican Republic ,NBA,2018-19
Chris Duarte,4,2022,2025,177,3231,483,1190,199,571,183,225,91,467,231,109,27,158,247,1348,0.406,0.349,0.813,18.3,7.6,2.6,1.3,0.6,0.2,"Jun 13, 1997",Puerto Plata,,Dominican Republic ,NBA,2021-22
Luis Flores,1,2005,2005,16,77,14,29,5,10,2,2,1,3,11,2,0,11,9,35,0.483,0.5,1.0,4.8,2.2,0.2,0.7,0.1,0.0,"Apr 11, 1981",San Pedro de Macoris,,Dominican Republic ,NBA,2004-05
Francisco García,10,2006,2015,549,11853,1564,3659,581,1627,614,768,278,1400,747,441,388,545,1229,4323,0.427,0.357,0.799,21.6,7.9,2.6,1.4,0.8,0.7,"Dec 31, 1981",Santo Domingo,,Dominican Republic ,NBA,2005-06
Al Horford,18,2008,2025,1123,35449,5997,11756,942,2498,1587,2084,2141,8819,3584,854,1288,1554,2401,14523,0.51,0.377,0.762,31.6,12.9,7.9,3.2,0.8,1.1,"Jun 3, 1986",Puerto Plata,,Dominican Republic ,NBA,2007-08
Tito Horford,3,1989,1994,63,376,33,110,0,0,27,43,29,84,5,7,26,30,50,93,0.3,,0.628,6.0,1.5,1.3,0.1,0.1,0.4,"Jan 19, 1966",La Romana,,Dominican Republic ,NBA,1988-89
Felipe López,4,1999,2002,249,4145,550,1274,48,147,300,455,212,604,252,161,62,254,451,1448,0.432,0.327,0.659,16.6,5.8,2.4,1.0,0.6,0.2,"Dec 19, 1974",Santo Domingo,,Dominican Republic ,NBA,1998-99
Luis Montero,2,2016,2018,14,50,5,20,1,9,3,4,0,6,1,0,0,6,1,14,0.25,0.111,0.75,3.6,1.0,0.4,0.1,0.0,0.0,"Apr 6, 1993",Santo Domingo,,Dominican Republic ,NBA,2015-16
Alaa Abdelnaby,5,1991,1995,256,3200,620,1236,0,3,225,321,283,846,85,71,69,247,484,1465,0.502,0.0,0.701,12.5,5.7,3.3,0.3,0.3,0.3,"Jun 24, 1968",Cairo,,Egypt ,NBA,1990-91
Abdel Nader,5,2018,2022,202,2583,333,778,125,350,135,188,52,376,110,76,55,133,245,926,0.428,0.357,0.718,12.8,4.6,1.9,0.5,0.4,0.3,"Sep 25, 1993",Alexandria,,Egypt ,NBA,2017-18
Henri Drell,1,2024,2024,4,30,4,10,2,6,1,2,1,4,4,2,1,2,6,11,0.4,0.333,0.5,7.5,2.8,1.0,1.0,0.5,0.3,"Apr 25, 2000",Tallinn,,Estonia ,NBA,2023-24
Martin Müürsepp,2,1997,1998,83,951,137,322,20,62,95,137,81,181,50,41,25,47,154,389,0.425,0.323,0.693,11.5,4.7,2.2,0.6,0.5,0.3,"Sep 26, 1974",Tallinn,,Estonia ,NBA,1996-97
Lauri Markkanen,8,2018,2025,446,13861,2802,6151,1130,3039,1404,1620,630,3187,654,314,221,618,839,8138,0.456,0.372,0.867,31.1,18.2,7.1,1.5,0.7,0.5,"May 22, 1997",Vantaa,,Finland ,NBA,2017-18
Hanno Möttölä,2,2001,2002,155,2360,292,661,1,16,130,166,130,442,75,31,28,137,337,715,0.442,0.063,0.783,15.2,4.6,2.9,0.5,0.2,0.2,"Sep 9, 1976",Helsinki,,Finland ,NBA,2000-01
Tariq Abdul-Wahad,6,1998,2003,236,4807,720,1726,18,76,372,529,286,776,266,184,83,309,485,1830,.417,.237,.703,20.4,7.8,3.3,1.1,0.8,0.4,"Nov 3, 1974",Maisons Alfort,,France ,NBA,1997-98
Alexis Ajinça,7,2009,2017,293,3905,645,1283,12,42,251,315,346,1150,143,102,181,249,661,1553,.503,.286,.797,13.3,5.3,3.9,0.5,0.3,0.6,"May 6, 1988",Saint-Etienne,,France ,NBA,2008-09
Joel Ayayi,1,2022,2022,7,20,1,6,0,1,0,0,1,3,4,0,0,0,0,2,.167,.000,,2.9,0.3,0.4,0.6,0.0,0.0,"Mar 5, 2000",Bordeaux,,France ,NBA,2021-22
Nicolas Batum,17,2009,2025,1107,32191,3950,9060,1710,4667,1514,1821,1081,5406,3530,1009,682,1654,1917,11124,.436,.366,.831,29.1,10.0,4.9,3.2,0.9,0.6,"Dec 14, 1988",Lisieux,,France ,NBA,2008-09
Malcolm Cazalon,1,2024,2024,1,3,0,0,0,0,0,0,0,0,0,0,0,0,0,0,,,,3.0,0.0,0.0,0.0,0.0,0.0,"Aug 27, 2001",Roanne,,France ,NBA,2023-24
Sidy Cissoko,2,2024,2025,29,195,25,51,4,19,13,21,11,32,16,8,3,5,24,67,.490,.211,.619,6.7,2.3,1.1,0.6,0.3,0.1,"Apr 2, 2004",Saint-Maurice,,France ,NBA,2023-24
Petr Cornelie,1,2022,2022,13,38,5,15,1,8,3,4,7,14,3,1,1,4,7,14,.333,.125,.750,2.9,1.1,1.1,0.2,0.1,0.1,"Jul 26, 1995",Calais,,France ,NBA,2021-22
Bilal Coulibaly,2,2024,2025,115,3452,417,983,119,386,217,296,132,516,296,124,84,197,263,1170,.424,.308,.733,30.0,10.2,4.5,2.6,1.1,0.7,"Jul 26, 2004",Saint-Cloud,,France ,NBA,2023-24
Pacome Dadiet,1,2025,2025,14,95,9,27,6,17,2,3,0,14,5,3,2,2,5,26,.333,.353,.667,6.8,1.9,1.0,0.4,0.2,0.1,"Jul 27, 2005",Aubagne,,France ,NBA,2024-25
Nando De Colo,2,2013,2014,119,1414,169,394,49,135,66,79,37,211,203,63,12,116,135,453,.429,.363,.835,11.9,3.8,1.8,1.7,0.5,0.1,"Jun 23, 1987",Sainte-Catherine-les-Arras,,France ,NBA,2012-13
Moussa Diabaté,3,2023,2025,79,1134,132,229,1,4,62,106,182,397,47,43,40,52,95,327,.576,.250,.585,14.4,4.1,5.0,0.6,0.5,0.5,"Jan 21, 2002",Paris,,France ,NBA,2022-23
Boris Diaw,14,2004,2017,1064,28768,3805,7711,475,1413,1054,1470,1258,4634,3684,648,510,1897,2269,9139,.493,.336,.717,27.0,8.6,4.4,3.5,0.6,0.5,"Apr 16, 1982",Cormeilles-en-Parisis,,France ,NBA,2003-04
Yakhouba Diawara,4,2007,2010,187,2614,233,653,122,405,67,103,77,258,122,52,16,72,276,655,.357,.301,.650,14.0,3.5,1.4,0.7,0.3,0.1,"Aug 29, 1982",Paris,,France ,NBA,2006-07
Ousmane Dieng,3,2023,2025,102,1267,167,402,64,228,40,55,45,226,111,37,18,60,91,438,.415,.281,.727,12.4,4.3,2.2,1.1,0.4,0.2,"May 21, 2003",Villeneuve-sur-Lot,,France ,NBA,2022-23
Evan Fournier,12,2013,2024,704,19514,3447,7823,1359,3631,1354,1694,277,1878,1759,615,108,1083,1648,9607,.441,.374,.799,27.7,13.6,2.7,2.5,0.9,0.2,"Oct 29, 1992",Saint-Maurice,,France ,NBA,2012-13
Rudy Gobert,12,2014,2025,812,24873,3797,5800,0,17,2602,4061,2733,9488,1097,558,1699,1323,2159,10196,.655,.000,.641,30.6,12.6,11.7,1.4,0.7,2.1,"Jun 26, 1992",Saint-Quentin,,France ,NBA,2013-14
Jaylen Hoard,3,2020,2022,39,663,103,210,9,39,42,68,65,181,45,24,10,29,45,257,.490,.231,.618,17.0,6.6,4.6,1.2,0.6,0.3,"Mar 30, 1999",Le Havre,,France ,NBA,2019-20
William Howard,1,2020,2020,2,13,0,4,0,4,0,0,0,2,1,0,0,1,1,0,.000,.000,,6.5,0.0,1.0,0.5,0.0,0.0,"Oct 25, 1993",Montbrison,,France ,NBA,2019-20
Joffrey Lauvergne,4,2015,2018,208,2823,477,995,49,172,156,217,239,789,180,55,34,165,286,1159,.479,.285,.719,13.6,5.6,3.8,0.9,0.3,0.2,"Sep 30, 1991",Mulhouse,,France ,NBA,2014-15
Timothé Luwawu-Cabarrot,6,2017,2022,328,5254,648,1657,320,956,321,387,124,656,293,132,42,232,605,1937,.391,.335,.829,16.0,5.9,2.0,0.9,0.4,0.1,"May 9, 1995",Cannes,,France ,NBA,2016-17
Player,Yrs,0,To,G,MP,FG,FGA,3P,3PA,FT,FTA,ORB,TRB,AST,STL,BLK,TOV,PF,PTS,FG%,3P%,FT%,MP,PTS,TRB,AST,STL,BLK,Date,City,,France ,NBA,-1-
Ian Mahinmi,12,2008,2020,618,10353,1201,2254,8,50,799,1305,937,2705,357,357,443,601,1635,3209,.533,.160,.612,16.8,5.2,4.4,0.6,0.6,0.7,"Nov 5, 1986",Rouen,,France ,NBA,2007-08
Théo Maledon,4,2021,2024,177,3753,467,1255,182,588,257,324,63,489,518,131,34,283,275,1373,.372,.310,.793,21.2,7.8,2.8,2.9,0.7,0.2,"Jun 12, 2001",Rouen,,France ,NBA,2020-21
Cozell McQueen,1,1987,1987,3,7,3,3,0,0,0,0,3,8,0,0,1,0,1,6,1.000,,,2.3,2.0,2.7,0.0,0.0,0.3,"Jan 18, 1962",Paris,,France ,NBA,1986-87
Jérôme Moïso,5,2001,2005,145,1392,158,323,0,3,70,118,126,395,38,45,68,104,183,386,.489,.000,.593,9.6,2.7,2.7,0.3,0.3,0.5,"Jun 15, 1978",Paris,,France ,NBA,2000-01
Adam Mokoka,2,2020,2021,25,168,19,47,7,25,2,5,8,15,9,6,1,7,22,47,.404,.280,.400,6.7,1.9,0.6,0.4,0.2,0.0,"Jul 18, 1998",Paris,,France ,NBA,2019-20
Erik Murphy,1,2014,2014,24,62,3,13,0,3,0,0,2,8,2,0,4,2,7,6,.231,.000,,2.6,0.3,0.3,0.1,0.0,0.2,"Oct 26, 1990",Lyon,,France ,NBA,2013-14
Elie Okobo,2,2019,2020,108,1677,186,471,64,203,87,118,28,188,242,56,11,107,163,523,.395,.315,.737,15.5,4.8,1.7,2.2,0.5,0.1,"Oct 23, 1997",Bordeaux,,France ,NBA,2018-19
Johan Petro,8,2006,2013,473,7262,976,2114,2,13,248,366,536,1836,227,193,234,374,1158,2202,.462,.154,.678,15.4,4.7,3.9,0.5,0.4,0.5,"Jan 27, 1986",Paris,,France ,NBA,2005-06
Vincent Poirier,2,2020,2021,32,169,20,48,1,3,8,13,19,57,10,2,12,12,33,49,.417,.333,.615,5.3,1.5,1.8,0.3,0.1,0.4,"Oct 17, 1993",Clamart,,France ,NBA,2019-20
Antoine Rigaudeau,1,2003,2003,11,91,8,35,1,5,0,0,4,8,6,3,0,6,11,17,.229,.200,,8.3,1.5,0.7,0.5,0.3,0.0,"Dec 17, 1971",Cholet,,France ,NBA,2002-03
Rayan Rupert,2,2024,2025,77,934,86,241,38,114,34,45,45,138,80,20,5,49,78,244,.357,.333,.756,12.1,3.2,1.8,1.0,0.3,0.1,"May 31, 2004",Strasbourg,,France ,NBA,2023-24
Tidjane Salaün,1,2025,2025,42,808,70,228,37,134,39,55,48,179,44,24,11,36,54,216,.307,.276,.709,19.2,5.1,4.3,1.0,0.6,0.3,"Aug 10, 2005",Paris,,France ,NBA,2024-25
Alex Sarr,1,2025,2025,43,1155,189,480,64,205,59,95,76,285,95,29,67,60,102,501,.394,.312,.621,26.9,11.7,6.6,2.2,0.7,1.6,"Apr 26, 2005",Bordeaux,,France ,NBA,2024-25
Olivier Sarr,3,2022,2024,46,633,84,150,16,43,39,51,56,160,25,7,27,29,87,223,.560,.372,.765,13.8,4.8,3.5,0.5,0.2,0.6,"Feb 20, 1999",Niort,,France ,NBA,2021-22
Michael Stewart,8,1998,2005,286,3303,246,556,0,0,131,251,349,907,88,56,278,142,557,623,.442,,.522,11.5,2.2,3.2,0.3,0.2,1.0,"Apr 25, 1975",Cucq-Trepied-Stella-Plage,,France ,NBA,1997-98
Pape Sy,1,2011,2011,3,21,2,6,0,1,3,3,2,3,2,1,0,3,1,7,.333,.000,1.000,7.0,2.3,1.0,0.7,0.3,0.0,"Apr 5, 1988",Loudeac,,France ,NBA,2010-11
Killian Tillie,2,2021,2022,54,643,62,184,37,119,14,19,27,84,30,28,23,15,78,175,.337,.311,.737,11.9,3.2,1.6,0.6,0.5,0.4,"Mar 5, 1998",Cagnes-sur-Mer,,France ,NBA,2020-21
Axel Toupane,3,2016,2021,33,413,34,90,15,46,18,24,8,38,19,10,10,6,52,101,.378,.326,.750,12.5,3.1,1.2,0.6,0.3,0.3,"Jul 23, 1992",Mulhouse,,France ,NBA,2015-16
Armel Traoré,1,2025,2025,9,67,6,19,0,7,2,7,2,15,1,4,2,3,6,14,.316,.000,.286,7.4,1.6,1.7,0.1,0.4,0.2,"Jan 23, 2003",Charenton-le-Pont,,France ,NBA,2024-25
Victor Wembanyama,2,2024,2025,117,3633,959,2043,270,797,450,556,243,1261,442,140,430,409,258,2638,.469,.339,.809,31.1,22.5,10.8,3.8,1.2,3.7,"Jan 4, 2004",Le Chesnay,,France ,NBA,2023-24
Player,Yrs,0,To,G,MP,FG,FGA,3P,3PA,FT,FTA,ORB,TRB,AST,STL,BLK,TOV,PF,PTS,FG%,3P%,FT%,MP,PTS,TRB,AST,STL,BLK,Date,City,,France ,NBA,-1-
Dominique Wilkins*,15,1983,1999,1074,38113,9963,21589,711,2231,6031,7438,2950,7169,2677,1378,642,2669,2061,26668,.461,.319,.811,35.5,24.8,6.7,2.5,1.3,0.6,"Jan 12, 1960",Paris,,France ,NBA,1982-83
Guerschon Yabusele,3,2018,2025,127,1890,272,551,101,266,101,139,141,403,134,56,34,95,185,746,.494,.380,.727,14.9,5.9,3.2,1.1,0.4,0.3,"Dec 17, 1995",Dreux,,France ,NBA,2017-18
Damien Inglis,1,2016,2016,20,156,13,37,3,13,7,8,2,31,10,6,3,11,11,36,0.351,0.231,0.875,7.8,1.8,1.6,0.5,0.3,0.2,"May 20, 1995",Cayenne,,French Guiana ,NBA,2015-16
Kevin Séraphin,7,2011,2017,423,6430,1134,2318,0,7,248,347,502,1462,246,88,304,449,903,2516,0.489,0.0,0.715,15.2,5.9,3.5,0.6,0.2,0.7,"Dec 7, 1989",Cayenne,,French Guiana ,NBA,2010-11
Stéphane Lasme,1,2008,2008,16,303,32,71,0,0,19,32,26,53,3,13,22,15,35,83,0.451,,0.594,18.9,5.2,3.3,0.2,0.8,1.4,"Dec 17, 1982",Port-Gentil,,Gabon ,NBA,2007-08
Chris Silva,4,2020,2023,70,532,67,110,1,4,58,82,80,189,36,10,28,51,131,193,0.609,0.25,0.707,7.6,2.8,2.7,0.5,0.1,0.4,"Sep 19, 1996",Libreville,,Gabon ,NBA,2019-20
Goga Bitadze,6,2020,2025,297,4294,652,1207,61,261,273,411,462,1235,335,127,318,217,542,1638,0.54,0.234,0.664,14.5,5.5,4.2,1.1,0.4,1.1,"Jul 20, 1999",Sagarejo,,Georgia ,NBA,2019-20
Zaza Pachulia,16,2004,2019,1098,22240,2608,5559,0,31,2198,2927,2362,6315,1433,768,378,1444,2738,7414,0.469,0.0,0.751,20.3,6.8,5.8,1.3,0.7,0.3,"Feb 10, 1984",Tbilisi,,Georgia ,NBA,2003-04
Tornike Shengelia,2,2013,2014,45,247,23,51,1,8,12,24,13,39,17,6,2,23,29,59,0.451,0.125,0.5,5.5,1.3,0.9,0.4,0.1,0.0,"Oct 5, 1991",Tbilisi,,Georgia ,NBA,2012-13
Vladimir Stepania,6,1999,2004,270,3726,455,1071,2,15,206,384,444,1180,94,110,144,213,482,1118,0.425,0.133,0.536,13.8,4.1,4.4,0.3,0.4,0.5,"May 8, 1976",,,Georgia ,NBA,1998-99
Jake Tsakalidis,7,2001,2007,315,5005,580,1184,0,1,337,513,436,1238,101,73,223,268,689,1497,0.49,0.0,0.657,15.9,4.8,3.9,0.3,0.2,0.7,"Jun 10, 1979",Rustavi,,Georgia ,NBA,2000-01
Nikoloz Tskitishvili,4,2003,2006,172,1946,190,626,43,183,84,115,109,307,114,46,50,126,227,507,0.304,0.235,0.73,11.3,2.9,1.8,0.7,0.3,0.3,"Apr 14, 1983",Tbilisi,,Georgia ,NBA,2002-03
Dalibor Bagarić,3,2001,2003,95,973,97,269,0,2,57,102,84,238,37,29,43,72,163,251,.361,.000,.559,10.2,2.6,2.5,0.4,0.3,0.5,"Feb 7, 1980",Munich,,Germany ,NBA,2000-01
Uwe Blab,5,1986,1990,235,1966,185,427,0,0,135,222,128,413,102,19,85,141,344,505,.433,,.608,8.4,2.1,1.8,0.4,0.1,0.4,"Mar 26, 1962",Munich,,Germany ,NBA,1985-86
Isaac Bonga,4,2019,2022,143,1871,156,361,39,130,88,116,102,320,118,73,37,88,238,439,.432,.300,.759,13.1,3.1,2.2,0.8,0.5,0.3,"Nov 8, 1999",Neuwied,,Germany ,NBA,2018-19
Carlos Boozer,13,2003,2015,861,26901,5847,11221,1,14,2281,3158,2037,8192,1928,765,346,1824,2612,13976,.521,.071,.722,31.2,16.2,9.5,2.2,0.9,0.4,"Nov 20, 1981",Aschaffenburg,,Germany ,NBA,2002-03
Shawn Bradley,12,1994,2005,832,19531,2713,5935,4,39,1322,1847,1743,5268,573,532,2119,1059,2567,6752,.457,.103,.716,23.5,8.1,6.3,0.7,0.6,2.5,"Mar 22, 1972",Landstuhl,,Germany ,NBA,1993-94
John Brown,7,1974,1980,486,10108,1348,2979,0,0,918,1172,824,2126,703,250,76,234,1449,3614,.453,,.783,20.8,7.4,4.4,1.4,0.5,0.2,"Dec 14, 1951",Frankfurt,,Germany ,NBA,1973-74
Tristan Da Silva,1,2025,2025,55,1335,166,390,66,195,46,54,63,202,91,27,13,47,77,444,.426,.338,.852,24.3,8.1,3.7,1.7,0.5,0.2,"May 15, 2001",Munich,,Germany ,NBA,2024-25
Kenton Edelin,1,1985,1985,10,143,4,13,0,0,3,8,8,26,10,5,4,3,39,11,.308,,.375,14.3,1.1,2.6,1.0,0.5,0.4,"May 24, 1962",Heidelburg,,Germany ,NBA,1984-85
Jo Jo English,3,1993,1995,50,577,74,178,11,32,20,36,12,54,46,18,13,46,85,179,.416,.344,.556,11.5,3.6,1.1,0.9,0.4,0.3,"Feb 4, 1970",Frankfurt,,Germany ,NBA,1992-93
Frido Frey,1,1947,1947,23,,28,97,,,32,56,,,14,,,,37,88,.289,,.571,,3.8,,0.6,,,"Oct 26, 1921",,,Germany ,NBA,1946-47
Donté Greene,4,2009,2012,253,4259,585,1441,165,542,206,294,140,600,183,111,116,222,373,1541,.406,.304,.701,16.8,6.1,2.4,0.7,0.4,0.5,"Feb 21, 1988",Munich,,Germany ,NBA,2008-09
Elias Harris,1,2014,2014,2,11,0,1,0,0,0,0,1,1,1,1,0,0,0,0,.000,,,5.5,0.0,0.5,0.5,0.5,0.0,"Jul 6, 1989",Speyer,,Germany ,NBA,2013-14
Charlie Hoefer,2,1947,1948,65,,133,533,,,95,147,,,36,,,,159,361,.250,,.646,,5.6,,0.6,,,"Sep 16, 1921",Frankfort,,Germany ,NBA,1946-47
Ariel Hukporti,1,2025,2025,24,201,17,26,0,0,6,13,12,49,11,1,14,18,29,40,.654,,.462,8.4,1.7,2.0,0.5,0.0,0.6,"Apr 11, 2002",Stralsund,,Germany ,NBA,2024-25
Maxi Kleber,8,2018,2025,440,9827,997,2249,490,1385,337,434,475,1934,508,179,378,297,905,2821,.443,.354,.776,22.3,6.4,4.4,1.2,0.4,0.9,"Jan 29, 1992",Wurzburg,,Germany ,NBA,2017-18
Dirk Nowitzki*,21,1999,2019,1522,51368,11169,23734,1982,5210,7240,8239,1468,11489,3651,1210,1281,2494,3601,31560,.471,.380,.879,33.8,20.7,7.5,2.4,0.8,0.8,"Jun 19, 1978",Wurzburg,,Germany ,NBA,1998-99
Tim Ohlbrecht,1,2013,2013,3,12,1,3,0,0,1,1,0,1,1,1,0,4,1,3,.333,,1.000,4.0,1.0,0.3,0.3,0.3,0.0,"Aug 30, 1988",Wuppertal,,Germany ,NBA,2012-13
Tibor Pleiß,1,2016,2016,12,82,11,25,0,2,2,2,6,15,2,1,2,8,19,24,.440,.000,1.000,6.8,2.0,1.3,0.2,0.1,0.2,"Nov 2, 1989",Bergisch Gladbach,,Germany ,NBA,2015-16
Anthony Randolph,6,2009,2014,252,3841,677,1494,20,83,415,561,335,1078,187,150,224,298,456,1789,.453,.241,.740,15.2,7.1,4.3,0.7,0.6,0.9,"Jul 15, 1989",Wurzbach,,Germany ,NBA,2008-09
Detlef Schrempf,16,1986,2001,1136,33597,5400,10995,475,1236,4486,5585,1871,7023,3833,856,312,2268,3360,15761,.491,.384,.803,29.6,13.9,6.2,3.4,0.8,0.3,"Jan 21, 1963",Leverkusen,,Germany ,NBA,1985-86
Player,Yrs,0,To,G,MP,FG,FGA,3P,3PA,FT,FTA,ORB,TRB,AST,STL,BLK,TOV,PF,PTS,FG%,3P%,FT%,MP,PTS,TRB,AST,STL,BLK,Date,City,,Germany ,NBA,-1-
Dennis Schröder,12,2014,2025,819,22408,4214,9739,1033,3011,2017,2410,340,2369,3971,681,116,1857,1704,11478,.433,.343,.837,27.4,14.0,2.9,4.8,0.8,0.1,"Sep 15, 1993",Braunschweig,,Germany ,NBA,2013-14
Daniel Theis,8,2018,2025,411,7733,1154,2148,195,599,401,552,605,1939,514,190,339,325,1019,2904,.537,.326,.726,18.8,7.1,4.7,1.3,0.5,0.8,"Apr 4, 1992",Salzgitter,,Germany ,NBA,2017-18
Kiki Vandeweghe,13,1981,1993,810,24521,6139,11699,218,592,3484,3997,893,2785,1668,468,243,1310,1560,15980,.525,.368,.872,30.3,19.7,3.4,2.1,0.6,0.3,"Aug 1, 1958",Wiesbaden,,Germany ,NBA,1980-81
Franz Wagner,4,2022,2025,270,8666,1882,3951,395,1209,921,1083,266,1289,974,275,96,513,614,5080,.476,.327,.850,32.1,18.8,4.8,3.6,1.0,0.4,"Aug 27, 2001",Berlin,,Germany ,NBA,2021-22
Moritz Wagner,7,2019,2025,363,6051,1187,2259,260,802,694,860,368,1436,439,185,109,418,791,3328,.525,.324,.807,16.7,9.2,4.0,1.2,0.5,0.3,"Apr 26, 1997",Berlin,,Germany ,NBA,2018-19
Duane Washington,2,1988,1993,19,184,18,47,2,4,16,20,5,24,39,13,0,11,25,54,.383,.500,.800,9.7,2.8,1.3,2.1,0.7,0.0,"Aug 31, 1964",Eschwege,,Germany ,NBA,1987-88
Duane Washington Jr.,2,2022,2023,79,1362,267,683,121,326,62,85,6,119,148,32,7,91,89,717,.391,.371,.729,17.2,9.1,1.5,1.9,0.4,0.1,"Mar 24, 2000",Frankfurt,,Germany ,NBA,2021-22
Chris Welp,3,1988,1990,109,1173,140,314,0,1,79,116,88,265,43,34,54,66,259,359,.446,.000,.681,10.8,3.3,2.4,0.4,0.3,0.5,"Jan 2, 1964",Delmenhorst,,Germany ,NBA,1987-88
Paul Zipser,2,2017,2018,98,1667,169,455,70,209,50,65,28,256,82,35,31,83,164,458,.371,.335,.769,17.0,4.7,2.6,0.8,0.4,0.3,"Feb 18, 1994",Heidelberg,,Germany ,NBA,2016-17
Ben Bentil,1,2017,2017,3,10,0,3,0,1,0,0,0,2,0,0,0,1,1,0,0.0,0.0,,3.3,0.0,0.7,0.0,0.0,0.0,"Mar 29, 1995",,,Ghana ,NBA,2016-17
Amida Brimah,1,2021,2021,5,29,5,8,0,0,3,3,2,8,1,0,5,4,4,13,0.625,,1.0,5.8,2.6,1.6,0.2,0.0,1.0,"Feb 11, 1994",Accra,,Ghana ,NBA,2020-21
Nathan Mensah,1,2024,2024,25,307,12,28,0,0,9,12,29,65,9,6,14,14,64,33,0.429,,0.75,12.3,1.3,2.6,0.4,0.2,0.6,"Apr 9, 1998",Accra,,Ghana ,NBA,2023-24
Giannis Antetokounmpo,12,2014,2025,836,27451,7280,13247,535,1881,4773,6883,1551,8261,4110,936,1043,2534,2487,19868,0.55,0.284,0.693,32.8,23.8,9.9,4.9,1.1,1.2,"Dec 6, 1994",Athens,,Greece ,NBA,2013-14
Kostas Antetokounmpo,3,2019,2021,22,87,6,16,0,0,9,19,6,23,3,4,4,13,10,21,0.375,,0.474,4.0,1.0,1.0,0.1,0.2,0.2,"Nov 20, 1997",Athens,,Greece ,NBA,2018-19
Thanasis Antetokounmpo,6,2016,2024,198,1520,200,393,9,63,72,136,128,307,115,55,31,107,208,481,0.509,0.143,0.529,7.7,2.4,1.6,0.6,0.3,0.2,"Jul 18, 1992",Athens,,Greece ,NBA,2015-16
Antonis Fotsis,1,2002,2002,28,320,42,104,7,23,17,20,25,62,10,9,11,21,22,108,0.404,0.304,0.85,11.4,3.9,2.2,0.4,0.3,0.4,"Apr 1, 1981",Athens,,Greece ,NBA,2001-02
Andreas Glyniadakis,1,2007,2007,13,81,8,17,0,0,1,2,2,8,1,0,0,9,19,17,0.471,,0.5,6.2,1.3,0.6,0.1,0.0,0.0,"Aug 21, 1981",Hania,,Greece ,NBA,2006-07
Georgios Kalaitzakis,1,2022,2022,13,214,31,67,10,26,14,30,6,21,12,11,2,20,19,86,0.463,0.385,0.467,16.5,6.6,1.6,0.9,0.8,0.2,"Jan 2, 1999",Heraklion,,Greece ,NBA,2021-22
Georgios Papagiannis,2,2017,2018,39,477,74,144,0,2,12,14,37,123,29,7,23,32,56,160,0.514,0.0,0.857,12.2,4.1,3.2,0.7,0.2,0.6,"Jul 3, 1997",Amarousio,,Greece ,NBA,2016-17
Kostas Papanikolaou,2,2015,2016,69,1089,93,263,41,138,22,32,47,158,101,42,18,76,95,249,0.354,0.297,0.688,15.8,3.6,2.3,1.5,0.6,0.3,"Jul 31, 1990",Trikala,,Greece ,NBA,2014-15
Efthimios Rentzias,1,2003,2003,35,144,20,59,4,8,8,9,10,26,7,6,2,4,21,52,0.339,0.5,0.889,4.1,1.5,0.7,0.2,0.2,0.1,"Jan 11, 1976",Trikala,,Greece ,NBA,2002-03
Vassilis Spanoulis,1,2007,2007,31,272,23,72,5,29,34,42,5,22,28,7,1,29,33,85,0.319,0.172,0.81,8.8,2.7,0.7,0.9,0.2,0.0,"Aug 7, 1982",Larissa,,Greece ,NBA,2006-07
Rodrigue Beaubois,4,2010,2013,182,2896,502,1143,129,397,153,189,47,338,374,124,52,204,312,1286,0.439,0.325,0.81,15.9,7.1,1.9,2.1,0.7,0.3,"Feb 24, 1988",Pointe-a-Pitre,,Guadeloupe ,NBA,2009-10
Mickaël Gelabale,3,2007,2013,145,2348,263,560,43,136,101,124,107,330,115,50,35,92,186,670,0.47,0.316,0.815,16.2,4.6,2.3,0.8,0.3,0.2,"May 22, 1983",Pointe Noire,,Guadeloupe ,NBA,2006-07
Mickaël Piétrus,10,2004,2013,557,11950,1625,3821,679,1910,700,1053,440,1723,445,371,230,576,1270,4629,0.425,0.355,0.665,21.5,8.3,3.1,0.8,0.7,0.4,"Feb 7, 1982",Les Abymes,,Guadeloupe ,NBA,2003-04
Mamadi Diakite,4,2021,2024,55,529,69,143,8,35,23,33,34,127,20,17,25,23,77,169,0.483,0.229,0.697,9.6,3.1,2.3,0.4,0.3,0.5,"Jan 21, 1997",Conakry,,Guinea ,NBA,2020-21
Sekou Doumbouya,3,2020,2022,96,1639,204,526,55,215,79,114,61,267,66,47,19,81,175,542,0.388,0.256,0.693,17.1,5.6,2.8,0.7,0.5,0.2,"Dec 23, 2000",Conakry,,Guinea ,NBA,2019-20
Rawle Marshall,2,2006,2007,63,602,56,149,5,21,53,74,16,60,23,20,12,34,39,170,0.376,0.238,0.716,9.6,2.7,1.0,0.4,0.3,0.2,"Feb 20, 1982",Georgetown,,Guyana ,NBA,2005-06
Jason Miskiri,1,2000,2000,1,3,0,1,0,1,0,0,0,0,1,0,0,0,2,0,0.0,0.0,,3.0,0.0,0.0,1.0,0.0,0.0,"Aug 19, 1975",Georgetown,,Guyana ,NBA,1999-00
Samuel Dalembert,13,2002,2015,886,21646,2810,5393,1,12,1193,1689,2289,6942,465,437,1546,1271,2601,6814,0.521,0.083,0.706,24.4,7.7,7.8,0.5,0.5,1.7,"May 10, 1981",Port-Au-Prince,,Haiti ,NBA,2001-02
Yvon Joseph,1,1986,1986,1,5,0,0,0,0,2,2,0,0,0,0,0,0,1,2,,,1.0,5.0,2.0,0.0,0.0,0.0,0.0,"Oct 31, 1957",Cap-Haitian,,Haiti ,NBA,1985-86
Skal Labissière,4,2017,2020,148,2595,429,872,30,85,181,242,224,662,152,53,99,151,314,1069,0.492,0.353,0.748,17.5,7.2,4.5,1.0,0.4,0.7,"Mar 18, 1996",Port-au-Prince,,Haiti ,NBA,2016-17
Olden Polynice,15,1988,2004,1058,24884,3557,7037,5,26,1146,2141,2730,7110,744,516,651,1170,2835,8265,0.505,0.192,0.535,23.5,7.8,6.7,0.7,0.5,0.6,"Nov 21, 1964",Port-au-Prince,,Haiti ,NBA,1987-88
Yves Pons,1,2022,2022,12,71,5,16,3,9,0,2,5,12,1,1,4,1,6,13,0.313,0.333,0.0,5.9,1.1,1.0,0.1,0.1,0.3,"May 7, 1999",Port-au-Prince,,Haiti ,NBA,2021-22
Kornél Dávid,3,1999,2001,109,1585,201,451,0,4,147,180,111,306,64,46,24,92,172,549,0.446,0.0,0.817,14.5,5.0,2.8,0.6,0.4,0.2,"Oct 22, 1971",,,Hungary ,NBA,1998-99
Pétur Guðmundsson,4,1982,1989,150,2060,251,508,1,2,190,252,166,563,153,35,96,195,400,693,0.494,0.5,0.754,13.7,4.6,3.8,1.0,0.2,0.6,"Oct 30, 1958",Reykjavik,,Iceland ,NBA,1981-82
Pat Burke,3,2003,2007,127,1293,199,488,9,36,61,92,90,266,44,28,40,87,180,468,0.408,0.25,0.663,10.2,3.7,2.1,0.3,0.2,0.3,"Dec 14, 1973",Dublin,,Ireland ,NBA,2002-03
Hamed Haddadi,5,2009,2013,151,1056,130,281,0,5,79,125,137,372,43,11,92,92,209,339,0.463,0.0,0.632,7.0,2.2,2.5,0.3,0.1,0.6,"May 19, 1985",Ahvaz,,Islamic Republic of Iran ,NBA,2008-09
Deni Avdija,5,2021,2025,341,9065,1303,2840,372,1128,645,864,295,2051,914,271,152,535,851,3623,0.459,0.33,0.747,26.6,10.6,6.0,2.7,0.8,0.4,"Jan 3, 2001",Beit Zera,,Israel ,NBA,2020-21
Omri Casspi,10,2010,2019,588,11959,1718,3781,493,1339,713,1052,473,2355,662,362,134,595,917,4642,0.454,0.368,0.678,20.3,7.9,4.0,1.1,0.6,0.2,"Jun 22, 1988",Holon,,Israel ,NBA,2009-10
T.J. Leaf,4,2018,2021,146,1238,204,415,31,91,38,65,95,283,43,26,28,32,103,477,0.492,0.341,0.585,8.5,3.3,1.9,0.3,0.2,0.2,"Apr 30, 1997",Tel Aviv,,Israel ,NBA,2017-18
Gal Mekel,2,2014,2015,35,335,33,106,5,23,8,12,5,28,76,6,1,33,32,79,0.311,0.217,0.667,9.6,2.3,0.8,2.2,0.2,0.0,"Mar 4, 1988",Petah Tikva,,Israel ,NBA,2013-14
Andrea Bargnani,10,2007,2016,550,15806.0,2932,6676,627.0,1771.0,1382,1677,530.0,2541.0,653,207.0,470.0,851.0,1338,7873,0.439,0.354,0.824,28.7,14.3,4.6,1.2,0.4,0.9,"Oct 26, 1985",Rome,,Italy ,NBA,2006-07
Marco Belinelli,13,2008,2020,860,19548.0,2949,6959,1216.0,3230.0,1256,1485,187.0,1769.0,1429,488.0,65.0,850.0,1222,8370,0.424,0.376,0.846,22.7,9.7,2.1,1.7,0.6,0.1,"Mar 25, 1986",San Giovanni in Persiceto,,Italy ,NBA,2007-08
Hank Biasatti,1,1947,1947,6,,2,5,,,2,4,,,0,,,,3,6,0.4,,0.5,,1.0,,0.0,,,"Jan 14, 1922",Beano,,Italy ,NBA,1946-47
Gigi Datome,2,2014,2015,55,447.0,77,186,25.0,79.0,9,11,17.0,75.0,20,8.0,8.0,20.0,35,188,0.414,0.316,0.818,8.1,3.4,1.4,0.4,0.1,0.1,"Nov 27, 1987",Montebelluna,,Italy ,NBA,2013-14
Vincenzo Esposito,1,1996,1996,30,282.0,36,100,13.0,56.0,31,39,4.0,16.0,23,7.0,0.0,39.0,27,116,0.36,0.232,0.795,9.4,3.9,0.5,0.8,0.2,0.0,"Mar 1, 1969",Caserta,,Italy ,NBA,1995-96
Simone Fontecchio,3,2023,2025,170,3316.0,471,1133,250.0,690.0,146,178,133.0,492.0,189,78.0,41.0,150.0,239,1338,0.416,0.362,0.82,19.5,7.9,2.9,1.1,0.5,0.2,"Dec 9, 1995",Pescara,,Italy ,NBA,2022-23
Danilo Gallinari,14,2009,2024,777,22410.0,3537,8266,1456.0,3825.0,3077,3511,521.0,3618.0,1469,550.0,268.0,908.0,1355,11607,0.428,0.381,0.876,28.8,14.9,4.7,1.9,0.7,0.3,"Aug 8, 1988",Sant'Angelo Lodigiano,,Italy ,NBA,2008-09
Reggie Jackson,14,2012,2025,884,21859.0,4063,9603,1171.0,3395.0,1548,1813,433.0,2463.0,3606,593.0,110.0,1563.0,1677,10845,0.423,0.345,0.854,24.7,12.3,2.8,4.1,0.7,0.1,"Apr 16, 1990",Pordenone,,Italy ,NBA,2011-12
Nico Mannion,1,2021,2021,30,364.0,39,114,22.0,60.0,23,28,6.0,46.0,70,16.0,1.0,31.0,29,123,0.342,0.367,0.821,12.1,4.1,1.5,2.3,0.5,0.0,"Mar 14, 2001",Siena,,Italy ,NBA,2020-21
Nicolò Melli,2,2020,2021,105,1608.0,182,464,92.0,291.0,73,98,67.0,302.0,126,48.0,26.0,58.0,182,529,0.392,0.316,0.745,15.3,5.0,2.9,1.2,0.5,0.2,"Jan 26, 1991",Reggio Emilia,,Italy ,NBA,2019-20
Stefano Rusconi,1,1996,1996,7,30.0,3,9,0.0,0.0,2,5,3.0,6.0,3,0.0,2.0,3.0,10,8,0.333,,0.4,4.3,1.1,0.9,0.4,0.0,0.3,"Oct 2, 1968",Bassano del Grappa,,Italy ,NBA,1995-96
Tristan Vukcevic,2,2024,2025,26,289.0,61,128,20.0,65.0,31,41,15.0,76.0,27,9.0,10.0,21.0,43,173,0.477,0.308,0.756,11.1,6.7,2.9,1.0,0.3,0.4,"Mar 11, 2003",Siena,,Italy ,NBA,2023-24
Patrick Ewing*,17,1986,2002,1183,40594,9702,19241,19,125,5392,7289,2752,11607,2215,1136,2894,3537,4034,24815,0.504,0.152,0.74,34.3,21.0,9.8,1.9,1.0,2.4,"Aug 5, 1962",Kingston,,Jamaica ,NBA,1985-86
Omari Johnson,1,2018,2018,4,75,9,21,4,12,0,0,4,11,7,2,0,3,6,22,0.429,0.333,,18.8,5.5,2.8,1.8,0.5,0.0,"Nov 26, 1989",Kingston,,Jamaica ,NBA,2017-18
Jerome Jordan,2,2012,2015,65,491,67,127,0,0,46,54,66,132,17,9,21,24,73,180,0.528,,0.852,7.6,2.8,2.0,0.3,0.1,0.3,"Sep 29, 1986",Kingston,,Jamaica ,NBA,2011-12
Nick Richards,5,2021,2025,238,4233,642,1001,1,5,402,549,453,1374,143,57,208,215,481,1687,0.641,0.2,0.732,17.8,7.1,5.8,0.6,0.2,0.9,"Nov 29, 1997",Kingston,,Jamaica ,NBA,2020-21
Rumeal Robinson,6,1991,1997,336,6098,1014,2345,112,326,406,665,164,606,1179,301,54,580,599,2546,0.432,0.344,0.611,18.1,7.6,1.8,3.5,0.9,0.2,"Nov 13, 1966",Mandeville,,Jamaica ,NBA,1990-91
Samardo Samuels,3,2011,2013,109,1722,237,532,0,4,164,251,148,366,45,38,41,115,231,638,0.445,0.0,0.653,15.8,5.9,3.4,0.4,0.3,0.4,"Jan 9, 1989",Trelawny,,Jamaica ,NBA,2010-11
Wayne Sappleton,1,1985,1985,33,298,41,87,0,0,14,34,28,75,7,7,4,21,50,96,0.471,,0.412,9.0,2.9,2.3,0.2,0.2,0.1,"Nov 17, 1960",Kingston,,Jamaica ,NBA,1984-85
Gary Voce,1,1990,1990,1,4,1,3,0,0,0,0,2,2,0,0,0,0,0,2,0.333,,,4.0,2.0,2.0,0.0,0.0,0.0,"Nov 24, 1965",,,Jamaica ,NBA,1989-90
Rui Hachimura,6,2020,2025,326,9024,1643,3316,355,934,547,716,334,1595,429,204,97,296,541,4188,0.495,0.38,0.764,27.7,12.8,4.9,1.3,0.6,0.3,"Feb 8, 1998",Toyama,,Japan ,NBA,2019-20
Yuki Kawamura,1,2025,2025,20,63,8,22,4,16,4,6,0,7,14,1,0,4,7,24,0.364,0.25,0.667,3.2,1.2,0.4,0.7,0.1,0.0,"May 2, 2001",Yanai,,Japan ,NBA,2024-25
Yuta Tabuse,1,2005,2005,4,17,1,6,1,1,4,4,2,4,3,0,0,1,1,7,0.167,1.0,1.0,4.3,1.8,1.0,0.8,0.0,0.0,"Oct 5, 1980",Yokohama,,Japan ,NBA,2004-05
Cam Thomas,4,2022,2025,209,4813,1096,2486,296,847,637,742,62,538,412,112,32,293,295,3125,0.441,0.349,0.858,23.0,15.0,2.6,2.0,0.5,0.2,"Oct 13, 2001",Yokosuka,,Japan ,NBA,2021-22
Yuta Watanabe,6,2019,2024,213,2839,320,751,153,413,102,151,106,497,137,83,61,87,234,895,0.426,0.37,0.675,13.3,4.2,2.3,0.6,0.4,0.3,"Oct 13, 1994",Yokohama,,Japan ,NBA,2018-19
Dairis Bertāns,1,2019,2019,12,167,12,47,10,34,0,0,2,9,10,1,0,2,7,34,0.255,0.294,,13.9,2.8,0.8,0.8,0.1,0.0,"Sep 9, 1989",Valmiera,,Latvia ,NBA,2018-19
Dāvis Bertāns,8,2017,2024,475,8546,1186,2810,885,2234,404,468,147,1159,448,205,167,250,770,3661,0.422,0.396,0.863,18.0,7.7,2.4,0.9,0.4,0.4,"Nov 12, 1992",Valmiera,,Latvia ,NBA,2016-17
Andris Biedriņš,10,2005,2014,516,11146,1432,2409,0,2,383,766,1190,3631,467,331,580,479,1626,3247,0.594,0.0,0.5,21.6,6.3,7.0,0.9,0.6,1.1,"Apr 2, 1986",Riga,,Latvia ,NBA,2004-05
Rodions Kurucs,3,2019,2021,131,2103,292,658,97,295,99,134,86,406,113,75,34,136,252,780,0.444,0.329,0.739,16.1,6.0,3.1,0.9,0.6,0.3,"Feb 5, 1998",Cesis,,Latvia ,NBA,2018-19
Anžejs Pasečņiks,2,2020,2021,28,443,61,117,0,4,34,58,43,108,19,9,12,29,77,156,0.521,0.0,0.586,15.8,5.6,3.9,0.7,0.3,0.4,"Dec 20, 1995",Riga,,Latvia ,NBA,2019-20
Kristaps Porziņģis,9,2016,2025,490,15096,3378,7336,922,2535,1938,2333,850,3819,887,358,897,818,1465,9616,0.46,0.364,0.831,30.8,19.6,7.8,1.8,0.7,1.8,"Aug 2, 1995",Liepaja,,Latvia ,NBA,2015-16
Gundars Vētra,1,1993,1993,13,89,19,40,3,3,4,6,4,8,6,2,0,2,12,45,0.475,1.0,0.667,6.8,3.5,0.6,0.5,0.2,0.0,"May 22, 1967",Ventspils,,Latvia ,NBA,1992-93
Steve Kerr,15,1989,2003,910,16207,2042,4263,726,1599,627,726,186,1060,1658,476,46,504,847,5437,0.479,0.454,0.864,17.8,6.0,1.2,1.8,0.5,0.1,"Sep 27, 1965",Beirut,,Lebanon ,NBA,1988-89
Rony Seikaly,11,1989,1999,678,21395,3647,7540,6,32,2691,3961,2142,6424,860,453,872,1913,2341,9991,0.484,0.188,0.679,31.6,14.7,9.5,1.3,0.7,1.3,"May 10, 1965",Beirut,,Lebanon ,NBA,1988-89
Martynas Andriuškevičius,1,2006,2006,6,9,0,1,0,0,0,0,1,4,0,2,0,0,1,0,0.0,,,1.5,0.0,0.7,0.0,0.3,0.0,"Mar 12, 1986",Kaunas,,Lithuania ,NBA,2005-06
Ignas Brazdeikis,3,2020,2022,64,838,122,293,39,124,35,51,36,122,58,14,7,31,73,318,0.416,0.315,0.686,13.1,5.0,1.9,0.9,0.2,0.1,"Jan 8, 1999",Kaunas,,Lithuania ,NBA,2019-20
Zydrunas Ilgauskas,13,1998,2011,843,22965,4207,8842,31,100,2531,3243,2444,6191,955,421,1327,1509,2776,10976,0.476,0.31,0.78,27.2,13.0,7.3,1.1,0.5,1.6,"Jun 5, 1975",Kaunas,,Lithuania ,NBA,1997-98
Šarūnas Jasikevičius,2,2006,2007,138,2530,298,751,130,366,207,228,34,222,399,66,5,206,183,933,0.397,0.355,0.908,18.3,6.8,1.6,2.9,0.5,0.0,"Mar 5, 1976",Kaunas,,Lithuania ,NBA,2005-06
Linas Kleiza,7,2006,2013,409,8185,1268,2912,387,1154,638,836,388,1470,321,159,73,409,886,3561,0.435,0.335,0.763,20.0,8.7,3.6,0.8,0.4,0.2,"Jan 3, 1985",Kaunas,,Lithuania ,NBA,2005-06
Arnoldas Kulboka,1,2022,2022,2,5,0,1,0,1,0,0,0,0,0,0,0,0,1,0,0.0,0.0,,2.5,0.0,0.0,0.0,0.0,0.0,"Jan 4, 1998",Marijampoles,,Lithuania ,NBA,2021-22
Mindaugas Kuzminskas,2,2017,2018,69,1018,158,371,54,168,55,68,47,126,69,29,11,51,79,425,0.426,0.321,0.809,14.8,6.2,1.8,1.0,0.4,0.2,"Oct 19, 1989",Vilnius,,Lithuania ,NBA,2016-17
Arvydas Macijauskas,1,2006,2006,19,135,14,41,3,12,13,15,3,10,5,7,0,8,10,44,0.341,0.25,0.867,7.1,2.3,0.5,0.3,0.4,0.0,"Jan 19, 1980",Klaipeda,,Lithuania ,NBA,2005-06
Šarūnas Marčiulionis*,7,1990,1997,363,8123,1571,3109,127,344,1362,1773,292,819,807,459,31,715,971,4631,0.505,0.369,0.768,22.4,12.8,2.3,2.2,1.3,0.1,"Jun 13, 1964",Kaunas,,Lithuania ,NBA,1989-90
Donatas Motiejūnas,6,2013,2019,251,4566,731,1558,121,404,249,417,298,952,269,118,82,287,538,1832,0.469,0.3,0.597,18.2,7.3,3.8,1.1,0.5,0.3,"Sep 20, 1990",Kaunas,,Lithuania ,NBA,2012-13
Arvydas Sabonis*,7,1996,2003,470,11375,2082,4160,136,415,1329,1690,734,3436,964,370,494,837,1290,5629,0.5,0.328,0.786,24.2,12.0,7.3,2.1,0.8,1.1,"Dec 19, 1964",Kaunas,,Lithuania ,NBA,1995-96
Deividas Sirvydis,2,2021,2022,23,160,15,50,11,35,3,6,0,35,6,5,1,5,13,44,0.3,0.314,0.5,7.0,1.9,1.5,0.3,0.2,0.0,"Jun 10, 2000",Vilnius,,Lithuania ,NBA,2020-21
Darius Songaila,8,2004,2011,495,9229,1449,2904,3,19,514,609,553,1689,589,324,106,486,1197,3415,0.499,0.158,0.844,18.6,6.9,3.4,1.2,0.7,0.2,"Feb 14, 1978",Marijampole,,Lithuania ,NBA,2003-04
Jonas Valančiūnas,13,2013,2025,911,23103,4797,8563,237,688,2209,2788,2497,8526,1252,366,853,1505,2559,12040,0.56,0.344,0.792,25.4,13.2,9.4,1.4,0.4,0.9,"May 6, 1992",Utena,,Lithuania ,NBA,2012-13
Alvin Jones,1,2002,2002,23,126,8,20,0,0,10,20,13,36,3,3,9,11,35,26,0.4,,0.5,5.5,1.1,1.6,0.1,0.1,0.4,"Sep 9, 1978",Luxembourg,,Luxembourg ,NBA,2001-02
Cheick Diallo,5,2017,2022,183,2186,401,673,2,7,154,199,179,759,78,56,73,117,273,958,0.596,0.286,0.774,11.9,5.2,4.1,0.4,0.3,0.4,"Sep 13, 1996",Kayes,,Mali ,NBA,2016-17
Soumaila Samake,2,2001,2003,47,303,28,72,0,0,12,26,32,76,5,2,19,6,36,68,0.389,,0.462,6.4,1.4,1.6,0.1,0.0,0.4,"Mar 18, 1978",Bougouni,,Mali ,NBA,2000-01
Adama Sanogo,2,2024,2025,13,87,18,34,0,0,8,12,24,42,1,1,0,6,6,44,0.529,,0.667,6.7,3.4,3.2,0.1,0.1,0.0,"Feb 12, 2002",Bamako,,Mali ,NBA,2023-24
Ronny Turiaf,10,2006,2015,473,8020,856,1607,0,7,497,782,520,1757,618,181,593,358,1116,2209,0.533,0.0,0.636,17.0,4.7,3.7,1.3,0.4,1.3,"Jan 13, 1983",Le Robert,,Martinique ,NBA,2005-06
Gustavo Ayón,3,2012,2014,135,2251,284,530,0,1,67,133,188,589,173,100,73,122,272,635,0.536,0.0,0.504,16.7,4.7,4.4,1.3,0.7,0.5,"Apr 1, 1985",Tepic,,Mexico ,NBA,2011-12
Jorge Gutiérrez,3,2014,2016,47,482,53,106,3,17,28,36,8,54,69,19,1,32,65,137,0.5,0.176,0.778,10.3,2.9,1.1,1.5,0.4,0.0,"Dec 27, 1988",Chihuahua,,Mexico ,NBA,2013-14
Horacio Llamas,2,1997,1998,28,143,23,49,1,3,11,18,8,36,5,11,8,20,39,58,0.469,0.333,0.611,5.1,2.1,1.3,0.2,0.4,0.3,"Jul 17, 1973",El Rosario,,Mexico ,NBA,1996-97
Eduardo Nájera,12,2001,2012,619,11213,1204,2505,110,354,534,796,897,2307,493,446,231,402,1378,3052,0.481,0.311,0.671,18.1,4.9,3.7,0.8,0.7,0.4,"Jul 11, 1976",Meoqui,,Mexico ,NBA,2000-01
Predrag Drobnjak,4,2002,2005,278,5542,903,2125,66,194,315,394,313,973,225,132,117,242,512,2187,0.425,0.34,0.799,19.9,7.9,3.5,0.8,0.5,0.4,"Oct 27, 1975",Bijelo Polje,,Montenegro ,NBA,2001-02
Nikola Mirotić,5,2015,2019,319,7718,1303,3084,614,1712,690,854,301,1894,407,240,228,381,666,3910,0.423,0.359,0.808,24.2,12.3,5.9,1.3,0.8,0.7,"Feb 11, 1991",Podgorica,,Montenegro ,NBA,2014-15
Žarko Paspalj,1,1990,1990,28,181,27,79,0,1,18,22,15,30,10,3,7,21,37,72,0.342,0.0,0.818,6.5,2.6,1.1,0.4,0.1,0.3,"Mar 27, 1966",Pljevlja,,Montenegro ,NBA,1989-90
Sasha Pavlović,10,2004,2013,567,8888,1070,2651,308,890,339,504,188,1000,517,272,98,460,1026,2787,0.404,0.346,0.673,15.7,4.9,1.8,0.9,0.5,0.2,"Nov 15, 1983",Bar,,Montenegro ,NBA,2003-04
Nikola Peković,6,2011,2016,271,6744,1314,2537,0,0,777,1023,803,1807,199,140,151,414,632,3405,0.518,,0.76,24.9,12.6,6.7,0.7,0.5,0.6,"Jan 3, 1986",Bijelo Polje,,Montenegro ,NBA,2010-11
Aleksandar Radojević,2,2000,2005,15,152,8,26,0,0,10,16,11,36,7,2,3,20,37,26,0.308,,0.625,10.1,1.7,2.4,0.5,0.1,0.2,"Aug 8, 1976",Herceg Novi,,Montenegro ,NBA,1999-00
Marko Simonovic,2,2022,2023,16,55,6,22,2,9,9,13,6,12,0,1,1,2,11,23,0.273,0.222,0.692,3.4,1.4,0.8,0.0,0.1,0.1,"Oct 15, 1999",Kolašin,,Montenegro ,NBA,2021-22
Mike Flynn,3,1976,1978,211,3376,536,1279,25,99,220,350,186,437,454,142,25,156,270,1317,0.419,,0.629,16.0,6.2,2.1,2.2,0.7,0.1,"Jul 31, 1953",Casablanca,,Morocco ,NBA,1975-76
Hank Beenders,3,1947,1949,111,,348,1313,,,239,348,,,53,,,,304,935,0.265,,0.687,,8.4,,0.5,,,"Jun 2, 1916",Haarlem,,Netherlands ,NBA,1946-47
Francisco Elson,9,2004,2012,472,7207.0,725,1517,3.0,16.0,273,390,497.0,1638.0,260,228.0,255.0,355.0,1000,1726,0.478,0.188,0.7,15.3,3.7,3.5,0.6,0.5,0.5,"Feb 28, 1976",Rotterdam,,Netherlands ,NBA,2003-04
Dan Gadzuric,10,2003,2012,527,7793.0,1049,2100,0.0,8.0,367,737,910.0,2326.0,196,242.0,448.0,357.0,1250,2465,0.5,0.0,0.498,14.8,4.7,4.4,0.4,0.5,0.9,"Feb 2, 1978",Den Haag,,Netherlands ,NBA,2002-03
Geert Hammink,3,1994,1996,8,27.0,4,10,0.0,0.0,6,9,3.0,7.0,2,0.0,0.0,2.0,4,14,0.4,,0.667,3.4,1.8,0.9,0.3,0.0,0.0,"Jul 12, 1969",Didam,,Netherlands ,NBA,1993-94
Malevy Leons,1,2025,2025,6,21.0,0,2,0.0,1.0,2,4,1.0,3.0,1,0.0,0.0,1.0,4,2,0.0,0.0,0.5,3.5,0.3,0.5,0.2,0.0,0.0,"Sep 23, 1999",IJmuiden,,Netherlands ,NBA,2024-25
Swen Nater,11,1974,1984,722,20746.0,3714,6939,1.0,10.0,1551,2074,2422.0,8340.0,1235,364.0,427.0,1537.0,2193,8980,0.535,,0.748,28.7,12.4,11.6,1.7,0.5,0.6,"Jan 14, 1950",Den Helder,,Netherlands ,NBA,1973-74
Quinten Post,1,2025,2025,19,270.0,53,112,30.0,72.0,11,11,19.0,67.0,30,4.0,4.0,12.0,30,147,0.473,0.417,1.0,14.2,7.7,3.5,1.6,0.2,0.2,"Mar 21, 2000",Amsterdam,,Netherlands ,NBA,2024-25
Rik Smits,12,1989,2000,867,23100.0,5301,10461,3.0,26.0,2266,2932,1531.0,5277.0,1215,372.0,1111.0,1579.0,3011,12871,0.507,0.115,0.773,26.6,14.8,6.1,1.4,0.4,1.3,"Aug 23, 1966",Eindhoven,,Netherlands ,NBA,1988-89
Steven Adams,11,2014,2025,745,19426,2768,4723,1,15,1120,2101,2704,5990,1119,635,692,1064,1787,6657,0.586,0.067,0.533,26.1,8.9,8.0,1.5,0.9,0.9,"Jul 20, 1993",Rotorua,,New Zealand ,NBA,2013-14
Aron Baynes,9,2013,2021,522,8370,1243,2543,111,360,518,652,805,2396,421,118,255,445,1164,3115,0.489,0.308,0.794,16.0,6.0,4.6,0.8,0.2,0.5,"Dec 9, 1986",Gisborne,,New Zealand ,NBA,2012-13
Sean Marks,11,1999,2011,230,2275,259,578,5,25,115,173,158,501,50,33,87,116,342,638,0.448,0.2,0.665,9.9,2.8,2.2,0.2,0.1,0.4,"Aug 23, 1975",Auckland,,New Zealand ,NBA,1998-99
Kirk Penney,2,2004,2005,6,30,2,9,1,4,0,0,0,2,2,1,0,5,1,5,0.222,0.25,,5.0,0.8,0.3,0.3,0.2,0.0,"Nov 23, 1980",Auckland,,New Zealand ,NBA,2003-04
Precious Achiuwa,5,2021,2025,299,6037,927,1907,120,390,319,524,587,1715,298,169,193,298,543,2293,0.486,0.308,0.609,20.2,7.7,5.7,1.0,0.6,0.6,"Sep 19, 1999",Port Harcourt,,Nigeria ,NBA,2020-21
Solomon Alabi,2,2011,2012,26,181,16,51,0,0,7,10,22,61,5,4,11,8,16,39,0.314,,0.7,7.0,1.5,2.3,0.2,0.2,0.4,"Mar 21, 1988",Kaduna,,Nigeria ,NBA,2010-11
Peter Aluma,1,1999,1999,2,5,1,2,0,0,0,0,1,2,0,1,1,2,4,2,0.5,,,2.5,1.0,1.0,0.0,0.5,0.5,"Apr 23, 1973",Lagos,,Nigeria ,NBA,1998-99
Udoka Azubuike,4,2021,2024,84,724,116,153,0,0,24,54,64,235,14,9,36,37,85,256,0.758,,0.444,8.6,3.0,2.8,0.2,0.1,0.4,"Sep 17, 1999",Lagos,,Nigeria ,NBA,2020-21
Charles Bassey,4,2022,2025,111,1244,214,338,3,13,57,88,176,482,92,43,96,87,184,488,0.633,0.231,0.648,11.2,4.4,4.3,0.8,0.4,0.9,"Oct 28, 2000",Lagos,,Nigeria ,NBA,2021-22
Adem Bona,1,2025,2025,38,411,41,59,0,0,28,44,38,104,11,7,28,25,70,110,0.695,,0.636,10.8,2.9,2.7,0.3,0.2,0.7,"Mar 28, 2003",Lagos,,Nigeria ,NBA,2024-25
Yinka Dare,4,1995,1998,110,1002,86,217,0,0,61,107,101,281,4,12,70,96,179,233,0.396,,0.57,9.1,2.1,2.6,0.0,0.1,0.6,"Oct 10, 1972",Kano,,Nigeria ,NBA,1994-95
Obinna Ekezie,4,2000,2005,143,1516,165,390,0,1,180,250,146,383,31,38,27,95,254,510,0.423,0.0,0.72,10.6,3.6,2.7,0.2,0.3,0.2,"Aug 22, 1975",Port Harcourt,,Nigeria ,NBA,1999-00
Festus Ezeli,3,2013,2016,170,2394,275,536,0,0,162,291,292,725,63,48,166,133,328,712,0.513,,0.557,14.1,4.2,4.3,0.4,0.3,1.0,"Oct 21, 1989",Benin City,,Nigeria ,NBA,2012-13
Chima Moneke,1,2023,2023,2,8,1,2,0,0,0,2,2,2,1,0,0,2,2,2,0.5,,0.0,4.0,1.0,1.0,0.5,0.0,0.0,"Dec 24, 1995",Abuja,,Nigeria ,NBA,2022-23
Julius Nwosu,1,1995,1995,23,84,9,28,0,0,13,17,11,24,3,0,3,9,20,31,0.321,,0.765,3.7,1.3,1.0,0.1,0.0,0.1,"May 1, 1971",Nkwere,,Nigeria ,NBA,1994-95
Josh Okogie,7,2019,2025,408,7827,837,2051,264,880,640,857,444,1213,471,380,172,340,702,2578,0.408,0.3,0.747,19.2,6.3,3.0,1.2,0.9,0.4,"Sep 1, 1998",Lagos,,Nigeria ,NBA,2018-19
Hakeem Olajuwon*,18,1985,2002,1238,44222,10749,20991,25,124,5423,7621,4034,13748,3058,2162,3830,3667,4383,26946,0.512,0.202,0.712,35.7,21.8,11.1,2.5,1.7,3.1,"Jan 21, 1963",Lagos,,Nigeria ,NBA,1984-85
Michael Olowokandi,9,1999,2007,500,13129,1788,4109,0,0,559,936,951,3414,327,226,697,898,1518,4135,0.435,,0.597,26.3,8.3,6.8,0.7,0.5,1.4,"Apr 3, 1975",Lagos,,Nigeria ,NBA,1998-99
Eugene Omoruyi,3,2022,2024,87,1056,184,400,39,137,85,128,80,203,65,55,8,55,155,492,0.46,0.285,0.664,12.1,5.7,2.3,0.7,0.6,0.1,"Feb 14, 1997",Benin City,,Nigeria ,NBA,2021-22
Olumide Oyedeji,3,2001,2003,93,587,50,101,0,0,27,41,61,196,11,16,15,30,106,127,0.495,,0.659,6.3,1.4,2.1,0.1,0.2,0.2,"May 11, 1981",Ibadan,,Nigeria ,NBA,2000-01
Torgeir Bryn,1,1990,1990,3,10,0,2,0,0,4,6,0,2,0,2,1,1,5,4,0.0,,0.667,3.3,1.3,0.7,0.0,0.7,0.3,"Aug 8, 1964",Oslo,,Norway ,NBA,1989-90
Rolando Blackman,13,1982,1994,980,32087,6887,13969,229,667,3620,4309,1047,3278,2981,715,274,1829,1634,17623,0.493,0.343,0.84,32.7,18.0,3.3,3.0,0.7,0.3,"Feb 26, 1959",Panama City,,Panama ,NBA,1981-82
Gary Forbes,2,2011,2012,111,1504,236,544,48,141,125,178,55,218,103,47,10,100,133,645,0.434,0.34,0.702,13.5,5.8,2.0,0.9,0.4,0.1,"Feb 25, 1985",Colon,,Panama ,NBA,2010-11
Rubén Garcés,1,2001,2001,13,73,7,22,0,0,2,8,16,29,5,3,2,5,14,16,0.318,,0.25,5.6,1.2,2.2,0.4,0.2,0.2,"Oct 17, 1973",Colon,,Panama ,NBA,2000-01
Stuart Gray,7,1985,1991,386,3457,338,758,0,7,230,347,309,1020,148,64,133,243,645,906,0.446,0.0,0.663,9.0,2.3,2.6,0.4,0.2,0.3,"May 27, 1963",Panama Canal Zone,,Panama ,NBA,1984-85
Marcin Gortat,12,2008,2019,806,20691.0,3401,6168,3.0,20.0,1146,1686,1759.0,6407,915,383.0,885.0,958.0,1775,7951,0.551,0.15,0.68,25.7,9.9,7.9,1.1,0.5,1.1,"Feb 17, 1984",Lodz,,Poland ,NBA,2007-08
Maciej Lampe,3,2004,2006,64,632.0,94,231,2.0,8.0,25,37,37.0,142,22,8.0,10.0,35.0,81,215,0.407,0.25,0.676,9.9,3.4,2.2,0.3,0.1,0.2,"Feb 5, 1985",Lodz,,Poland ,NBA,2003-04
Johnny Macknowski,2,1950,1951,117,,285,898,,,253,348,,110,134,,,,262,823,0.317,,0.727,,7.0,1.9,1.1,,,"Jan 7, 1923",Barwinek,,Poland ,NBA,1949-50
Cezary Trybański,2,2003,2004,22,101.0,5,24,0.0,0.0,5,12,6.0,15,1,1.0,7.0,10.0,16,15,0.208,,0.417,4.6,0.7,0.7,0.0,0.0,0.3,"Sep 22, 1979",Warsaw,,Poland ,NBA,2002-03
Neemias Queta,4,2022,2025,92,1100,183,293,0,2,66,95,132,323,54,28,60,47,152,432,0.625,0.0,0.695,12.0,4.7,3.5,0.6,0.3,0.7,"Jul 13, 1999",Lisbon,,Portugal ,NBA,2021-22
Carlos Arroyo,9,2002,2011,569,10651,1431,3269,137,405,771,956,210,965,1761,290,26,680,874,3770,0.438,0.338,0.806,18.7,6.6,1.7,3.1,0.5,0.0,"Jul 30, 1979",Fajardo,,Puerto Rico ,NBA,2001-02
J.J. Barea,14,2007,2020,831,16287,2832,6685,819,2330,932,1174,253,1748,3270,331,24,1264,1168,7415,0.424,0.352,0.794,19.6,8.9,2.1,3.9,0.4,0.0,"Jun 26, 1984",Mayaguez,,Puerto Rico ,NBA,2006-07
Gian Clavell,1,2018,2018,7,64,6,18,6,15,2,2,1,7,3,2,0,2,8,20,0.333,0.4,1.0,9.1,2.9,1.0,0.4,0.3,0.0,"Nov 26, 1993",Caguas,,Puerto Rico ,NBA,2017-18
Guillermo Díaz,1,2008,2008,6,18,1,4,0,1,3,5,2,2,1,0,0,0,0,5,0.25,0.0,0.6,3.0,0.8,0.3,0.2,0.0,0.0,"Mar 4, 1985",San Juan,,Puerto Rico ,NBA,2007-08
Butch Lee,2,1979,1980,96,1834,296,658,0,0,181,238,40,137,307,87,1,164,148,773,0.45,,0.761,19.1,8.1,1.4,3.2,0.9,0.0,"Dec 5, 1956",Santurce,,Puerto Rico ,NBA,1978-79
José Ortiz,2,1989,1990,64,391,74,167,1,3,34,57,38,73,18,10,8,41,55,183,0.443,0.333,0.596,6.1,2.9,1.1,0.3,0.2,0.1,"Oct 25, 1963",Aibonito,,Puerto Rico ,NBA,1988-89
Peter John Ramos,1,2005,2005,6,20,5,10,0,0,1,2,1,4,0,0,1,3,4,11,0.5,,0.5,3.3,1.8,0.7,0.0,0.0,0.2,"May 13, 1985",Fajardo,,Puerto Rico ,NBA,2004-05
Ramón Rivas,1,1989,1989,28,91,12,31,0,1,16,25,9,24,3,4,1,9,21,40,0.387,0.0,0.64,3.3,1.4,0.9,0.1,0.1,0.0,"Jun 3, 1966",Carolina,,Puerto Rico ,NBA,1988-89
Ha Seung-Jin,2,2005,2006,46,316,28,54,0,0,14,28,20,67,3,4,13,26,62,70,0.519,,0.5,6.9,1.5,1.5,0.1,0.1,0.3,"Aug 4, 1985",Seoul,,Republic of Korea ,NBA,2004-05
Pero Antić,2,2014,2015,113,1962,231,590,108,344,138,189,115,398,107,37,26,104,258,708,0.392,0.314,0.73,17.4,6.3,3.5,0.9,0.3,0.2,"Jul 29, 1982",Skopje,,Republic of North Macedonia ,NBA,2013-14
Cedi Osman,7,2018,2024,476,10815,1605,3711,714,1998,503,707,216,1411,933,312,71,483,908,4427,0.432,0.357,0.711,22.7,9.3,3.0,2.0,0.7,0.1,"Apr 8, 1995",Ohrid,,Republic of North Macedonia ,NBA,2017-18
Serge Ibaka,14,2010,2023,919,25126,4575,8916,614,1709,1264,1669,1894,6513,749,373,1759,1187,2480,11028,0.513,0.359,0.757,27.3,12.0,7.1,0.8,0.4,1.9,"Sep 18, 1989",Brazzaville,,Republic of the Congo ,NBA,2009-10
Ernie Grunfeld,9,1978,1986,693,12916,2065,4328,33,98,961,1248,516,1815,1419,472,134,801,1511,5124,0.477,,0.77,18.6,7.4,2.6,2.0,0.7,0.2,"Apr 24, 1955",Satu-Mare,,Romania ,NBA,1977-78
Gheorghe Mureșan,6,1994,2000,307,6729,1265,2206,0,1,490,761,658,1957,150,171,455,446,958,3020,0.573,0.0,0.644,21.9,9.8,6.4,0.5,0.6,1.5,"Feb 14, 1971",Triteni,,Romania ,NBA,1993-94
Sergei Bazarevich,1,1995,1995,10,74,11,22,1,6,7,9,1,7,14,1,1,7,10,30,0.5,0.167,0.778,7.4,3.0,0.7,1.4,0.1,0.1,"Mar 16, 1965",Moscow,,Russian Federation ,NBA,1994-95
Sergey Karasev,3,2014,2016,95,1110,96,243,31,110,64,76,30,140,87,32,4,57,94,287,0.395,0.282,0.842,11.7,3.0,1.5,0.9,0.3,0.0,"Oct 26, 1993",St. Petersburg,,Russian Federation ,NBA,2013-14
Sasha Kaun,1,2016,2016,25,95,9,17,0,0,5,11,12,26,3,4,5,7,11,23,0.529,,0.455,3.8,0.9,1.0,0.1,0.2,0.2,"May 8, 1985",Tomsk,,Russian Federation ,NBA,2015-16
Andrei Kirilenko,13,2002,2015,797,23916,3146,6637,367,1185,2772,3675,1400,4352,2169,1097,1461,1518,1605,9431,0.474,0.31,0.754,30.0,11.8,5.5,2.7,1.4,1.8,"Feb 18, 1981",Izhevsk,,Russian Federation ,NBA,2001-02
Yaroslav Korolev,2,2006,2007,34,168,13,46,3,12,10,16,6,16,13,6,0,7,11,39,0.283,0.25,0.625,4.9,1.1,0.5,0.4,0.2,0.0,"May 7, 1987",Moscow,,Russian Federation ,NBA,2005-06
Sergei Monia,1,2006,2006,26,343,29,87,9,34,10,14,11,52,19,7,5,12,41,77,0.333,0.265,0.714,13.2,3.0,2.0,0.7,0.3,0.2,"Apr 15, 1983",Saratov,,Russian Federation ,NBA,2005-06
Timofey Mozgov,8,2011,2018,454,8181,1230,2301,11,58,601,814,769,2225,250,139,383,527,998,3072,0.535,0.19,0.738,18.0,6.8,4.9,0.6,0.3,0.8,"Jul 16, 1986",St. Petersburg,,Russian Federation ,NBA,2010-11
Pavel Podkolzin,2,2005,2006,6,28,0,2,0,0,4,8,0,9,0,0,1,4,4,4,0.0,,0.5,4.7,0.7,1.5,0.0,0.0,0.2,"Jan 15, 1985",Novosibirsk,,Russian Federation ,NBA,2004-05
Alexey Shved,3,2013,2015,182,3271,445,1207,162,529,297,390,85,355,460,110,49,243,201,1349,0.369,0.306,0.762,18.0,7.4,2.0,2.5,0.6,0.3,"Dec 16, 1988",Belgorod,,Russian Federation ,NBA,2012-13
Alexander Volkov,2,1990,1992,149,2453,388,853,48,144,195,318,155,384,333,102,52,154,344,1019,0.455,0.333,0.613,16.5,6.8,2.6,2.2,0.7,0.3,"Mar 28, 1964",Omsk,,Russian Federation ,NBA,1989-90
Chris Boucher,8,2018,2025,405,7184,1280,2620,371,1092,673,864,706,2078,201,196,383,220,764,3604,0.489,0.34,0.779,17.7,8.9,5.1,0.5,0.5,0.9,"Jan 11, 1993",Castries,,Saint Lucia ,NBA,2017-18
Adonal Foyle,12,1998,2009,733,13060,1318,2766,0,2,353,707,1301,3461,344,264,1193,597,1575,2989,0.477,0.0,0.499,17.8,4.1,4.7,0.5,0.4,1.6,"Mar 9, 1975",Canouan,,Saint Vincent and the Grenadines ,NBA,1997-98
Ibou Badji,1,2024,2024,22,226,14,22,0,0,6,12,20,51,13,3,20,15,46,34,0.636,,0.5,10.3,1.5,2.3,0.6,0.1,0.9,"Oct 13, 2002",Dakar,,Senegal ,NBA,2023-24
Gorgui Dieng,10,2014,2023,628,12625,1736,3500,196,552,923,1167,1048,3534,837,468,549,687,1339,4591,0.496,0.355,0.791,20.1,7.3,5.6,1.3,0.7,0.9,"Jan 18, 1990",Kebemer,,Senegal ,NBA,2013-14
DeSagana Diop,12,2002,2013,601,8403,503,1177,1,6,178,381,834,2219,270,227,630,355,1219,1185,0.427,0.167,0.467,14.0,2.0,3.7,0.4,0.4,1.0,"Jan 30, 1982",Dakar,,Senegal ,NBA,2001-02
Tacko Fall,3,2020,2022,37,228,37,55,0,0,8,25,24,90,6,2,30,12,32,82,0.673,,0.32,6.2,2.2,2.4,0.2,0.1,0.8,"Dec 10, 1995",Dakar,,Senegal ,NBA,2019-20
Mouhamed Gueye,2,2024,2025,16,221,30,83,7,39,12,15,18,57,9,15,13,4,25,79,0.361,0.179,0.8,13.8,4.9,3.6,0.6,0.9,0.8,"Nov 9, 2002",Dakar,,Senegal ,NBA,2023-24
Karim Mané,1,2021,2021,10,88,3,13,1,2,4,5,1,14,4,0,2,3,10,11,0.231,0.5,0.8,8.8,1.1,1.4,0.4,0.0,0.2,"May 16, 2000",Dakar,,Senegal ,NBA,2020-21
Hamady N'Diaye,3,2011,2014,33,157,7,15,0,0,6,13,7,25,3,2,9,6,33,20,0.467,,0.462,4.8,0.6,0.8,0.1,0.1,0.3,"Jan 12, 1987",Dakar,,Senegal ,NBA,2010-11
Makhtar N'Diaye,1,1999,1999,4,27,1,4,0,0,3,4,3,5,1,0,1,1,9,5,0.25,,0.75,6.8,1.3,1.3,0.3,0.0,0.3,"Dec 12, 1973",Dakar,,Senegal ,NBA,1998-99
Mamadou N'Diaye,5,2001,2005,69,858,85,199,0,1,92,125,88,225,8,17,64,40,146,262,0.427,0.0,0.736,12.4,3.8,3.3,0.1,0.2,0.9,"Jun 16, 1975",Dakar,,Senegal ,NBA,2000-01
Boniface N'Dong,1,2006,2006,23,152,22,53,0,1,6,9,15,37,7,2,5,6,23,50,0.415,0.0,0.667,6.6,2.2,1.6,0.3,0.1,0.2,"Mar 9, 1977",Dakar,,Senegal ,NBA,2005-06
Maurice Ndour,1,2017,2017,32,331,39,86,1,7,19,26,22,64,8,15,8,12,30,98,0.453,0.143,0.731,10.3,3.1,2.0,0.3,0.5,0.3,"Jun 18, 1992",Sindia,,Senegal ,NBA,2016-17
Cheikh Samb,2,2008,2009,22,114,9,36,0,3,4,9,13,31,1,4,12,4,15,22,0.25,0.0,0.444,5.2,1.0,1.4,0.0,0.2,0.5,"Oct 22, 1984",,,Senegal ,NBA,2007-08
Mouhamed Sene,3,2007,2009,47,260,35,82,0,0,33,56,28,75,1,4,22,15,44,103,0.427,,0.589,5.5,2.2,1.6,0.0,0.1,0.5,"May 12, 1986",Thies,,Senegal ,NBA,2006-07
Pape Sow,3,2005,2007,76,879,79,190,0,0,61,90,78,214,12,34,24,41,166,219,0.416,,0.678,11.6,2.9,2.8,0.2,0.4,0.3,"Nov 22, 1981",Dakar,,Senegal ,NBA,2004-05
Miloš Babić,2,1991,1992,21,87,12,32,0,0,13,20,8,20,10,2,1,10,7,37,.375,,.650,4.1,1.8,1.0,0.5,0.1,0.0,"Nov 23, 1968",Kraljevo,,Serbia ,NBA,1990-91
Nemanja Bjelica,7,2016,2022,449,9172,1279,2746,498,1296,356,469,486,2051,826,288,184,459,1058,3412,.466,.384,.759,20.4,7.6,4.6,1.8,0.6,0.4,"May 9, 1988",Belgrade,,Serbia ,NBA,2015-16
Bogdan Bogdanović,8,2018,2025,477,13639,2493,5732,1179,3104,705,836,235,1592,1529,491,123,685,1008,6870,.435,.380,.843,28.6,14.4,3.3,3.2,1.0,0.3,"Aug 18, 1992",Belgrade,,Serbia ,NBA,2017-18
Žarko Čabarkapa,3,2004,2006,150,1550,234,548,24,88,148,202,98,312,85,33,25,119,221,640,.427,.273,.733,10.3,4.3,2.1,0.6,0.2,0.2,"May 21, 1981",Zrenjanin,,Serbia ,NBA,2003-04
Radisav Ćurčić,1,1993,1993,20,166,16,41,0,0,26,36,17,49,12,7,2,8,30,58,.390,,.722,8.3,2.9,2.5,0.6,0.4,0.1,"Sep 26, 1965",Cacak,,Serbia ,NBA,1992-93
Rastko Cvetković,1,1996,1996,14,48,5,16,0,1,0,4,4,11,3,2,1,3,11,10,.313,.000,.000,3.4,0.7,0.8,0.2,0.1,0.1,"Jun 22, 1970",Belgrade,,Serbia ,NBA,1995-96
Vlade Divac*,16,1990,2005,1134,33838,5205,10510,100,426,2888,4176,2881,9326,3541,1288,1631,2470,3609,13398,.495,.235,.692,29.8,11.8,8.2,3.1,1.1,1.4,"Feb 3, 1968",Prijepolje,,Serbia ,NBA,1989-90
Marko Gudurić,1,2020,2020,44,484,62,157,25,83,24,26,14,73,45,12,8,36,34,173,.395,.301,.923,11.0,3.9,1.7,1.0,0.3,0.2,"Mar 8, 1995",Priboj,,Serbia ,NBA,2019-20
Marko Jarić,7,2003,2009,447,11246,1190,2944,289,840,524,718,274,1200,1600,583,128,708,967,3193,.404,.344,.730,25.2,7.1,2.7,3.6,1.3,0.3,"Oct 12, 1978",Belgrade,,Serbia ,NBA,2002-03
Nikola Jokić,10,2016,2025,726,22912,6019,10770,781,2168,2819,3411,1938,7896,5188,913,524,2107,1945,15638,.559,.360,.826,31.6,21.5,10.9,7.1,1.3,0.7,"Feb 19, 1995",Sombor,,Serbia ,NBA,2015-16
Nenad Krstić,7,2005,2011,419,10547,1724,3493,2,14,760,1041,772,2261,346,162,286,497,1251,4210,.494,.143,.730,25.2,10.0,5.4,0.8,0.4,0.7,"Jul 25, 1983",Kraljevo,,Serbia ,NBA,2004-05
Boban Marjanović,9,2016,2024,331,2882,700,1211,10,42,425,558,402,1189,154,60,96,210,344,1835,.578,.238,.762,8.7,5.5,3.6,0.5,0.2,0.3,"Aug 15, 1988",Zajecar,,Serbia ,NBA,2015-16
Vasilije Micić,2,2024,2025,96,1940,254,643,88,279,95,116,34,175,389,46,7,173,112,691,.395,.315,.819,20.2,7.2,1.8,4.1,0.5,0.1,"Jan 13, 1994",Kraljevo,,Serbia ,NBA,2023-24
Darko Miličić,10,2004,2013,468,8638,1196,2602,0,6,421,734,628,1971,405,206,613,573,1065,2813,.460,.000,.574,18.5,6.0,4.2,0.9,0.4,1.3,"Jun 20, 1985",Novi Sad,,Serbia ,NBA,2003-04
Nemanja Nedović,1,2014,2014,24,142,8,39,3,18,7,8,3,15,13,0,1,13,13,26,.205,.167,.875,5.9,1.1,0.6,0.5,0.0,0.0,"Jun 16, 1991",Nova Varos,,Serbia ,NBA,2013-14
Filip Petrušev,1,2024,2024,3,10,1,2,0,0,1,2,0,1,0,0,0,0,1,3,.500,,.500,3.3,1.0,0.3,0.0,0.0,0.0,"Apr 15, 2000",Belgrade,,Serbia ,NBA,2023-24
Aleksej Pokusevski,4,2021,2024,168,3429,482,1234,171,563,118,168,165,778,327,94,136,255,226,1253,.391,.304,.702,20.4,7.5,4.6,1.9,0.6,0.8,"Dec 26, 2001",Belgrade,,Serbia ,NBA,2020-21
Miroslav Raduljica,2,2014,2015,53,488,71,134,0,0,47,57,56,113,23,8,13,30,92,189,.530,,.825,9.2,3.6,2.1,0.4,0.2,0.2,"Jan 5, 1988",Belgrade,,Serbia ,NBA,2013-14
Igor Rakočević,1,2003,2003,42,244,22,58,5,12,29,36,4,17,33,4,0,23,25,78,.379,.417,.806,5.8,1.9,0.4,0.8,0.1,0.0,"Mar 29, 1978",Belgrade,,Serbia ,NBA,2002-03
Željko Rebrača,5,2002,2006,215,3280,488,926,0,0,300,379,196,688,88,57,160,203,512,1276,.527,,.792,15.3,5.9,3.2,0.4,0.3,0.7,"Apr 9, 1972",Apatin,,Serbia ,NBA,2001-02
Player,Yrs,0,To,G,MP,FG,FGA,3P,3PA,FT,FTA,ORB,TRB,AST,STL,BLK,TOV,PF,PTS,FG%,3P%,FT%,MP,PTS,TRB,AST,STL,BLK,Date,City,,Serbia ,NBA,-1-
Alen Smailagić,2,2020,2021,29,223,31,67,7,23,18,25,16,43,17,6,9,16,25,87,.463,.304,.720,7.7,3.0,1.5,0.6,0.2,0.3,"Aug 18, 2000",Belgrade,,Serbia ,NBA,2019-20
Dragan Tarlać,1,2001,2001,43,598,39,99,0,0,25,33,37,122,31,7,19,38,95,103,.394,,.758,13.9,2.4,2.8,0.7,0.2,0.4,"May 9, 1973",Belgrade,,Serbia ,NBA,2000-01
Miloš Teodosić,2,2018,2019,60,1284,168,400,98,259,43,53,19,142,241,26,6,118,130,477,.420,.378,.811,21.4,8.0,2.4,4.0,0.4,0.1,"Mar 19, 1987",Valjevo,,Serbia ,NBA,2017-18
Mirsad Türkcan,1,2000,2000,17,90,14,38,0,6,5,8,13,33,5,3,1,8,14,33,.368,.000,.625,5.3,1.9,1.9,0.3,0.2,0.1,"Jun 7, 1976",Novi Pazar,,Serbia ,NBA,1999-00
Slavko Vraneš,1,2004,2004,1,3,0,1,0,0,0,0,0,0,0,0,0,0,1,0,.000,,,3.0,0.0,0.0,0.0,0.0,0.0,"Jan 30, 1983",Belgrade,,Serbia ,NBA,2003-04
Aleksandar Djordjevic,1,1997,1997,8,61,8,16,5,7,4,5,1,5,5,0,0,5,3,25,.500,.714,.800,7.6,3.1,0.6,0.6,0.0,0.0,"Aug 26, 1967",Belgrade,,Serbia ,NBA,1996-97
Richard Petruška,1,1994,1994,22,92,20,46,7,15,6,8,9,31,1,2,3,15,15,53,0.435,0.467,0.75,4.2,2.4,1.4,0.0,0.1,0.1,"Jan 25, 1969",Levice,,Slovakia ,NBA,1993-94
Primož Brezec,8,2002,2010,342,6192,1012,2034,1,6,427,609,563,1327,179,69,134,274,730,2452,0.498,0.167,0.701,18.1,7.2,3.9,0.5,0.2,0.4,"Oct 2, 1979",Postojna,,Slovenia ,NBA,2001-02
Vlatko Čančar,5,2020,2025,134,1425,174,362,61,168,61,72,51,227,114,36,21,65,131,470,0.481,0.363,0.847,10.6,3.5,1.7,0.9,0.3,0.2,"Apr 10, 1997",Koper,,Slovenia ,NBA,2019-20
Luka Dončić,7,2019,2025,426,14839,4140,8829,1285,3702,2600,3475,407,3685,3512,517,193,1686,973,12165,0.469,0.347,0.748,34.8,28.6,8.7,8.2,1.2,0.5,"Feb 28, 1999",Ljubljana,,Slovenia ,NBA,2018-19
Goran Dragić,15,2009,2023,946,25604,4605,10029,1150,3181,2208,2883,643,2816,4405,876,167,2064,2119,12568,0.459,0.362,0.766,27.1,13.3,3.0,4.7,0.9,0.2,"May 6, 1986",Ljubljana,,Slovenia ,NBA,2008-09
Zoran Dragić,1,2015,2015,16,75,11,30,3,14,3,5,5,8,5,2,0,5,6,28,0.367,0.214,0.6,4.7,1.8,0.5,0.3,0.1,0.0,"Jun 22, 1989",Ljubljana,,Slovenia ,NBA,2014-15
Marko Milič,2,1998,1999,44,216,47,84,3,7,11,17,13,30,14,13,1,27,24,108,0.56,0.429,0.647,4.9,2.5,0.7,0.3,0.3,0.0,"May 7, 1977",Kranj,,Slovenia ,NBA,1997-98
Boštjan Nachbar,6,2003,2008,317,5628,744,1834,325,867,439,560,126,836,283,135,84,280,698,2252,0.406,0.375,0.784,17.8,7.1,2.6,0.9,0.4,0.3,"Jul 3, 1980",Slovenj Gradec,,Slovenia ,NBA,2002-03
Rasho Nesterović,12,1999,2010,811,17983,2570,5121,1,13,378,646,1513,4143,836,330,934,748,2187,5519,0.502,0.077,0.585,22.2,6.8,5.1,1.0,0.4,1.2,"May 30, 1976",Ljubljana,,Slovenia ,NBA,1998-99
Uroš Slokar,1,2007,2007,20,72,14,26,1,2,9,13,7,14,1,1,2,9,11,38,0.538,0.5,0.692,3.6,1.9,0.7,0.1,0.1,0.1,"May 14, 1983",Ljubljana,,Slovenia ,NBA,2006-07
Beno Udrih,13,2005,2017,831,18185,2740,5922,465,1334,1007,1209,308,1712,2858,576,71,1179,1275,6952,0.463,0.349,0.833,21.9,8.4,2.1,3.4,0.7,0.1,"Jul 5, 1982",Celje,,Slovenia ,NBA,2004-05
Sasha Vujačić,10,2005,2017,581,8908,1075,2757,533,1451,411,479,205,1093,748,336,34,328,880,3094,0.39,0.367,0.858,15.3,5.3,1.9,1.3,0.6,0.1,"Mar 8, 1984",Maribor,,Slovenia ,NBA,2004-05
Steve Nash*,18,1997,2014,1217,38069,6321,12892,1685,3939,3060,3384,643,3642,10335,899,102,3478,1982,17387,0.49,0.428,0.904,31.3,14.3,3.0,8.5,0.7,0.1,"Feb 7, 1974",Johannesburg,,South Africa ,NBA,1996-97
Deng Adel,1,2019,2019,19,194,11,36,6,23,4,4,3,19,5,1,4,6,13,32,0.306,0.261,1.0,10.2,1.7,1.0,0.3,0.1,0.2,"Feb 1, 1997",Juba,,South Sudan ,NBA,2018-19
Manute Bol,10,1986,1995,624,11698,665,1635,43,205,226,403,596,2647,171,126,2086,451,1457,1599,0.407,0.21,0.561,18.7,2.6,4.2,0.3,0.2,3.3,"Oct 16, 1962",Gogrial,,South Sudan ,NBA,1985-86
Luol Deng,15,2005,2019,902,30941,5130,11257,658,1982,2443,3175,1462,5468,2042,880,444,1459,1499,13361,0.456,0.332,0.769,34.3,14.8,6.1,2.3,1.0,0.5,"Apr 16, 1985",Wau,,South Sudan ,NBA,2004-05
Deng Gai,1,2006,2006,2,5,0,0,0,0,0,0,0,0,0,0,0,0,0,0,,,,2.5,0.0,0.0,0.0,0.0,0.0,"Mar 22, 1982",Wau,,South Sudan ,NBA,2005-06
Thon Maker,5,2017,2021,263,3624,425,976,130,397,236,347,218,726,161,96,173,142,460,1216,0.435,0.327,0.68,13.8,4.6,2.8,0.6,0.4,0.7,"Feb 25, 1997",Wau,,South Sudan ,NBA,2016-17
Duop Reath,2,2024,2025,95,1362,254,557,100,283,77,103,103,276,75,34,41,57,178,685,0.456,0.353,0.748,14.3,7.2,2.9,0.8,0.4,0.4,"Jun 26, 1996",Waat,,South Sudan ,NBA,2023-24
Álex Abrines,3,2017,2019,174,2777,305,789,219,595,95,108,49,248,88,92,22,72,291,924,0.387,0.368,0.88,16.0,5.3,1.4,0.5,0.5,0.1,"Aug 1, 1993",Palma de Mallorca,,Spain ,NBA,2016-17
Santi Aldama,4,2022,2025,219,4874,790,1723,295,852,231,333,269,1140,385,132,140,194,319,2106,0.459,0.346,0.694,22.3,9.6,5.2,1.8,0.6,0.6,"Jan 10, 2001",Las Palmas,,Spain ,NBA,2021-22
Wallace Bryant,3,1984,1986,102,1395,134,329,0,0,55,96,128,374,112,35,40,71,196,323,0.407,,0.573,13.7,3.2,3.7,1.1,0.3,0.4,"Jul 14, 1959",Madrid,,Spain ,NBA,1983-84
José Calderón,14,2006,2019,895,23643,3038,6440,920,2260,925,1060,303,2148,5148,716,71,1339,1476,7921,0.472,0.407,0.873,26.4,8.9,2.4,5.8,0.8,0.1,"Sep 28, 1981",Villanueva de la Serena,,Spain ,NBA,2005-06
Victor Claver,3,2013,2015,80,1072,100,251,34,116,24,41,43,178,56,30,16,58,103,258,0.398,0.293,0.585,13.4,3.2,2.2,0.7,0.4,0.2,"Aug 30, 1988",Valencia,,Spain ,NBA,2012-13
Rudy Fernández,4,2009,2012,249,5965,740,1853,413,1147,361,430,128,608,554,249,40,286,369,2254,0.399,0.36,0.84,24.0,9.1,2.4,2.2,1.0,0.2,"Apr 4, 1985",Palma de Mallorca,,Spain ,NBA,2008-09
Jorge Garbajosa,2,2007,2008,74,1983,230,554,72,209,57,78,50,345,128,81,15,65,92,589,0.415,0.344,0.731,26.8,8.0,4.7,1.7,1.1,0.2,"Dec 19, 1977",Madrid,,Spain ,NBA,2006-07
Usman Garuba,3,2022,2024,105,1227,106,227,29,80,35,56,144,397,82,55,43,55,165,276,0.467,0.363,0.625,11.7,2.6,3.8,0.8,0.5,0.4,"Mar 9, 2002",Azuqueca de Henares,,Spain ,NBA,2021-22
Marc Gasol,13,2009,2021,891,28719,4635,9638,431,1197,2813,3625,1411,6604,2996,792,1254,1755,2551,12514,0.481,0.36,0.776,32.2,14.0,7.4,3.4,0.9,1.4,"Jan 29, 1985",Barcelona,,Spain ,NBA,2008-09
Pau Gasol*,18,2002,2019,1226,41001,7980,15729,179,486,4755,6311,3085,11305,3925,606,1941,2638,2632,20894,0.507,0.368,0.753,33.4,17.0,9.2,3.2,0.5,1.6,"Jul 6, 1980",Barcelona,,Spain ,NBA,2001-02
Juancho Hernangómez,7,2017,2023,339,5269,590,1379,266,777,265,392,268,1131,216,131,71,167,365,1711,0.428,0.342,0.676,15.5,5.0,3.3,0.6,0.4,0.2,"Sep 28, 1995",Madrid,,Spain ,NBA,2016-17
Willy Hernangómez,7,2017,2023,344,5149,974,1827,37,121,539,756,709,1982,364,145,134,347,573,2524,0.533,0.306,0.713,15.0,7.3,5.8,1.1,0.4,0.4,"May 27, 1994",Madrid,,Spain ,NBA,2016-17
Raül López,2,2004,2005,113,2135,280,652,45,130,128,150,31,194,428,84,5,221,278,733,0.429,0.346,0.853,18.9,6.5,1.7,3.8,0.7,0.0,"Apr 15, 1980",Vic,,Spain ,NBA,2003-04
Fernando Martín,1,1987,1987,24,146,9,31,0,1,4,11,8,28,9,7,1,20,24,22,0.29,0.0,0.364,6.1,0.9,1.2,0.4,0.3,0.0,"Mar 25, 1962",Madrid,,Spain ,NBA,1986-87
Juan Carlos Navarro,1,2008,2008,82,2117,308,766,156,432,124,146,34,210,177,48,1,134,94,896,0.402,0.361,0.849,25.8,10.9,2.6,2.2,0.6,0.0,"Jun 13, 1980",Sant Feliu de Llobregat,,Spain ,NBA,2007-08
Zaccharie Risacher,1,2025,2025,50,1197,215,501,70,210,79,109,64,178,63,40,25,52,95,579,0.429,0.333,0.725,23.9,11.6,3.6,1.3,0.8,0.5,"Apr 8, 2005",Malaga,,Spain ,NBA,2024-25
Sergio Rodríguez,5,2007,2017,353,5281,676,1651,202,600,193,261,121,525,1183,212,13,491,441,1747,0.409,0.337,0.739,15.0,4.9,1.5,3.4,0.6,0.0,"Jun 12, 1986",Tenerife,,Spain ,NBA,2006-07
Ricky Rubio,12,2012,2023,698,20694,2468,6364,637,1969,1997,2370,428,2830,5160,1226,94,1768,1738,7570,0.388,0.324,0.843,29.6,10.8,4.1,7.4,1.8,0.1,"Oct 21, 1990",El Masnou,,Spain ,NBA,2011-12
Wally Szczerbiak,10,2000,2009,651,20052,3486,7193,590,1453,1633,1899,671,2602,1532,388,160,970,1380,9195,0.485,0.406,0.86,30.8,14.1,4.0,2.4,0.6,0.2,"Mar 5, 1977",Madrid,,Spain ,NBA,1999-00
Bol Bol,6,2020,2025,187,2537,458,843,81,253,128,173,123,663,113,51,145,170,171,1125,0.543,0.32,0.74,13.6,6.0,3.5,0.6,0.3,0.8,"Nov 16, 1999",Khartoum,,Sudan ,NBA,2019-20
Wenyen Gabriel,5,2020,2024,150,1939,262,500,38,122,103,170,203,514,72,53,63,101,293,665,0.524,0.311,0.606,12.9,4.4,3.4,0.5,0.4,0.4,"Mar 26, 1997",Khartoum,,Sudan ,NBA,2019-20
Jonas Jerebko,9,2010,2019,635,11323,1465,3203,400,1101,589,765,763,2522,525,321,153,438,1225,3919,0.457,0.363,0.77,17.8,6.2,4.0,0.8,0.5,0.2,"Mar 2, 1987",Kinna,,Sweden ,NBA,2009-10
Bobi Klintman,1,2025,2025,3,8,0,2,0,1,0,0,0,2,1,0,0,0,2,0,0.0,0.0,,2.7,0.0,0.7,0.3,0.0,0.0,"Mar 6, 2003",Malmo,,Sweden ,NBA,2024-25
Pelle Larsson,1,2025,2025,36,454,48,106,18,53,22,33,14,53,31,15,4,13,62,136,0.453,0.34,0.667,12.6,3.8,1.5,0.9,0.4,0.1,"Feb 23, 2001",Stockholm,,Sweden ,NBA,2024-25
Miles Simon,1,1999,1999,5,19,1,5,0,2,0,0,1,2,0,1,0,3,1,2,0.2,0.0,,3.8,0.4,0.4,0.0,0.2,0.0,"Nov 21, 1975",Stockholm,,Sweden ,NBA,1998-99
Jeff Taylor,3,2013,2015,132,2566,299,731,82,257,127,191,80,263,107,72,21,92,234,807,0.409,0.319,0.665,19.4,6.1,2.0,0.8,0.5,0.2,"May 23, 1989",Norrkoping,,Sweden ,NBA,2012-13
Clint Capela,11,2015,2025,656,17273,3445,5577,0,5,1011,1857,2409,6932,669,443,946,701,1544,7901,0.618,0.0,0.544,26.3,12.0,10.6,1.0,0.7,1.4,"May 18, 1994",Geneva,,Switzerland ,NBA,2014-15
Enes Freedom,11,2012,2022,748,16101,3426,6254,46,159,1451,1868,2223,5822,638,296,363,1076,1606,8349,0.548,0.289,0.777,21.5,11.2,7.8,0.9,0.4,0.5,"May 20, 1992",Zurich,,Switzerland ,NBA,2011-12
Kyshawn George,1,2025,2025,50,1317,136,383,81,259,48,65,39,201,112,44,32,65,150,401,0.355,0.313,0.738,26.3,8.0,4.0,2.2,0.9,0.6,"Dec 12, 2003",Aigle,,Switzerland ,NBA,2024-25
Thabo Sefolosha,14,2007,2020,869,19062,1916,4265,513,1469,649,887,626,3252,1196,935,366,755,1418,4994,0.449,0.349,0.732,21.9,5.7,3.7,1.4,1.1,0.4,"May 2, 1984",Vevey,,Switzerland ,NBA,2006-07
Nikola Vučević,14,2012,2025,955,30024,7017,14115,868,2512,1539,1997,2387,10010,2746,809,829,1647,2329,16441,0.497,0.346,0.771,31.4,17.2,10.5,2.9,0.8,0.9,"Oct 24, 1990",Morges,,Switzerland ,NBA,2011-12
Joe Alexander,2,2009,2010,67,745,103,251,16,47,60,86,46,120,44,16,30,52,116,282,0.41,0.34,0.698,11.1,4.2,1.8,0.7,0.2,0.4,"Dec 26, 1986",Kaohsiung,,Taiwan ,NBA,2008-09
Ken Charles,5,1974,1978,322,7637,1083,2458,,,581,736,198,640,806,407,128,37,806,2747,0.441,,0.789,23.7,8.5,2.0,2.5,1.3,0.4,"Jul 10, 1951",,,Trinidad and Tobago ,NBA,1973-74
Carl Herrera,8,1992,1999,465,8042,1039,2183,2.0,14.0,401,624,577,1690,261,237,204,447,935,2481,0.476,0.143,0.643,17.3,5.3,3.6,0.6,0.5,0.4,"Dec 14, 1966",Trinidad,,Trinidad and Tobago ,NBA,1991-92
Salah Mejri,4,2016,2019,204,2430,280,464,12,41,121,205,259,808,94,72,190,123,382,693,0.603,0.293,0.59,11.9,3.4,4.0,0.5,0.4,0.9,"Jun 15, 1986",Jendouba,,Tunisia ,NBA,2015-16
Furkan Aldemir,1,2015,2015,41,540,40,78,0,5,13,27,78,176,28,17,16,17,96,93,0.513,0.0,0.481,13.2,2.3,4.3,0.7,0.4,0.4,"Aug 9, 1991",Konak,,Turkey ,NBA,2014-15
Ömer Aşık,8,2011,2018,471,9216,947,1795,0,1,585,1062,1036,3362,280,167,339,542,928,2479,0.528,0.0,0.551,19.6,5.3,7.1,0.6,0.4,0.7,"Jul 4, 1986",Bursa,,Turkey ,NBA,2010-11
Onuralp Bitim,1,2024,2024,23,268,32,84,12,44,4,5,6,32,13,3,2,10,24,80,0.381,0.273,0.8,11.7,3.5,1.4,0.6,0.1,0.1,"Mar 31, 1999",Kadıköy,,Turkey ,NBA,2023-24
Semih Erden,2,2011,2012,69,928,101,185,0,0,60,101,57,190,29,25,29,50,164,262,0.546,,0.594,13.4,3.8,2.8,0.4,0.4,0.4,"Jul 28, 1986",Istanbul,,Turkey ,NBA,2010-11
Ersan İlyasova,13,2007,2021,825,18957,3123,7047,883,2409,1235,1590,1397,4661,908,560,293,791,1994,8364,0.443,0.367,0.777,23.0,10.1,5.6,1.1,0.7,0.4,"May 15, 1987",Eskisehir,,Turkey ,NBA,2006-07
Furkan Korkmaz,7,2018,2024,328,5447,778,1917,405,1138,283,372,85,646,391,178,43,214,329,2244,0.406,0.356,0.761,16.6,6.8,2.0,1.2,0.5,0.1,"Jul 24, 1997",Istanbul,,Turkey ,NBA,2017-18
Ibo Kutluay,1,2005,2005,5,12,0,1,0,0,0,0,0,1,0,0,0,2,1,0,0.0,,,2.4,0.0,0.2,0.0,0.0,0.0,"Jul 1, 1974",Istanbul,,Turkey ,NBA,2004-05
Mehmet Okur,10,2003,2012,634,18429,3028,6615,596,1590,1909,2396,1261,4436,1089,329,453,991,1815,8561,0.458,0.375,0.797,29.1,13.5,7.0,1.7,0.5,0.7,"May 26, 1979",Yalova,,Turkey ,NBA,2002-03
Alperen Şengün,4,2022,2025,264,7392,1623,3137,99,364,815,1161,742,2229,1051,269,224,633,836,4160,0.517,0.272,0.702,28.0,15.8,8.4,4.0,1.0,0.8,"Jul 25, 2002",Giresun,,Turkey ,NBA,2021-22
Hedo Türkoğlu,15,2001,2015,997,26695,3851,9034,1246,3246,2074,2645,647,3971,2832,750,299,1578,2403,11022,0.426,0.384,0.784,26.8,11.1,4.0,2.8,0.8,0.3,"Mar 19, 1979",Istanbul,,Turkey ,NBA,2000-01
Omer Yurtseven,3,2022,2024,113,1334,245,458,9,42,62,95,165,525,80,27,40,82,152,561,0.535,0.214,0.653,11.8,5.0,4.6,0.7,0.2,0.4,"Jun 19, 1998",Istanbul,,Turkey ,NBA,2021-22
Raja Bell,12,2001,2012,706,19813,2581,5949,956,2357,880,1101,408,1968,1208,484,130,695,1840,6998,0.434,0.406,0.799,28.1,9.9,2.8,1.7,0.7,0.2,"Sep 19, 1976",St. Croix,,U.S. Virgin Islands ,NBA,2000-01
Charles Claxton,1,1996,1996,3,7,1,2,0,0,0,2,2,2,0,0,1,1,4,2,0.5,,0.0,2.3,0.7,0.7,0.0,0.0,0.3,"Dec 13, 1970",St. Thomas,,U.S. Virgin Islands ,NBA,1995-96
Tim Duncan*,19,1998,2016,1392,47368,10285,20334,30,168,5896,8468,3859,15091,4225,1025,3020,3381,3304,26496,0.506,0.179,0.696,34.0,19.0,10.8,3.0,0.7,2.2,"Apr 25, 1976",St. Croix,,U.S. Virgin Islands ,NBA,1997-98
Joel Bolomboy,2,2017,2018,18,91,12,22,1,5,6,12,10,27,2,3,2,4,4,31,0.545,0.2,0.5,5.1,1.7,1.5,0.1,0.2,0.1,"Jan 28, 1994",Kiev,,Ukraine ,NBA,2016-17
Kyrylo Fesenko,5,2008,2012,135,1107,125,252,0,2,55,134,97,269,40,19,53,66,224,305,0.496,0.0,0.41,8.2,2.3,2.0,0.3,0.1,0.4,"Dec 24, 1986",Dnepropetrovsk,,Ukraine ,NBA,2007-08
Viktor Khryapa,4,2005,2008,143,2351,251,567,14,48,127,193,168,492,142,86,48,139,353,643,0.443,0.292,0.658,16.4,4.5,3.4,1.0,0.6,0.3,"Aug 3, 1982",Kiev,,Ukraine ,NBA,2004-05
Viacheslav Kravtsov,2,2013,2014,45,283,41,61,0,0,15,45,33,62,10,5,10,20,39,97,0.672,,0.333,6.3,2.2,1.4,0.2,0.1,0.2,"Aug 25, 1987",Odessa,,Ukraine ,NBA,2012-13
Alex Len,12,2014,2025,683,11667,1772,3474,111,345,935,1376,1175,3602,583,247,613,729,1598,4590,0.51,0.322,0.68,17.1,6.7,5.3,0.9,0.4,0.9,"Jun 16, 1993",Antratsit,,Ukraine ,NBA,2013-14
Stanislav Medvedenko,7,2001,2007,263,3340,590,1311,2,13,208,281,335,744,136,88,42,159,518,1390,0.45,0.154,0.74,12.7,5.3,2.8,0.5,0.3,0.2,"Apr 4, 1979",Karapyshi,,Ukraine ,NBA,2000-01
Svi Mykhailiuk,7,2019,2025,315,5067,721,1784,420,1163,189,248,108,554,424,173,32,273,300,2051,0.404,0.361,0.762,16.1,6.5,1.8,1.3,0.5,0.1,"Jun 10, 1997",Cherkasy,,Ukraine ,NBA,2018-19
Oleksiy Pecherov,3,2008,2010,111,1044,160,414,45,155,73,92,88,266,20,21,22,59,119,438,0.386,0.29,0.793,9.4,3.9,2.4,0.2,0.2,0.2,"Dec 8, 1985",Donetsk,,Ukraine ,NBA,2007-08
Vitaly Potapenko,11,1997,2007,610,11608,1639,3424,1,6,716,1031,1067,2725,418,258,209,786,1537,3995,0.479,0.167,0.694,19.0,6.5,4.5,0.7,0.4,0.3,"Mar 21, 1975",Kiev,,Ukraine ,NBA,1996-97
Dmytro Skapintsev,1,2024,2024,2,2,0,1,0,0,0,0,0,0,0,0,0,0,0,0,0.0,,,1.0,0.0,0.0,0.0,0.0,0.0,"May 12, 1998",Cherkasy,,Ukraine ,NBA,2023-24
OG Anunoby,8,2018,2025,469,13988.0,2199,4634,798.0,2130.0,622,826,516.0,2019.0,768,597.0,267.0,614.0,1118,5818,0.475,0.375,0.753,29.8,12.4,4.3,1.6,1.3,0.6,"Jul 17, 1997",London,,United Kingdom ,NBA,2017-18
Robert Archibald,2,2003,2004,44,328.0,15,53,0.0,0.0,21,49,27.0,69.0,16,14.0,6.0,17.0,59,51,0.283,,0.429,7.5,1.2,1.6,0.4,0.3,0.1,"Mar 29, 1980",Paisley,,United Kingdom ,NBA,2002-03
Kelenna Azubuike,5,2007,2012,208,5025.0,802,1748,210.0,514.0,364,473,257.0,829.0,230,130.0,103.0,203.0,408,2178,0.459,0.409,0.77,24.2,10.5,4.0,1.1,0.6,0.5,"Dec 16, 1983",London,,United Kingdom ,NBA,2006-07
Steve Bucknall,1,1990,1990,18,75.0,9,33,0.0,1.0,5,6,5.0,7.0,10,2.0,1.0,11.0,10,23,0.273,0.0,0.833,4.2,1.3,0.4,0.6,0.1,0.1,"Mar 17, 1966",London,,United Kingdom ,NBA,1989-90
James Donaldson,14,1981,1995,957,26222.0,3105,5442,0.0,0.0,1993,2722,2060.0,7492.0,765,336.0,1267.0,1454.0,2025,8203,0.571,,0.732,27.4,8.6,7.8,0.8,0.4,1.3,"Aug 16, 1957",Heacham,,United Kingdom ,NBA,1980-81
Ndudi Ebi,2,2004,2005,19,86.0,17,35,0.0,1.0,6,13,8.0,19.0,4,1.0,5.0,6.0,13,40,0.486,0.0,0.462,4.5,2.1,1.0,0.2,0.1,0.3,"Jun 18, 1984",London,,United Kingdom ,NBA,2003-04
Joel Freeland,3,2013,2015,151,1821.0,209,455,0.0,2.0,59,81,190.0,518.0,65,32.0,56.0,74.0,255,477,0.459,0.0,0.728,12.1,3.2,3.4,0.4,0.2,0.4,"Feb 7, 1987",Farnham,,United Kingdom ,NBA,2012-13
Ben Gordon,11,2005,2015,744,20366.0,3931,9092,1171.0,2921.0,2051,2394,333.0,1851.0,1868,508.0,114.0,1551.0,1720,11084,0.432,0.401,0.857,27.4,14.9,2.5,2.5,0.7,0.2,"Apr 4, 1983",London,,United Kingdom ,NBA,2004-05
Woody Grimshaw,1,1947,1947,21,,20,56,,,21,44,,,1,,,,25,61,0.357,,0.477,,2.9,,0.0,,,"Sep 24, 1919",,,United Kingdom ,NBA,1946-47
Chris Harris,1,1956,1956,41,420.0,37,149,,,27,45,,44.0,44,,,,43,101,0.248,,0.6,10.2,2.5,1.1,1.1,,,"Aug 11, 1933",Southampton,,United Kingdom ,NBA,1955-56
Nikola Jović,3,2023,2025,107,2256.0,327,727,151.0,408.0,123,153,60.0,403.0,231,70.0,29.0,112.0,183,928,0.45,0.37,0.804,21.1,8.7,3.8,2.2,0.7,0.3,"Jun 9, 2003",Leicester,,United Kingdom ,NBA,2022-23
Pops Mensah-Bonsu,4,2007,2011,61,509.0,64,156,0.0,2.0,53,90,83.0,180.0,11,14.0,14.0,40.0,82,181,0.41,0.0,0.589,8.3,3.0,3.0,0.2,0.2,0.2,"Sep 7, 1983",London,,United Kingdom ,NBA,2006-07
Admiral Schofield,4,2020,2024,131,1372.0,154,369,75.0,230.0,43,55,50.0,215.0,78,21.0,14.0,49.0,178,426,0.417,0.326,0.782,10.5,3.3,1.6,0.6,0.2,0.1,"Mar 30, 1997",London,,United Kingdom ,NBA,2019-20
Hasheem Thabeet,5,2010,2014,224,2357,182,321,0,0,119,206,203,595,27,59,184,123,453,483,0.567,,0.578,10.5,2.2,2.7,0.1,0.3,0.8,"Feb 16, 1987",Dar es Salaam,,United Republic of Tanzania ,NBA,2009-10
Esteban Batista,2,2006,2007,70,576,42,96,0,1,37,60,68,174,11,18,11,42,124,121,0.438,0.0,0.617,8.2,1.7,2.5,0.2,0.3,0.2,"Sep 2, 1983",Montevideo,,Uruguay ,NBA,2005-06
Óscar Torres,2,2002,2003,82,1184,151,377,44,139,96,125,50,134,43,29,11,57,73,442,0.401,0.317,0.768,14.4,5.4,1.6,0.5,0.4,0.1,"Dec 18, 1976",Caracas,,Venezuela ,NBA,2001-02
Greivis Vásquez,7,2011,2017,401,9520,1378,3297,412,1180,423,518,125,1021,1935,236,34,753,767,3591,0.418,0.349,0.817,23.7,9.0,2.5,4.8,0.6,0.1,"Jan 16, 1987",Caracas,,Venezuela ,NBA,2010-11
